id,seed_id,article_id,style,question,label_id,label_code,source,split,question_clean
0,c0-001,1,neutral,"Luật An toàn, vệ sinh lao động điều chỉnh những vấn đề gì?",0,QUY_DINH_CHUNG,synthetic,test,luật an_toàn vệ_sinh lao_động điều_chỉnh vấn_đề gì
1,c0-001,1,worker,Cái luật an toàn vệ sinh lao động đó nó quy định về mấy chuyện gì vậy anh?,0,QUY_DINH_CHUNG,synthetic,test,cái luật an_toàn vệ_sinh lao_động nó quy_định mấy chuyện gì
2,c0-001,1,hr,"Phạm vi điều chỉnh của Luật An toàn, vệ sinh lao động bao gồm những nội dung nào?",0,QUY_DINH_CHUNG,synthetic,test,phạm_vi điều_chỉnh luật an_toàn vệ_sinh lao_động bao_gồm nội_dung nào
3,c0-001,1,complaint,"Công ty cứ bảo luật an toàn lao động chẳng liên quan gì tới vụ của tôi, vậy rốt cuộc luật này quy định những gì?",0,QUY_DINH_CHUNG,synthetic,test,công_ty cứ bảo_luật an_toàn_lao_động chẳng liên_quan gì tới vụ rốt_cuộc luật quy_định gì
4,c0-001,1,short,Phạm vi điều chỉnh luật ATVSLĐ,0,QUY_DINH_CHUNG,synthetic,test,phạm_vi điều_chỉnh luật atvslđ
5,c0-002,2,neutral,"Người đang thử việc có thuộc đối tượng áp dụng của Luật An toàn, vệ sinh lao động không?",0,QUY_DINH_CHUNG,synthetic,train,người thử việc có thuộc đối_tượng áp_dụng luật an_toàn vệ_sinh lao_động không
6,c0-002,2,worker,"Em mới vô thử việc ở xưởng may được hai tuần, vậy luật an toàn lao động có áp cho em không?",0,QUY_DINH_CHUNG,synthetic,train,mới vô_thử việc xưởng may được hai tuần luật an_toàn_lao_động có áp không
7,c0-002,2,hr,"Đối với học viên học nghề, tập nghề và người thử việc tại doanh nghiệp, Luật An toàn, vệ sinh lao động có được áp dụng không?",0,QUY_DINH_CHUNG,synthetic,train,đối_với học_viên học nghề tập nghề người thử việc doanh_nghiệp luật an_toàn vệ_sinh lao_động có được áp_dụng không
8,c0-002,2,complaint,"Công ty nói tôi chỉ là người học việc nên không được luật an toàn lao động bảo vệ, như vậy có đúng không?",0,QUY_DINH_CHUNG,synthetic,train,công_ty nói chỉ người học việc nên không được luật an_toàn_lao_động bảo_vệ như_vậy có đúng không
9,c0-002,2,short,Thử việc có áp dụng luật ATVSLĐ?,0,QUY_DINH_CHUNG,synthetic,train,thử việc có áp_dụng luật atvslđ
10,c0-003,2,neutral,"Người lao động nước ngoài làm việc tại Việt Nam có chịu sự điều chỉnh của Luật An toàn, vệ sinh lao động không?",0,QUY_DINH_CHUNG,synthetic,train,người lao_động nước_ngoài làm_việc việt_nam có chịu sự điều_chỉnh luật an_toàn vệ_sinh lao_động không
11,c0-003,2,worker,Mấy ông kỹ sư Hàn Quốc làm chung nhà máy với tụi tôi thì có bị luật an toàn lao động Việt Nam áp dụng không?,0,QUY_DINH_CHUNG,synthetic,train,mấy ông kỹ_sư hàn_quốc làm chung nhà_máy tụi có luật an_toàn_lao_động việt_nam áp_dụng không
12,c0-003,2,hr,"Doanh nghiệp FDI có chuyên gia nước ngoài thì nhóm lao động này có thuộc đối tượng áp dụng Luật An toàn, vệ sinh lao động không?",0,QUY_DINH_CHUNG,synthetic,train,doanh_nghiệp fdi có chuyên_gia nước_ngoài nhóm lao_động có thuộc đối_tượng áp_dụng luật an_toàn vệ_sinh lao_động không
13,c0-003,2,complaint,"Sếp người nước ngoài bảo luật an toàn lao động Việt Nam chỉ dành cho người Việt, chuyện đó có đúng không?",0,QUY_DINH_CHUNG,synthetic,train,sếp người nước_ngoài bảo_luật an_toàn_lao_động việt_nam chỉ dành người việt chuyện có đúng không
14,c0-003,2,short,Lao động nước ngoài áp dụng luật ATVSLĐ?,0,QUY_DINH_CHUNG,synthetic,train,lao_động nước_ngoài áp_dụng luật atvslđ
15,c0-004,2,neutral,"Người lao động làm việc không theo hợp đồng lao động có thuộc đối tượng áp dụng của Luật An toàn, vệ sinh lao động không?",0,QUY_DINH_CHUNG,synthetic,test,người lao_động làm_việc không hợp_đồng lao_động có thuộc đối_tượng áp_dụng luật an_toàn vệ_sinh lao_động không
16,c0-004,2,worker,"Tôi làm thợ hồ tự do, không có ký hợp đồng gì hết, vậy luật an toàn lao động có tính tôi vào không?",0,QUY_DINH_CHUNG,synthetic,test,làm thợ_hồ tự_do không có ký hợp_đồng gì hết luật an_toàn_lao_động có tính không
17,c0-004,2,hr,"Lao động tự do không giao kết hợp đồng lao động có nằm trong nhóm đối tượng áp dụng của Luật An toàn, vệ sinh lao động không?",0,QUY_DINH_CHUNG,synthetic,test,lao_động tự_do không giao_kết hợp_đồng lao_động có nằm nhóm đối_tượng áp_dụng luật an_toàn vệ_sinh lao_động không
18,c0-004,2,complaint,"Chủ thầu nói tôi làm miệng không có hợp đồng nên luật an toàn lao động không áp dụng, vậy tôi có bị loại khỏi luật không?",0,QUY_DINH_CHUNG,synthetic,test,chủ_thầu nói làm miệng không có hợp_đồng nên luật an_toàn_lao_động không áp_dụng có loại khỏi luật không
19,c0-004,2,short,Lao động tự do có thuộc luật ATVSLĐ?,0,QUY_DINH_CHUNG,synthetic,test,lao_động tự_do có thuộc luật atvslđ
20,c0-005,3,neutral,"Theo luật, tai nạn lao động được hiểu như thế nào?",0,QUY_DINH_CHUNG,synthetic,train,luật tai_nạn lao_động được hiểu như_thế_nào
21,c0-005,3,worker,"Sao mới gọi là tai nạn lao động vậy, bị trầy tay lúc đang đứng máy có tính không?",0,QUY_DINH_CHUNG,synthetic,train,sao mới gọi_là tai_nạn lao_động trầy tay lúc đứng máy có tính không
22,c0-005,3,hr,"Khái niệm tai nạn lao động được Luật An toàn, vệ sinh lao động định nghĩa ra sao?",0,QUY_DINH_CHUNG,synthetic,train,khái_niệm tai_nạn lao_động được luật an_toàn vệ_sinh lao_động định_nghĩa sao
23,c0-005,3,complaint,"Tôi bị máy dập kẹp ngón tay trong ca làm mà công ty bảo đó không phải tai nạn lao động, vậy luật định nghĩa tai nạn lao động là gì?",0,QUY_DINH_CHUNG,synthetic,train,máy dập kẹp ngón tay ca làm công_ty bảo không phải tai_nạn lao_động luật_định_nghĩa tai_nạn lao_động gì
24,c0-005,3,short,Định nghĩa tai nạn lao động,0,QUY_DINH_CHUNG,synthetic,train,định_nghĩa tai_nạn lao_động
25,c0-006,3,neutral,"Bệnh nghề nghiệp là gì theo Luật An toàn, vệ sinh lao động?",0,QUY_DINH_CHUNG,synthetic,train,bệnh nghề_nghiệp gì luật an_toàn vệ_sinh lao_động
26,c0-006,3,worker,"Anh ơi bệnh nghề nghiệp nghĩa là bệnh kiểu gì, bệnh do hít bụi lâu năm trong xưởng có tính là bệnh nghề nghiệp không?",0,QUY_DINH_CHUNG,synthetic,train,bệnh nghề_nghiệp nghĩa_là bệnh kiểu gì bệnh do hít_bụi lâu năm xưởng có tính bệnh nghề_nghiệp không
27,c0-006,3,hr,Luật quy định khái niệm bệnh nghề nghiệp như thế nào để làm căn cứ phân biệt với bệnh thông thường?,0,QUY_DINH_CHUNG,synthetic,train,luật quy_định khái_niệm bệnh nghề_nghiệp như_thế_nào làm căn_cứ phân_biệt bệnh thông_thường
28,c0-006,3,complaint,"Công ty nói bệnh phổi của tôi chỉ là bệnh thường chứ không phải bệnh nghề nghiệp, vậy luật hiểu bệnh nghề nghiệp là bệnh gì?",0,QUY_DINH_CHUNG,synthetic,train,công_ty nói bệnh phổi chỉ bệnh thường chứ không phải bệnh nghề_nghiệp luật hiểu bệnh nghề_nghiệp bệnh gì
29,c0-006,3,short,Bệnh nghề nghiệp nghĩa là gì,0,QUY_DINH_CHUNG,synthetic,train,bệnh nghề_nghiệp nghĩa_là gì
30,c0-007,3,neutral,Yếu tố nguy hiểm trong quá trình lao động là gì?,0,QUY_DINH_CHUNG,synthetic,train,yếu_tố nguy_hiểm quá_trình lao_động gì
31,c0-007,3,worker,"Người ta hay nói yếu tố nguy hiểm ở xưởng, vậy cụ thể nó là cái gì?",0,QUY_DINH_CHUNG,synthetic,train,người ta nói yếu_tố nguy_hiểm xưởng cụ_thể nó cái gì
32,c0-007,3,hr,"Luật An toàn, vệ sinh lao động định nghĩa yếu tố nguy hiểm như thế nào?",0,QUY_DINH_CHUNG,synthetic,train,luật an_toàn vệ_sinh lao_động định_nghĩa yếu_tố nguy_hiểm như_thế_nào
33,c0-007,3,complaint,"Tổ trưởng bảo lưỡi cưa để hở không phải yếu tố nguy hiểm, vậy theo luật yếu tố nguy hiểm được hiểu là gì?",0,QUY_DINH_CHUNG,synthetic,train,tổ_trưởng bảo lưỡi cưa hở không phải yếu_tố nguy_hiểm luật yếu_tố nguy_hiểm được hiểu gì
34,c0-007,3,short,Khái niệm yếu tố nguy hiểm,0,QUY_DINH_CHUNG,synthetic,train,khái_niệm yếu_tố nguy_hiểm
35,c0-008,3,neutral,"Yếu tố có hại theo Luật An toàn, vệ sinh lao động được hiểu thế nào?",0,QUY_DINH_CHUNG,synthetic,train,yếu_tố có hại luật an_toàn vệ_sinh lao_động được hiểu
36,c0-008,3,worker,"Bụi với tiếng ồn trong xưởng dệt có được gọi là yếu tố có hại không, yếu tố có hại là sao?",0,QUY_DINH_CHUNG,synthetic,train,bụi tiếng ồn xưởng dệt có được gọi_là yếu_tố có hại không yếu_tố có hại sao
37,c0-008,3,hr,Đề nghị giải thích khái niệm yếu tố có hại trong môi trường lao động theo quy định của Luật.,0,QUY_DINH_CHUNG,synthetic,train,đề_nghị giải_thích khái_niệm yếu_tố có hại môi_trường lao_động quy_định luật
38,c0-008,3,complaint,"Công ty cãi rằng hơi dung môi chẳng phải yếu tố có hại, vậy luật định nghĩa yếu tố có hại ra sao?",0,QUY_DINH_CHUNG,synthetic,train,công_ty cãi hơi_dung môi chẳng phải yếu_tố có hại luật_định_nghĩa yếu_tố có hại sao
39,c0-008,3,short,Yếu tố có hại là gì,0,QUY_DINH_CHUNG,synthetic,train,yếu_tố có hại gì
40,c0-009,3,neutral,An toàn lao động và vệ sinh lao động khác nhau như thế nào?,0,QUY_DINH_CHUNG,synthetic,train,an_toàn_lao_động vệ_sinh lao_động khác nhau như_thế_nào
41,c0-009,3,worker,"An toàn lao động với vệ sinh lao động nghe na ná nhau, rốt cuộc khác nhau chỗ nào?",0,QUY_DINH_CHUNG,synthetic,train,an_toàn_lao_động vệ_sinh lao_động nghe na_ná nhau rốt_cuộc khác nhau chỗ nào
42,c0-009,3,hr,Phân biệt khái niệm an toàn lao động và vệ sinh lao động theo điều giải thích từ ngữ của Luật.,0,QUY_DINH_CHUNG,synthetic,train,phân_biệt khái_niệm an_toàn_lao_động vệ_sinh lao_động điều giải_thích từ_ngữ luật
43,c0-009,3,complaint,"Công ty chỉ lo an toàn lao động mà bỏ qua vệ sinh lao động, vậy hai khái niệm này luật giải thích khác nhau ra sao?",0,QUY_DINH_CHUNG,synthetic,train,công_ty chỉ lo an_toàn_lao_động bỏ_qua vệ_sinh lao_động hai khái_niệm luật giải_thích khác nhau sao
44,c0-009,3,short,An toàn khác vệ sinh lao động?,0,QUY_DINH_CHUNG,synthetic,train,an_toàn khác vệ_sinh lao_động
45,c0-010,3,neutral,"Thế nào là sự cố kỹ thuật gây mất an toàn, vệ sinh lao động nghiêm trọng?",0,QUY_DINH_CHUNG,synthetic,train,thế nào sự_cố kỹ_thuật gây mất an_toàn vệ_sinh lao_động nghiêm_trọng
46,c0-010,3,worker,"Nổ nồi hơi làm cả xưởng phải chạy ra thì có gọi là sự cố kỹ thuật nghiêm trọng không, sự cố nghiêm trọng là sao?",0,QUY_DINH_CHUNG,synthetic,train,nổ nồi_hơi làm cả xưởng phải chạy thì_có gọi_là sự_cố kỹ_thuật nghiêm_trọng không sự_cố nghiêm_trọng sao
47,c0-010,3,hr,"Tiêu chí để xác định một sự cố kỹ thuật gây mất an toàn, vệ sinh lao động là nghiêm trọng được luật giải thích như thế nào?",0,QUY_DINH_CHUNG,synthetic,train,tiêu_chí xác_định sự_cố kỹ_thuật gây mất an_toàn vệ_sinh lao_động nghiêm_trọng được luật giải_thích như_thế_nào
48,c0-010,3,complaint,"Bồn hóa chất rò rỉ lan sang cả khu dân cư mà công ty vẫn nói chỉ là sự cố nhỏ, vậy luật định nghĩa sự cố nghiêm trọng thế nào?",0,QUY_DINH_CHUNG,synthetic,train,bồn hóa_chất rò_rỉ lan sang cả khu dân_cư công_ty vẫn nói chỉ sự_cố nhỏ luật_định_nghĩa sự_cố nghiêm_trọng
49,c0-010,3,short,Định nghĩa sự cố kỹ thuật nghiêm trọng,0,QUY_DINH_CHUNG,synthetic,train,định_nghĩa sự_cố kỹ_thuật nghiêm_trọng
50,c0-011,3,neutral,Quan trắc môi trường lao động là gì?,0,QUY_DINH_CHUNG,synthetic,val,quan_trắc môi_trường lao_động gì
51,c0-011,3,worker,"Mấy người mang máy vô xưởng đo bụi, đo ồn, cái đó gọi là quan trắc môi trường lao động hả, nghĩa là gì vậy?",0,QUY_DINH_CHUNG,synthetic,val,mấy người mang máy vô_xưởng đo bụi_đo ồn_cái gọi_là quan_trắc môi_trường lao_động nghĩa_là gì
52,c0-011,3,hr,"Khái niệm quan trắc môi trường lao động được Luật An toàn, vệ sinh lao động giải thích như thế nào?",0,QUY_DINH_CHUNG,synthetic,val,khái_niệm quan_trắc môi_trường lao_động được luật an_toàn vệ_sinh lao_động giải_thích như_thế_nào
53,c0-011,3,complaint,"Công ty chỉ cho người đi nhìn qua rồi gọi là quan trắc môi trường, vậy theo luật quan trắc môi trường lao động thực chất là hoạt động gì?",0,QUY_DINH_CHUNG,synthetic,val,công_ty chỉ người đi nhìn qua gọi_là quan_trắc môi_trường luật quan_trắc môi_trường lao_động thực_chất hoạt_động gì
54,c0-011,3,short,Định nghĩa quan trắc môi trường lao động,0,QUY_DINH_CHUNG,synthetic,val,định_nghĩa quan_trắc môi_trường lao_động
55,c0-012,4,neutral,"Nhà nước có những chính sách gì về an toàn, vệ sinh lao động?",0,QUY_DINH_CHUNG,synthetic,train,nhà_nước có chính_sách gì an_toàn vệ_sinh lao_động
56,c0-012,4,worker,Nhà nước có chính sách gì để lo cho an toàn của dân lao động tụi tôi không?,0,QUY_DINH_CHUNG,synthetic,train,nhà_nước có chính_sách gì lo an_toàn dân lao_động tụi không
57,c0-012,4,hr,"Chính sách của Nhà nước về an toàn, vệ sinh lao động được Luật quy định gồm những nội dung nào?",0,QUY_DINH_CHUNG,synthetic,train,chính_sách nhà_nước an_toàn vệ_sinh lao_động được luật quy_định gồm nội_dung nào
58,c0-012,4,complaint,"Doanh nghiệp nhỏ như chúng tôi than chẳng được hỗ trợ gì, vậy Nhà nước có chính sách nào về an toàn, vệ sinh lao động không?",0,QUY_DINH_CHUNG,synthetic,train,doanh_nghiệp nhỏ chúng_tôi than chẳng được hỗ_trợ gì nhà_nước có chính_sách nào an_toàn vệ_sinh lao_động không
59,c0-012,4,short,Chính sách nhà nước về ATVSLĐ,0,QUY_DINH_CHUNG,synthetic,train,chính_sách nhà_nước atvslđ
60,c0-013,4,neutral,Nhà nước có chính sách hỗ trợ phòng ngừa tai nạn lao động cho các ngành có nguy cơ cao không?,0,QUY_DINH_CHUNG,synthetic,train,nhà_nước có chính_sách hỗ_trợ phòng_ngừa tai_nạn lao_động ngành có nguy_cơ cao không
61,c0-013,4,worker,"Ngành mỏ với xây dựng hay có người chết, nhà nước có chính sách hỗ trợ phòng tai nạn cho mấy ngành này không?",0,QUY_DINH_CHUNG,synthetic,train,ngành mỏ xây_dựng có người chết nhà_nước có chính_sách hỗ_trợ phòng tai_nạn mấy ngành không
62,c0-013,4,hr,"Chính sách hỗ trợ của Nhà nước đối với ngành, lĩnh vực có nguy cơ cao về tai nạn lao động, bệnh nghề nghiệp được quy định thế nào?",0,QUY_DINH_CHUNG,synthetic,train,chính_sách hỗ_trợ nhà_nước đối_với ngành lĩnh_vực có nguy_cơ cao tai_nạn lao_động bệnh nghề_nghiệp được quy_định
63,c0-013,4,complaint,"Chúng tôi làm khai khoáng rủi ro cao mà chưa thấy Nhà nước có chính sách gì, luật có nói Nhà nước hỗ trợ phòng ngừa cho ngành này không?",0,QUY_DINH_CHUNG,synthetic,train,chúng_tôi làm khai_khoáng rủi_ro cao chưa thấy nhà_nước có chính_sách gì luật có nói nhà_nước hỗ_trợ phòng_ngừa ngành không
64,c0-013,4,short,Nhà nước hỗ trợ ngành nguy cơ cao,0,QUY_DINH_CHUNG,synthetic,train,nhà_nước hỗ_trợ ngành nguy_cơ cao
65,c0-014,5,neutral,"Những nguyên tắc bảo đảm an toàn, vệ sinh lao động là gì?",0,QUY_DINH_CHUNG,synthetic,train,nguyên_tắc bảo_đảm an_toàn vệ_sinh lao_động gì
66,c0-014,5,worker,Làm an toàn lao động thì phải theo mấy nguyên tắc gì vậy?,0,QUY_DINH_CHUNG,synthetic,train,làm an_toàn_lao_động phải mấy nguyên_tắc gì
67,c0-014,5,hr,"Luật quy định các nguyên tắc cơ bản nào trong công tác bảo đảm an toàn, vệ sinh lao động?",0,QUY_DINH_CHUNG,synthetic,train,luật quy_định nguyên_tắc cơ_bản nào công_tác bảo_đảm an_toàn vệ_sinh lao_động
68,c0-014,5,complaint,"Công ty làm an toàn lao động kiểu đối phó, vậy luật đặt ra nguyên tắc gì mà họ phải tuân theo?",0,QUY_DINH_CHUNG,synthetic,train,công_ty làm an_toàn_lao_động kiểu đối_phó luật đặt nguyên_tắc gì họ phải tuân
69,c0-014,5,short,Nguyên tắc bảo đảm ATVSLĐ,0,QUY_DINH_CHUNG,synthetic,train,nguyên_tắc bảo_đảm atvslđ
70,c0-015,5,neutral,"Trong bảo đảm an toàn, vệ sinh lao động, biện pháp nào được ưu tiên theo nguyên tắc của luật?",0,QUY_DINH_CHUNG,synthetic,train,bảo_đảm an_toàn vệ_sinh lao_động biện_pháp nào được ưu_tiên nguyên_tắc luật
71,c0-015,5,worker,Luật có nói là phải lo phòng ngừa trước chứ không phải đợi xảy ra tai nạn mới xử lý không?,0,QUY_DINH_CHUNG,synthetic,train,luật có nói phải lo phòng_ngừa trước chứ không phải đợi xảy tai_nạn mới xử_lý không
72,c0-015,5,hr,"Nguyên tắc ưu tiên các biện pháp phòng ngừa, loại trừ, kiểm soát yếu tố nguy hiểm, yếu tố có hại được luật quy định như thế nào?",0,QUY_DINH_CHUNG,synthetic,train,nguyên_tắc ưu_tiên biện_pháp phòng_ngừa loại_trừ kiểm_soát yếu_tố nguy_hiểm yếu_tố có hại được luật quy_định như_thế_nào
73,c0-015,5,complaint,"Công ty toàn đợi có người bị thương rồi mới xử lý, luật có nguyên tắc nào buộc ưu tiên phòng ngừa, loại trừ nguy cơ không?",0,QUY_DINH_CHUNG,synthetic,train,công_ty toàn_đợi có người bị_thương mới xử_lý luật có nguyên_tắc nào buộc ưu_tiên phòng_ngừa loại_trừ nguy_cơ không
74,c0-015,5,short,Nguyên tắc ưu tiên phòng ngừa,0,QUY_DINH_CHUNG,synthetic,train,nguyên_tắc ưu_tiên phòng_ngừa
75,c0-016,6,neutral,Người lao động có quyền từ chối làm công việc có nguy cơ tai nạn đe dọa tính mạng mà vẫn được trả đủ lương không?,0,QUY_DINH_CHUNG,synthetic,train,người lao_động có quyền từ_chối làm công_việc có nguy_cơ tai_nạn đe_dọa tính_mạng vẫn được trả đủ lương không
76,c0-016,6,worker,"Giàn giáo lung lay muốn sập, tôi không chịu leo lên thì có bị trừ lương không?",0,QUY_DINH_CHUNG,synthetic,train,giàn_giáo lung_lay muốn sập không chịu leo có trừ lương không
77,c0-016,6,hr,Trường hợp người lao động từ chối làm việc khi thấy rõ nguy cơ tai nạn đe dọa nghiêm trọng tính mạng thì quyền lợi tiền lương được xử lý thế nào?,0,QUY_DINH_CHUNG,synthetic,train,trường_hợp người lao_động từ_chối làm_việc khi thấy rõ nguy_cơ tai_nạn đe_dọa nghiêm_trọng tính_mạng quyền_lợi tiền_lương được xử_lý
78,c0-016,6,complaint,"Tôi không chịu xuống hầm lò đang có khí độc nên bị sếp dọa trừ lương, chuyện đó có đúng luật không?",0,QUY_DINH_CHUNG,synthetic,train,không chịu hầm_lò có khí độc nên sếp dọa_trừ lương chuyện có đúng luật không
79,c0-016,6,short,Từ chối việc nguy hiểm có được lương?,0,QUY_DINH_CHUNG,synthetic,train,từ_chối việc nguy_hiểm có được lương
80,c0-017,6,neutral,"Khi rời khỏi nơi làm việc vì thấy nguy hiểm đến tính mạng, người lao động phải báo cáo cho ai?",0,QUY_DINH_CHUNG,synthetic,train,khi rời khỏi nơi làm_việc vì thấy nguy_hiểm đến tính_mạng người lao_động phải báo_cáo ai
81,c0-017,6,worker,"Thấy dây điện chập tóe lửa tôi bỏ chạy ra ngoài, vậy tôi phải báo cho ai thì mới không bị coi là tự ý bỏ việc?",0,QUY_DINH_CHUNG,synthetic,train,thấy dây_điện chập_tóe lửa bỏ chạy ngoài phải báo ai mới không coi tự_ý bỏ việc
82,c0-017,6,hr,Người lao động thực hiện quyền rời bỏ nơi làm việc nguy hiểm có nghĩa vụ báo ngay cho ai để có phương án xử lý?,0,QUY_DINH_CHUNG,synthetic,train,người lao_động thực_hiện quyền rời bỏ nơi làm_việc nguy_hiểm có nghĩa_vụ báo ngay ai có phương_án xử_lý
83,c0-017,6,complaint,"Tôi rời chỗ làm vì máy bốc khói, quản đốc bảo tôi vi phạm kỷ luật vì không báo, vậy luật bắt tôi phải báo cho ai?",0,QUY_DINH_CHUNG,synthetic,train,rời chỗ làm vì máy bốc khói quản_đốc bảo vi_phạm kỷ_luật vì không báo luật bắt phải báo ai
84,c0-017,6,short,Rời nơi làm nguy hiểm báo ai?,0,QUY_DINH_CHUNG,synthetic,train,rời nơi làm nguy_hiểm báo ai
85,c0-018,6,neutral,"Sau khi điều trị ổn định tai nạn lao động, người lao động có quyền yêu cầu công ty bố trí công việc phù hợp không?",0,QUY_DINH_CHUNG,synthetic,train,sau khi điều_trị ổn_định tai_nạn lao_động người lao_động có quyền yêu_cầu công_ty bố_trí công_việc phù_hợp không
86,c0-018,6,worker,"Tôi bị gãy chân do tai nạn ở xưởng, giờ lành rồi mà đứng máy không nổi, có được xin sếp đổi việc nhẹ hơn không?",0,QUY_DINH_CHUNG,synthetic,train,gãy chân do tai_nạn xưởng giờ lành đứng máy không nổi có được sếp_đổi việc nhẹ hơn không
87,c0-018,6,hr,"Quyền yêu cầu bố trí công việc phù hợp của người lao động sau khi điều trị ổn định tai nạn lao động, bệnh nghề nghiệp được quy định ra sao?",0,QUY_DINH_CHUNG,synthetic,train,quyền yêu_cầu bố_trí công_việc phù_hợp người lao_động sau khi điều_trị ổn_định tai_nạn lao_động bệnh nghề_nghiệp được quy_định sao
88,c0-018,6,complaint,"Điều trị bệnh nghề nghiệp xong tôi xin chuyển việc nhẹ nhưng công ty không chịu, tôi có quyền yêu cầu không?",0,QUY_DINH_CHUNG,synthetic,train,điều_trị bệnh nghề_nghiệp xong chuyển việc nhẹ công_ty không chịu có quyền yêu_cầu không
89,c0-018,6,short,Xin đổi việc phù hợp sau tai nạn,0,QUY_DINH_CHUNG,synthetic,train,đổi việc phù_hợp sau tai_nạn
90,c0-019,6,neutral,"Người lao động làm việc theo hợp đồng có những nghĩa vụ gì về an toàn, vệ sinh lao động?",0,QUY_DINH_CHUNG,synthetic,val,người lao_động làm_việc hợp_đồng có nghĩa_vụ gì an_toàn vệ_sinh lao_động
91,c0-019,6,worker,Đi làm công nhân thì mình có trách nhiệm gì về an toàn lao động vậy?,0,QUY_DINH_CHUNG,synthetic,val,đi làm công_nhân có trách_nhiệm gì an_toàn_lao_động
92,c0-019,6,hr,"Đề nghị nêu các nghĩa vụ về an toàn, vệ sinh lao động của người lao động có giao kết hợp đồng lao động.",0,QUY_DINH_CHUNG,synthetic,val,đề_nghị nêu nghĩa_vụ an_toàn vệ_sinh lao_động người lao_động có giao_kết hợp_đồng lao_động
93,c0-019,6,complaint,"Có tai nạn là công ty đổ hết lỗi cho công nhân, vậy nghĩa vụ an toàn của người lao động theo luật thực ra gồm những gì?",0,QUY_DINH_CHUNG,synthetic,val,có tai_nạn công_ty đổ hết lỗi công_nhân nghĩa_vụ an_toàn người lao_động luật thực_ra gồm gì
94,c0-019,6,short,Nghĩa vụ ATVSLĐ của người lao động,0,QUY_DINH_CHUNG,synthetic,val,nghĩa_vụ atvslđ người lao_động
95,c0-020,6,neutral,"Người lao động làm việc không theo hợp đồng lao động có những quyền gì về an toàn, vệ sinh lao động?",0,QUY_DINH_CHUNG,synthetic,train,người lao_động làm_việc không hợp_đồng lao_động có quyền gì an_toàn vệ_sinh lao_động
96,c0-020,6,worker,"Tôi chạy xe ôm với làm thuê tự do, vậy tôi có quyền lợi gì về an toàn lao động không?",0,QUY_DINH_CHUNG,synthetic,train,chạy xe_ôm làm_thuê tự_do_vậy có quyền_lợi gì an_toàn_lao_động không
97,c0-020,6,hr,"Quyền về an toàn, vệ sinh lao động của lao động tự do, không giao kết hợp đồng lao động được luật quy định như thế nào?",0,QUY_DINH_CHUNG,synthetic,train,quyền an_toàn vệ_sinh lao_động lao_động tự_do không giao_kết hợp_đồng lao_động được luật quy_định như_thế_nào
98,c0-020,6,complaint,"Người ta bảo làm tự do thì chẳng có quyền gì về an toàn lao động, luật có công nhận quyền nào cho tôi không?",0,QUY_DINH_CHUNG,synthetic,train,người ta bảo làm tự_do chẳng có quyền gì an_toàn_lao_động luật có công_nhận quyền nào không
99,c0-020,6,short,Quyền của lao động không hợp đồng,0,QUY_DINH_CHUNG,synthetic,train,quyền lao_động không hợp_đồng
100,c0-021,6,neutral,"Người lao động không có hợp đồng lao động có nghĩa vụ gì về an toàn, vệ sinh lao động?",0,QUY_DINH_CHUNG,synthetic,train,người lao_động không có hợp_đồng lao_động có nghĩa_vụ gì an_toàn vệ_sinh lao_động
101,c0-021,6,worker,Làm thợ điện tự do nhận việc lẻ thì tôi phải tự chịu trách nhiệm an toàn cho mình với người xung quanh hả?,0,QUY_DINH_CHUNG,synthetic,train,làm thợ điện tự_do nhận việc lẻ phải tự chịu trách_nhiệm an_toàn người xung_quanh
102,c0-021,6,hr,"Nghĩa vụ về an toàn, vệ sinh lao động của người lao động làm việc không theo hợp đồng lao động gồm những gì?",0,QUY_DINH_CHUNG,synthetic,train,nghĩa_vụ an_toàn vệ_sinh lao_động người lao_động làm_việc không hợp_đồng lao_động gồm gì
103,c0-021,6,complaint,"Hàng xóm trách tôi làm hàn tự do gây nguy hiểm cho họ, vậy luật bắt người làm tự do có nghĩa vụ gì về an toàn?",0,QUY_DINH_CHUNG,synthetic,train,hàng_xóm trách làm hàn tự_do gây nguy_hiểm họ luật bắt người làm tự_do có nghĩa_vụ gì an_toàn
104,c0-021,6,short,Nghĩa vụ an toàn lao động tự do,0,QUY_DINH_CHUNG,synthetic,train,nghĩa_vụ an_toàn_lao_động tự_do
105,c0-022,6,neutral,"Người lao động có quyền khiếu nại, tố cáo hoặc khởi kiện về an toàn, vệ sinh lao động không?",0,QUY_DINH_CHUNG,synthetic,train,người lao_động có quyền khiếu_nại tố_cáo khởi_kiện an_toàn vệ_sinh lao_động không
106,c0-022,6,worker,"Công ty để xưởng mất an toàn hoài, tôi có được quyền đi thưa kiện không?",0,QUY_DINH_CHUNG,synthetic,train,công_ty xưởng mất an_toàn hoài có được quyền đi thưa_kiện không
107,c0-022,6,hr,"Người lao động có những quyền khiếu nại, tố cáo, khởi kiện nào khi quyền về an toàn, vệ sinh lao động bị vi phạm?",0,QUY_DINH_CHUNG,synthetic,train,người lao_động có quyền khiếu_nại tố_cáo khởi_kiện nào khi quyền an_toàn vệ_sinh lao_động vi_phạm
108,c0-022,6,complaint,"Công ty không chịu sửa hệ thống điện rò rỉ dù tôi báo nhiều lần, tôi có kiện công ty được không?",0,QUY_DINH_CHUNG,synthetic,train,công_ty không chịu sửa hệ_thống điện rò_rỉ dù báo nhiều lần có kiện công_ty được không
109,c0-022,6,short,Người lao động có được khởi kiện?,0,QUY_DINH_CHUNG,synthetic,train,người lao_động có được khởi_kiện
110,c0-023,7,neutral,"Người sử dụng lao động có những quyền gì về an toàn, vệ sinh lao động?",0,QUY_DINH_CHUNG,synthetic,train,người sử_dụng lao_động có quyền gì an_toàn vệ_sinh lao_động
111,c0-023,7,worker,Chủ xưởng thì có quyền gì với công nhân về chuyện an toàn lao động?,0,QUY_DINH_CHUNG,synthetic,train,chủ xưởng có quyền gì công_nhân chuyện an_toàn_lao_động
112,c0-023,7,hr,"Quyền của người sử dụng lao động trong công tác an toàn, vệ sinh lao động được luật quy định như thế nào?",0,QUY_DINH_CHUNG,synthetic,train,quyền người sử_dụng lao_động công_tác an_toàn vệ_sinh lao_động được luật quy_định như_thế_nào
113,c0-023,7,complaint,"Chủ doanh nghiệp tôi than luật chỉ toàn nghĩa vụ, vậy doanh nghiệp có quyền gì về an toàn lao động không?",0,QUY_DINH_CHUNG,synthetic,train,chủ doanh_nghiệp than luật chỉ toàn nghĩa_vụ doanh_nghiệp có quyền gì an_toàn_lao_động không
114,c0-023,7,short,Quyền của người sử dụng lao động,0,QUY_DINH_CHUNG,synthetic,train,quyền người sử_dụng lao_động
115,c0-024,7,neutral,"Công ty có được kỷ luật người lao động vi phạm quy định an toàn, vệ sinh lao động không?",0,QUY_DINH_CHUNG,synthetic,test,công_ty có được kỷ_luật người lao_động vi_phạm quy_định an_toàn vệ_sinh lao_động không
116,c0-024,7,worker,"Tôi hút thuốc gần kho xăng bị sếp ghi biên bản kỷ luật, sếp có quyền làm vậy không?",0,QUY_DINH_CHUNG,synthetic,test,hút thuốc gần kho xăng sếp ghi biên_bản kỷ_luật sếp có quyền làm_vậy không
117,c0-024,7,hr,"Người sử dụng lao động có quyền khen thưởng và xử lý kỷ luật người lao động trong việc chấp hành an toàn, vệ sinh lao động hay không?",0,QUY_DINH_CHUNG,synthetic,test,người sử_dụng lao_động có quyền khen_thưởng xử_lý kỷ_luật người lao_động việc chấp_hành an_toàn vệ_sinh lao_động không
118,c0-024,7,complaint,"Tôi quên móc dây an toàn một lần mà bị kỷ luật, công ty có quyền kỷ luật vì chuyện an toàn không?",0,QUY_DINH_CHUNG,synthetic,test,quên móc dây an_toàn lần kỷ_luật công_ty có quyền kỷ_luật vì chuyện an_toàn không
119,c0-024,7,short,Kỷ luật vi phạm an toàn lao động,0,QUY_DINH_CHUNG,synthetic,test,kỷ_luật vi_phạm an_toàn_lao_động
120,c0-025,7,neutral,Công ty có quyền huy động người lao động tham gia ứng cứu khẩn cấp khi xảy ra sự cố không?,0,QUY_DINH_CHUNG,synthetic,test,công_ty có quyền huy_động người lao_động tham_gia ứng_cứu khẩn_cấp khi xảy sự_cố không
121,c0-025,7,worker,"Kho cháy mà sếp gọi cả tổ ra phụ chữa cháy, sếp có quyền bắt vậy không?",0,QUY_DINH_CHUNG,synthetic,test,kho cháy sếp gọi cả tổ phụ chữa_cháy sếp có quyền bắt không
122,c0-025,7,hr,"Quyền huy động người lao động tham gia ứng cứu khẩn cấp, khắc phục sự cố, tai nạn lao động của người sử dụng lao động được quy định ở đâu?",0,QUY_DINH_CHUNG,synthetic,test,quyền huy_động người lao_động tham_gia ứng_cứu khẩn_cấp khắc_phục sự_cố tai_nạn lao_động người sử_dụng lao_động được quy_định đâu
123,c0-025,7,complaint,"Công ty bắt tôi đang nghỉ ca cũng phải vào khắc phục vụ sập kho, công ty có quyền huy động như vậy không?",0,QUY_DINH_CHUNG,synthetic,test,công_ty bắt nghỉ_ca phải khắc_phục_vụ sập kho công_ty có quyền huy_động như_vậy không
124,c0-025,7,short,Công ty huy động người ứng cứu,0,QUY_DINH_CHUNG,synthetic,test,công_ty huy_động người ứng_cứu
125,c0-026,7,neutral,"Khi xây dựng nội quy an toàn, vệ sinh lao động, công ty có phải lấy ý kiến công đoàn cơ sở không?",0,QUY_DINH_CHUNG,synthetic,val,khi xây_dựng nội_quy_an_toàn vệ_sinh lao_động công_ty có phải lấy ý_kiến công_đoàn cơ_sở không
126,c0-026,7,worker,"Sếp tự ra nội quy an toàn rồi dán lên, không hỏi công đoàn gì hết, vậy có được không?",0,QUY_DINH_CHUNG,synthetic,val,sếp tự nội_quy an_toàn dán không công_đoàn gì hết có được không
127,c0-026,7,hr,"Người sử dụng lao động có nghĩa vụ lấy ý kiến Ban chấp hành công đoàn cơ sở khi xây dựng kế hoạch, nội quy, quy trình an toàn không?",0,QUY_DINH_CHUNG,synthetic,val,người sử_dụng lao_động có nghĩa_vụ lấy ý_kiến ban_chấp_hành công_đoàn cơ_sở khi xây_dựng kế_hoạch nội_quy quy_trình an_toàn không
128,c0-026,7,complaint,"Công ty ban hành quy trình an toàn mới mà không hỏi ý kiến công đoàn, chúng tôi có phản đối được không?",0,QUY_DINH_CHUNG,synthetic,val,công_ty ban_hành quy_trình an_toàn mới không ý_kiến công_đoàn chúng_tôi có phản_đối được không
129,c0-026,7,short,Nội quy an toàn có hỏi công đoàn?,0,QUY_DINH_CHUNG,synthetic,val,nội_quy_an_toàn có công_đoàn
130,c0-027,7,neutral,"Người sử dụng lao động có những nghĩa vụ gì về an toàn, vệ sinh lao động?",0,QUY_DINH_CHUNG,synthetic,train,người sử_dụng lao_động có nghĩa_vụ gì an_toàn vệ_sinh lao_động
131,c0-027,7,worker,Chủ xưởng phải lo cho công nhân những gì về an toàn lao động?,0,QUY_DINH_CHUNG,synthetic,train,chủ xưởng phải lo công_nhân gì an_toàn_lao_động
132,c0-027,7,hr,"Đề nghị liệt kê các nghĩa vụ chung về an toàn, vệ sinh lao động của người sử dụng lao động theo luật.",0,QUY_DINH_CHUNG,synthetic,train,đề_nghị liệt_kê nghĩa_vụ chung an_toàn vệ_sinh lao_động người sử_dụng lao_động luật
133,c0-027,7,complaint,"Công ty tôi chẳng làm gì về an toàn lao động hết, vậy luật bắt doanh nghiệp có những nghĩa vụ nào?",0,QUY_DINH_CHUNG,synthetic,train,công_ty chẳng làm gì an_toàn_lao_động hết luật bắt doanh_nghiệp có nghĩa_vụ nào
134,c0-027,7,short,Nghĩa vụ của doanh nghiệp về ATVSLĐ,0,QUY_DINH_CHUNG,synthetic,train,nghĩa_vụ doanh_nghiệp atvslđ
135,c0-028,8,neutral,"Mặt trận Tổ quốc Việt Nam có trách nhiệm gì trong công tác an toàn, vệ sinh lao động?",0,QUY_DINH_CHUNG,synthetic,train,mặt_trận tổ_quốc việt_nam có trách_nhiệm gì công_tác an_toàn vệ_sinh lao_động
136,c0-028,8,worker,Mặt trận Tổ quốc với mấy hội đoàn thể thì có dính gì tới chuyện an toàn lao động không?,0,QUY_DINH_CHUNG,synthetic,train,mặt_trận tổ_quốc mấy hội đoàn_thể có dính gì tới chuyện an_toàn_lao_động không
137,c0-028,8,hr,"Quyền và trách nhiệm của Mặt trận Tổ quốc Việt Nam, các tổ chức thành viên và tổ chức xã hội trong lĩnh vực an toàn, vệ sinh lao động là gì?",0,QUY_DINH_CHUNG,synthetic,train,quyền trách_nhiệm mặt_trận tổ_quốc_việt_nam tổ_chức thành_viên tổ_chức xã_hội lĩnh_vực an_toàn vệ_sinh lao_động gì
138,c0-028,8,complaint,"Tôi muốn nhờ Mặt trận Tổ quốc phản ánh chuyện xưởng mất an toàn, luật có giao cho Mặt trận quyền kiến nghị xử lý vi phạm không?",0,QUY_DINH_CHUNG,synthetic,train,muốn nhờ mặt_trận tổ_quốc phản_ánh chuyện xưởng mất an_toàn luật có giao mặt_trận quyền kiến_nghị xử_lý vi_phạm không
139,c0-028,8,short,Vai trò Mặt trận Tổ quốc về ATVSLĐ,0,QUY_DINH_CHUNG,synthetic,train,vai_trò mặt_trận tổ_quốc atvslđ
140,c0-029,9,neutral,"Tổ chức công đoàn có được đại diện người lao động khởi kiện khi quyền về an toàn, vệ sinh lao động bị xâm phạm không?",0,QUY_DINH_CHUNG,synthetic,val,tổ_chức công_đoàn có được đại_diện người lao_động khởi_kiện khi quyền an_toàn vệ_sinh lao_động xâm_phạm không
141,c0-029,9,worker,"Tôi không rành chuyện kiện tụng, công đoàn có đứng ra kiện công ty giùm tôi được không?",0,QUY_DINH_CHUNG,synthetic,val,không rành chuyện kiện_tụng công_đoàn có đứng kiện công_ty giùm được không
142,c0-029,9,hr,"Điều kiện để tổ chức công đoàn đại diện cho người lao động khởi kiện về an toàn, vệ sinh lao động là gì?",0,QUY_DINH_CHUNG,synthetic,val,điều_kiện tổ_chức công_đoàn đại_diện người lao_động khởi_kiện an_toàn vệ_sinh lao_động gì
143,c0-029,9,complaint,"Cả tổ bị công ty bắt làm trong môi trường độc hại, công đoàn có quyền đại diện tập thể kiện công ty không?",0,QUY_DINH_CHUNG,synthetic,val,cả tổ công_ty bắt làm môi_trường độc_hại công_đoàn có quyền đại_diện tập_thể kiện công_ty không
144,c0-029,9,short,Công đoàn kiện thay người lao động,0,QUY_DINH_CHUNG,synthetic,val,công_đoàn kiện thay người lao_động
145,c0-030,9,neutral,"Tổ chức công đoàn có quyền tham gia xây dựng chính sách, pháp luật về an toàn, vệ sinh lao động không?",0,QUY_DINH_CHUNG,synthetic,train,tổ_chức công_đoàn có quyền tham_gia xây_dựng chính_sách pháp_luật an_toàn vệ_sinh lao_động không
146,c0-030,9,worker,Công đoàn có được góp ý vô luật an toàn lao động của nhà nước không?,0,QUY_DINH_CHUNG,synthetic,train,công_đoàn có được góp_ý vô_luật an_toàn_lao_động nhà_nước không
147,c0-030,9,hr,"Vai trò của tổ chức công đoàn trong việc tham gia xây dựng, kiến nghị sửa đổi chính sách, pháp luật về an toàn, vệ sinh lao động như thế nào?",0,QUY_DINH_CHUNG,synthetic,train,vai_trò tổ_chức công_đoàn việc tham_gia xây_dựng kiến_nghị sửa_đổi chính_sách pháp_luật an_toàn vệ_sinh lao_động như_thế_nào
148,c0-030,9,complaint,"Chúng tôi thấy quy định an toàn cho ngành may còn thiếu, công đoàn có quyền kiến nghị Nhà nước sửa luật không?",0,QUY_DINH_CHUNG,synthetic,train,chúng_tôi thấy quy_định an_toàn ngành may còn thiếu công_đoàn có quyền kiến_nghị nhà_nước sửa luật không
149,c0-030,9,short,Công đoàn góp ý chính sách ATVSLĐ,0,QUY_DINH_CHUNG,synthetic,train,công_đoàn góp_ý chính_sách atvslđ
150,c0-031,10,neutral,Nếu công ty không khai báo tai nạn lao động thì công đoàn cơ sở có trách nhiệm gì?,0,QUY_DINH_CHUNG,synthetic,train,nếu công_ty không khai_báo tai_nạn lao_động công_đoàn cơ_sở có trách_nhiệm gì
151,c0-031,10,worker,"Đồng nghiệp tôi bị máy cán dập tay mà sếp im luôn không khai báo, công đoàn công ty phải làm gì?",0,QUY_DINH_CHUNG,synthetic,train,đồng_nghiệp máy_cán dập tay sếp im luôn không khai_báo công_đoàn công_ty phải làm gì
152,c0-031,10,hr,"Trường hợp người sử dụng lao động không thực hiện nghĩa vụ khai báo tai nạn lao động, trách nhiệm của công đoàn cơ sở được quy định ra sao?",0,QUY_DINH_CHUNG,synthetic,train,trường_hợp người sử_dụng lao_động không thực_hiện nghĩa_vụ khai_báo tai_nạn lao_động trách_nhiệm công_đoàn cơ_sở được quy_định sao
153,c0-031,10,complaint,"Công ty giấu vụ tai nạn ở xưởng, công đoàn cơ sở có phải báo lên cơ quan nhà nước không?",0,QUY_DINH_CHUNG,synthetic,train,công_ty giấu vụ tai_nạn xưởng công_đoàn cơ_sở có phải báo cơ_quan nhà_nước không
154,c0-031,10,short,"Giấu tai nạn, công đoàn phải làm gì?",0,QUY_DINH_CHUNG,synthetic,train,giấu tai_nạn công_đoàn phải làm gì
155,c0-032,10,neutral,"Doanh nghiệp chưa có công đoàn cơ sở thì ai thực hiện quyền, trách nhiệm về an toàn, vệ sinh lao động thay công đoàn?",0,QUY_DINH_CHUNG,synthetic,val,doanh_nghiệp chưa có công_đoàn cơ_sở ai thực_hiện quyền trách_nhiệm an_toàn vệ_sinh lao_động thay công_đoàn
156,c0-032,10,worker,"Xưởng tôi nhỏ, không có công đoàn, vậy có ai đứng ra bảo vệ công nhân chuyện an toàn không?",0,QUY_DINH_CHUNG,synthetic,val,xưởng nhỏ không có công_đoàn có ai đứng bảo_vệ công_nhân chuyện an_toàn không
157,c0-032,10,hr,"Tại cơ sở sản xuất, kinh doanh chưa thành lập công đoàn cơ sở, tổ chức nào thực hiện quyền, trách nhiệm của công đoàn cơ sở về an toàn, vệ sinh lao động?",0,QUY_DINH_CHUNG,synthetic,val,cơ_sở sản_xuất kinh_doanh chưa thành_lập công_đoàn cơ_sở tổ_chức nào thực_hiện quyền trách_nhiệm công_đoàn cơ_sở an_toàn vệ_sinh lao_động
158,c0-032,10,complaint,"Công ty không cho lập công đoàn nên chúng tôi không biết nhờ ai, luật có cho công đoàn cấp trên đứng ra thay không?",0,QUY_DINH_CHUNG,synthetic,val,công_ty không lập công_đoàn nên chúng_tôi không biết nhờ ai luật có công_đoàn cấp đứng thay không
159,c0-032,10,short,Không có công đoàn cơ sở thì sao?,0,QUY_DINH_CHUNG,synthetic,val,không có công_đoàn cơ_sở sao
160,c0-033,11,neutral,"Hội nông dân Việt Nam có quyền và trách nhiệm gì về an toàn, vệ sinh lao động?",0,QUY_DINH_CHUNG,synthetic,train,hội nông_dân việt_nam có quyền trách_nhiệm gì an_toàn vệ_sinh lao_động
161,c0-033,11,worker,"Bà con phun thuốc sâu hay bị ngộ độc, vậy Hội nông dân có vai trò gì trong chuyện an toàn lao động cho nông dân?",0,QUY_DINH_CHUNG,synthetic,train,bà_con phun thuốc_sâu ngộ_độc hội nông_dân có vai_trò gì chuyện an_toàn_lao_động nông_dân
162,c0-033,11,hr,"Luật quy định quyền, trách nhiệm của Hội nông dân Việt Nam trong công tác an toàn, vệ sinh lao động cho nông dân như thế nào?",0,QUY_DINH_CHUNG,synthetic,train,luật quy_định quyền trách_nhiệm hội nông_dân việt_nam công_tác an_toàn vệ_sinh lao_động nông_dân như_thế_nào
163,c0-033,11,complaint,"Nông dân bị tai nạn khi chạy máy tuốt lúa mà không ai điều tra, Hội nông dân có được tham gia điều tra không?",0,QUY_DINH_CHUNG,synthetic,train,nông_dân tai_nạn khi chạy máy tuốt lúa không ai điều_tra hội nông_dân có được tham_gia điều_tra không
164,c0-033,11,short,Trách nhiệm Hội nông dân về ATVSLĐ,0,QUY_DINH_CHUNG,synthetic,train,trách_nhiệm hội nông_dân atvslđ
165,c0-034,12,neutral,Che giấu hoặc khai báo sai sự thật về tai nạn lao động có bị cấm không?,0,QUY_DINH_CHUNG,synthetic,train,che_giấu khai_báo sai sự_thật tai_nạn lao_động có cấm không
166,c0-034,12,worker,"Sếp bảo đừng nói ra vụ tôi bị đứt tay, khai là tự té ở nhà, làm vậy có phạm luật không?",0,QUY_DINH_CHUNG,synthetic,train,sếp bảo đừng nói vụ đứt tay khai tự té nhà làm_vậy có phạm_luật không
167,c0-034,12,hr,"Hành vi báo cáo sai sự thật về tai nạn lao động, bệnh nghề nghiệp có thuộc nhóm hành vi bị nghiêm cấm không?",0,QUY_DINH_CHUNG,synthetic,train,hành_vi báo_cáo sai sự_thật tai_nạn lao_động bệnh nghề_nghiệp có thuộc nhóm hành_vi nghiêm_cấm không
168,c0-034,12,complaint,"Công ty ép tôi ký giấy nói tai nạn xảy ra ngoài giờ làm để khỏi báo cáo, như vậy có phải hành vi bị cấm không?",0,QUY_DINH_CHUNG,synthetic,train,công_ty ép ký giấy nói tai_nạn xảy ngoài giờ làm khỏi báo_cáo như_vậy có phải hành_vi cấm không
169,c0-034,12,short,Giấu tai nạn lao động có bị cấm?,0,QUY_DINH_CHUNG,synthetic,train,giấu tai_nạn lao_động có cấm
170,c0-035,12,neutral,Buộc người lao động tiếp tục làm việc khi nguy cơ tai nạn đe dọa tính mạng chưa được khắc phục có bị cấm không?,0,QUY_DINH_CHUNG,synthetic,train,buộc người lao_động tiếp_tục làm_việc khi nguy_cơ tai_nạn đe_dọa tính_mạng chưa được khắc_phục có cấm không
171,c0-035,12,worker,"Khung sắt còn nứt mà quản đốc vẫn ép tụi tôi làm tiếp, vậy có phạm luật không?",0,QUY_DINH_CHUNG,synthetic,train,khung sắt còn nứt quản_đốc vẫn ép tụi làm tiếp có phạm_luật không
172,c0-035,12,hr,Việc người sử dụng lao động không cho người lao động rời khỏi nơi làm việc khi có nguy cơ tai nạn nghiêm trọng có phải là hành vi bị nghiêm cấm?,0,QUY_DINH_CHUNG,synthetic,train,việc người sử_dụng lao_động không người lao_động rời khỏi nơi làm_việc khi có nguy_cơ tai_nạn nghiêm_trọng có phải hành_vi nghiêm_cấm
173,c0-035,12,complaint,"Hầm lò có dấu hiệu sạt mà công ty vẫn khóa cửa không cho ra, luật có cấm công ty làm vậy không?",0,QUY_DINH_CHUNG,synthetic,train,hầm lò có dấu_hiệu sạt công_ty vẫn khóa cửa không luật có cấm công_ty làm_vậy không
174,c0-035,12,short,Ép làm nơi nguy hiểm có bị cấm?,0,QUY_DINH_CHUNG,synthetic,train,ép làm nơi nguy_hiểm có cấm
175,c0-036,12,neutral,"Trốn đóng, chậm đóng bảo hiểm tai nạn lao động, bệnh nghề nghiệp có phải hành vi bị nghiêm cấm không?",0,QUY_DINH_CHUNG,synthetic,val,trốn đóng chậm đóng bảo_hiểm tai_nạn lao_động bệnh nghề_nghiệp có phải hành_vi nghiêm_cấm không
176,c0-036,12,worker,"Công ty trừ lương mà không đóng bảo hiểm tai nạn cho tụi tôi, vậy có phạm luật không?",0,QUY_DINH_CHUNG,synthetic,val,công_ty trừ lương không đóng bảo_hiểm tai_nạn tụi có phạm_luật không
177,c0-036,12,hr,"Chậm đóng tiền bảo hiểm tai nạn lao động, bệnh nghề nghiệp có thuộc danh mục hành vi bị nghiêm cấm của Luật không?",0,QUY_DINH_CHUNG,synthetic,val,chậm đóng tiền bảo_hiểm tai_nạn lao_động bệnh nghề_nghiệp có thuộc danh_mục hành_vi nghiêm_cấm luật không
178,c0-036,12,complaint,"Công ty nợ tiền bảo hiểm tai nạn lao động mấy tháng liền, chuyện này luật có cấm không?",0,QUY_DINH_CHUNG,synthetic,val,công_ty nợ tiền bảo_hiểm tai_nạn lao_động mấy tháng liền chuyện luật có cấm không
179,c0-036,12,short,Chậm đóng bảo hiểm TNLĐ có bị cấm?,0,QUY_DINH_CHUNG,synthetic,val,chậm đóng bảo_hiểm tnlđ có cấm
180,c0-037,12,neutral,"Sử dụng máy, thiết bị có yêu cầu nghiêm ngặt chưa được kiểm định có bị cấm không?",0,QUY_DINH_CHUNG,synthetic,train,sử_dụng máy thiết_bị có yêu_cầu nghiêm_ngặt chưa được kiểm_định có cấm không
181,c0-037,12,worker,"Xe nâng trong kho chưa ai kiểm định gì mà sếp vẫn bắt chạy, vậy có phạm luật không?",0,QUY_DINH_CHUNG,synthetic,train,xe nâng kho chưa ai kiểm_định gì sếp vẫn bắt chạy có phạm_luật không
182,c0-037,12,hr,Việc đưa vào sử dụng thiết bị áp lực có kết quả kiểm định không đạt có thuộc hành vi bị nghiêm cấm không?,0,QUY_DINH_CHUNG,synthetic,train,việc đưa sử_dụng thiết_bị áp_lực có kết_quả kiểm_định không đạt có thuộc hành_vi nghiêm_cấm không
183,c0-037,12,complaint,"Công ty mua cần cẩu cũ không rõ nguồn gốc về cho tụi tôi dùng, luật có cấm chuyện này không?",0,QUY_DINH_CHUNG,synthetic,train,công_ty mua cần_cẩu cũ không rõ nguồn_gốc tụi dùng luật có cấm chuyện không
184,c0-037,12,short,Dùng máy chưa kiểm định có bị cấm?,0,QUY_DINH_CHUNG,synthetic,train,dùng máy chưa kiểm_định có cấm
185,c0-038,12,neutral,Phân biệt đối xử với người lao động vì họ từ chối làm công việc nguy hiểm có bị cấm không?,0,QUY_DINH_CHUNG,synthetic,test,phân_biệt đối_xử người lao_động vì họ từ_chối làm công_việc nguy_hiểm có cấm không
186,c0-038,12,worker,"Từ hôm tôi không chịu leo cột điện lúc mưa bão, sếp toàn giao việc cực và cắt thưởng, sếp làm vậy có bị luật cấm không?",0,QUY_DINH_CHUNG,synthetic,test,hôm không chịu leo cột điện lúc mưa bão_sếp toàn giao việc cực cắt thưởng_sếp làm_vậy có luật cấm không
187,c0-038,12,hr,Việc người sử dụng lao động đối xử bất lợi với người lao động đã thực hiện quyền từ chối công việc nguy hiểm có thuộc hành vi bị nghiêm cấm không?,0,QUY_DINH_CHUNG,synthetic,test,việc người sử_dụng lao_động đối_xử bất_lợi người lao_động thực_hiện quyền từ_chối công_việc nguy_hiểm có thuộc hành_vi nghiêm_cấm không
188,c0-038,12,complaint,"Tôi bị chuyển sang bộ phận khác chỉ vì hôm trước không chịu vào khu hóa chất rò rỉ, công ty làm vậy có vi phạm điều cấm không?",0,QUY_DINH_CHUNG,synthetic,test,chuyển sang bộ_phận khác chỉ vì hôm trước không chịu khu hóa_chất rò_rỉ công_ty làm_vậy có vi_phạm điều cấm không
189,c0-038,12,short,Trù dập người từ chối việc nguy hiểm?,0,QUY_DINH_CHUNG,synthetic,test,trù dập người từ_chối việc nguy_hiểm
190,c0-039,12,neutral,Cho người lao động làm công việc có yêu cầu nghiêm ngặt về an toàn khi chưa được huấn luyện có bị cấm không?,0,QUY_DINH_CHUNG,synthetic,train,người lao_động làm công_việc có yêu_cầu nghiêm_ngặt an_toàn khi chưa được huấn_luyện có cấm không
191,c0-039,12,worker,"Em mới vô làm hai ngày chưa học an toàn gì mà tổ trưởng đã cho leo lên vận hành cẩu trục, vậy có phạm luật không?",0,QUY_DINH_CHUNG,synthetic,train,mới vô làm hai ngày chưa học an_toàn gì tổ_trưởng leo vận_hành cẩu trục có phạm_luật không
192,c0-039,12,hr,"Bố trí lao động mới làm công việc có yêu cầu nghiêm ngặt khi chưa qua huấn luyện an toàn, vệ sinh lao động có thuộc hành vi bị nghiêm cấm không?",0,QUY_DINH_CHUNG,synthetic,train,bố_trí lao_động mới làm công_việc có yêu_cầu nghiêm_ngặt khi chưa qua huấn_luyện an_toàn vệ_sinh lao_động có thuộc hành_vi nghiêm_cấm không
193,c0-039,12,complaint,"Công ty bắt tôi hàn trong bồn kín mà chưa hề cho đi huấn luyện, luật có cấm công ty làm vậy không?",0,QUY_DINH_CHUNG,synthetic,train,công_ty bắt hàn bồn kín chưa hề đi huấn_luyện luật có cấm công_ty làm_vậy không
194,c0-039,12,short,"Chưa huấn luyện làm việc nghiêm ngặt, cấm?",0,QUY_DINH_CHUNG,synthetic,train,chưa huấn_luyện làm_việc nghiêm_ngặt cấm
195,c0-040,12,neutral,Công ty trả tiền thay cho bồi dưỡng bằng hiện vật có được không?,0,QUY_DINH_CHUNG,synthetic,train,công_ty trả tiền thay bồi_dưỡng bằng hiện_vật có được không
196,c0-040,12,worker,"Sếp không phát sữa nữa mà cộng thêm vô lương mấy chục ngàn, làm vậy có đúng luật không?",0,QUY_DINH_CHUNG,synthetic,train,sếp không phát sữa nữa cộng thêm vô lương mấy chục ngàn làm_vậy có đúng luật không
197,c0-040,12,hr,Việc quy đổi bồi dưỡng bằng hiện vật thành tiền mặt chi trả cho người lao động có bị luật nghiêm cấm không?,0,QUY_DINH_CHUNG,synthetic,train,việc quy_đổi bồi_dưỡng bằng hiện_vật thành tiền_mặt chi_trả người lao_động có luật nghiêm_cấm không
198,c0-040,12,complaint,"Công ty cắt suất bồi dưỡng hiện vật rồi đưa tiền cho tụi tôi tự mua, vậy có vi phạm hành vi bị cấm không?",0,QUY_DINH_CHUNG,synthetic,train,công_ty cắt_suất bồi_dưỡng hiện_vật đưa tiền tụi tự mua có vi_phạm hành_vi cấm không
199,c0-040,12,short,Trả tiền thay bồi dưỡng hiện vật?,0,QUY_DINH_CHUNG,synthetic,train,trả tiền thay bồi_dưỡng hiện_vật
200,c1-001,13,neutral,"Công ty có trách nhiệm thông tin, tuyên truyền cho người lao động về các yếu tố nguy hiểm tại nơi làm việc không?",1,BIEN_PHAP_PHONG_NGUA,synthetic,train,công_ty có trách_nhiệm thông_tin tuyên_truyền người lao_động yếu_tố nguy_hiểm nơi làm_việc không
201,c1-001,13,worker,"Vô làm ở nhà máy hóa chất mà không ai nói cho biết chỗ nào nguy hiểm, công ty có phải nói cho tụi tôi biết không?",1,BIEN_PHAP_PHONG_NGUA,synthetic,train,vô làm nhà_máy hóa_chất không ai nói biết chỗ nào nguy_hiểm công_ty có phải nói tụi biết không
202,c1-001,13,hr,"Nghĩa vụ thông tin, tuyên truyền, giáo dục về an toàn, vệ sinh lao động của người sử dụng lao động đối với người lao động được quy định như thế nào?",1,BIEN_PHAP_PHONG_NGUA,synthetic,train,nghĩa_vụ thông_tin tuyên_truyền giáo_dục an_toàn vệ_sinh lao_động người sử_dụng lao_động đối_với người lao_động được quy_định như_thế_nào
203,c1-001,13,complaint,"Công ty chưa bao giờ phổ biến về các nguy cơ ở xưởng sơn, như vậy công ty có vi phạm trách nhiệm tuyên truyền không?",1,BIEN_PHAP_PHONG_NGUA,synthetic,train,công_ty chưa bao_giờ phổ_biến nguy_cơ xưởng sơn như_vậy công_ty có vi_phạm trách_nhiệm tuyên_truyền không
204,c1-001,13,short,Công ty tuyên truyền yếu tố nguy hiểm,1,BIEN_PHAP_PHONG_NGUA,synthetic,train,công_ty tuyên_truyền yếu_tố nguy_hiểm
205,c1-002,13,neutral,"Khách đến thăm, làm việc tại cơ sở có phải được hướng dẫn quy định về an toàn, vệ sinh lao động không?",1,BIEN_PHAP_PHONG_NGUA,synthetic,train,khách đến thăm làm_việc cơ_sở có phải được hướng_dẫn quy_định an_toàn vệ_sinh lao_động không
206,c1-002,13,worker,"Có đoàn khách vô tham quan xưởng đúc, có cần chỉ cho họ mấy quy định an toàn không?",1,BIEN_PHAP_PHONG_NGUA,synthetic,train,có đoàn khách vô tham_quan xưởng đúc có cần chỉ họ mấy quy_định an_toàn không
207,c1-002,13,hr,"Doanh nghiệp có trách nhiệm hướng dẫn quy định an toàn, vệ sinh lao động cho khách, đối tác đến làm việc tại cơ sở không?",1,BIEN_PHAP_PHONG_NGUA,synthetic,train,doanh_nghiệp có trách_nhiệm hướng_dẫn quy_định an_toàn vệ_sinh lao_động khách đối_tác đến làm_việc cơ_sở không
208,c1-002,13,complaint,"Tôi vào nhà máy giao hàng mà không ai chỉ dẫn quy định an toàn gì, nhà máy như vậy có làm sai trách nhiệm không?",1,BIEN_PHAP_PHONG_NGUA,synthetic,train,nhà_máy giao hàng không ai chỉ_dẫn quy_định an_toàn gì nhà_máy như_vậy có làm sai trách_nhiệm không
209,c1-002,13,short,Hướng dẫn an toàn cho khách tham quan,1,BIEN_PHAP_PHONG_NGUA,synthetic,train,hướng_dẫn an_toàn khách tham_quan
210,c1-003,13,neutral,Nhà sản xuất có phải cung cấp thông tin về biện pháp an toàn kèm theo sản phẩm có khả năng gây mất an toàn không?,1,BIEN_PHAP_PHONG_NGUA,synthetic,train,nhà_sản_xuất có phải cung_cấp thông_tin biện_pháp an_toàn kèm sản_phẩm có khả_năng gây mất an_toàn không
211,c1-003,13,worker,"Mua cái máy cắt về mà không có giấy hướng dẫn an toàn gì hết, hãng sản xuất có phải đưa hướng dẫn không?",1,BIEN_PHAP_PHONG_NGUA,synthetic,train,mua cái máy cắt không có giấy hướng_dẫn an_toàn gì hết hãng sản_xuất có phải đưa hướng_dẫn không
212,c1-003,13,hr,"Trách nhiệm cung cấp thông tin về biện pháp bảo đảm an toàn, vệ sinh lao động của nhà sản xuất đối với hàng hóa có nguy cơ gây mất an toàn được quy định thế nào?",1,BIEN_PHAP_PHONG_NGUA,synthetic,train,trách_nhiệm cung_cấp thông_tin biện_pháp bảo_đảm an_toàn vệ_sinh lao_động nhà_sản_xuất đối_với hàng hóa có nguy_cơ gây mất an_toàn được quy_định
213,c1-003,13,complaint,"Hãng sản xuất hóa chất tẩy rửa công nghiệp không ghi cảnh báo, không kèm hướng dẫn an toàn, họ có vi phạm nghĩa vụ thông tin không?",1,BIEN_PHAP_PHONG_NGUA,synthetic,train,hãng sản_xuất hóa_chất tẩy_rửa công_nghiệp không ghi cảnh_báo không kèm hướng_dẫn an_toàn họ có vi_phạm nghĩa_vụ thông_tin không
214,c1-003,13,short,Hãng sản xuất phải kèm hướng dẫn?,1,BIEN_PHAP_PHONG_NGUA,synthetic,train,hãng sản_xuất phải kèm hướng_dẫn
215,c1-004,15,neutral,"Ai có trách nhiệm xây dựng và ban hành nội quy, quy trình bảo đảm an toàn, vệ sinh lao động?",1,BIEN_PHAP_PHONG_NGUA,synthetic,train,ai có trách_nhiệm xây_dựng ban_hành nội_quy quy_trình bảo_đảm an_toàn vệ_sinh lao_động
216,c1-004,15,worker,"Nội quy an toàn dán ở xưởng là do ai soạn ra vậy, công ty hay nhà nước?",1,BIEN_PHAP_PHONG_NGUA,synthetic,train,nội_quy an_toàn dán xưởng do ai soạn công_ty nhà_nước
217,c1-004,15,hr,"Trách nhiệm xây dựng, ban hành và tổ chức thực hiện nội quy, quy trình an toàn, vệ sinh lao động thuộc về chủ thể nào?",1,BIEN_PHAP_PHONG_NGUA,synthetic,train,trách_nhiệm xây_dựng ban_hành tổ_chức thực_hiện nội_quy quy_trình an_toàn vệ_sinh lao_động thuộc chủ_thể nào
218,c1-004,15,complaint,"Xưởng tôi làm cả năm mà chẳng có nội quy an toàn nào, công ty có bắt buộc phải ban hành nội quy không?",1,BIEN_PHAP_PHONG_NGUA,synthetic,train,xưởng làm cả năm chẳng có nội_quy_an_toàn nào công_ty có bắt_buộc phải ban_hành nội_quy không
219,c1-004,15,short,Ai ban hành nội quy an toàn?,1,BIEN_PHAP_PHONG_NGUA,synthetic,train,ai ban_hành nội_quy an_toàn
220,c1-005,15,neutral,"Công ty xây dựng nội quy an toàn, vệ sinh lao động dựa trên những căn cứ nào?",1,BIEN_PHAP_PHONG_NGUA,synthetic,test,công_ty xây_dựng nội_quy_an_toàn vệ_sinh lao_động dựa căn_cứ nào
221,c1-005,15,worker,"Công ty soạn nội quy an toàn thì dựa vô đâu, hay tự nghĩ ra sao cũng được?",1,BIEN_PHAP_PHONG_NGUA,synthetic,test,công_ty soạn nội_quy an_toàn dựa vô_đâu tự_nghĩ sao được
222,c1-005,15,hr,"Khi soạn thảo quy trình an toàn cho dây chuyền mới, doanh nghiệp cần căn cứ vào những tiêu chuẩn, quy chuẩn nào?",1,BIEN_PHAP_PHONG_NGUA,synthetic,test,khi soạn_thảo quy_trình an_toàn dây_chuyền mới doanh_nghiệp cần căn_cứ tiêu_chuẩn quy_chuẩn nào
223,c1-005,15,complaint,"Nội quy an toàn công ty viết ra toàn mấy điều vô lý không theo quy chuẩn nào, luật yêu cầu nội quy phải căn cứ vào đâu?",1,BIEN_PHAP_PHONG_NGUA,synthetic,test,nội_quy_an_toàn công_ty viết toàn mấy điều vô_lý không quy_chuẩn nào luật yêu_cầu nội_quy phải căn_cứ đâu
224,c1-005,15,short,Căn cứ xây dựng quy trình an toàn,1,BIEN_PHAP_PHONG_NGUA,synthetic,test,căn_cứ xây_dựng quy_trình an_toàn
225,c1-006,16,neutral,"Nơi làm việc phải đạt những yêu cầu gì về bụi, tiếng ồn, độ thoáng?",1,BIEN_PHAP_PHONG_NGUA,synthetic,train,nơi làm_việc phải đạt yêu_cầu gì bụi_tiếng ồn_độ thoáng
226,c1-006,16,worker,"Xưởng mộc bụi mù mịt, ồn muốn điếc tai, công ty có phải làm cho chỗ làm đạt chuẩn không?",1,BIEN_PHAP_PHONG_NGUA,synthetic,train,xưởng mộc bụi mù_mịt_ồn muốn điếc_tai công_ty có phải làm chỗ làm đạt chuẩn không
227,c1-006,16,hr,"Yêu cầu của luật đối với không gian, độ thoáng, bụi, hơi khí độc, tiếng ồn, độ rung tại nơi làm việc là gì?",1,BIEN_PHAP_PHONG_NGUA,synthetic,train,yêu_cầu luật đối_với không_gian độ thoáng bụi hơi khí độc_tiếng ồn_độ rung nơi làm_việc gì
228,c1-006,16,complaint,"Xưởng nóng hầm hập lại không có quạt hút, tôi phản ánh mãi mà công ty không cải thiện, luật có bắt nơi làm việc đạt yêu cầu không?",1,BIEN_PHAP_PHONG_NGUA,synthetic,train,xưởng nóng hầm_hập không có quạt_hút phản_ánh mãi công_ty không cải_thiện luật có bắt nơi làm_việc đạt yêu_cầu không
229,c1-006,16,short,"Yêu cầu bụi, ồn nơi làm việc",1,BIEN_PHAP_PHONG_NGUA,synthetic,train,yêu_cầu bụi ồn_nơi làm_việc
230,c1-007,16,neutral,"Công ty có phải bố trí đủ buồng tắm, buồng vệ sinh tại nơi làm việc không?",1,BIEN_PHAP_PHONG_NGUA,synthetic,val,công_ty có phải bố_trí đủ buồng_tắm buồng vệ_sinh nơi làm_việc không
231,c1-007,16,worker,"Làm ở lò than dơ hết người mà xưởng không có chỗ tắm, công ty có phải xây nhà tắm không?",1,BIEN_PHAP_PHONG_NGUA,synthetic,val,làm lò than dơ hết người xưởng không có chỗ tắm công_ty có phải xây nhà_tắm không
232,c1-007,16,hr,"Quy định về việc bảo đảm đủ buồng tắm, buồng vệ sinh phù hợp tại nơi làm việc được luật đặt ra như thế nào?",1,BIEN_PHAP_PHONG_NGUA,synthetic,val,quy_định việc bảo_đảm đủ buồng_tắm buồng vệ_sinh phù_hợp nơi làm_việc được luật đặt như_thế_nào
233,c1-007,16,complaint,"Cả xưởng hai trăm người mà chỉ có một nhà vệ sinh, công ty làm vậy có sai luật không?",1,BIEN_PHAP_PHONG_NGUA,synthetic,val,cả xưởng hai trăm người chỉ có nhà_vệ_sinh công_ty làm_vậy có sai luật không
234,c1-007,16,short,"Buồng tắm, nhà vệ sinh tại xưởng",1,BIEN_PHAP_PHONG_NGUA,synthetic,val,buồng tắm nhà_vệ_sinh xưởng
235,c1-008,16,neutral,"Biển cảnh báo an toàn đối với máy, thiết bị có yêu cầu nghiêm ngặt phải được đặt như thế nào?",1,BIEN_PHAP_PHONG_NGUA,synthetic,train,biển cảnh_báo an_toàn đối_với máy thiết_bị có yêu_cầu nghiêm_ngặt phải được đặt như_thế_nào
236,c1-008,16,worker,"Công nhân người dân tộc không đọc rành tiếng Việt, bảng cảnh báo ở máy có phải ghi thêm tiếng của họ không?",1,BIEN_PHAP_PHONG_NGUA,synthetic,train,công_nhân người dân_tộc không đọc rành tiếng việt bảng cảnh_báo máy có phải ghi thêm tiếng họ không
237,c1-008,16,hr,"Yêu cầu về ngôn ngữ và vị trí đặt biển cảnh báo, bảng chỉ dẫn an toàn đối với thiết bị, hóa chất nghiêm ngặt là gì?",1,BIEN_PHAP_PHONG_NGUA,synthetic,train,yêu_cầu ngôn_ngữ vị_trí đặt biển cảnh_báo bảng chỉ_dẫn an_toàn đối_với thiết_bị hóa_chất nghiêm_ngặt gì
238,c1-008,16,complaint,"Kho hóa chất của công ty không có một tấm biển cảnh báo nào, như vậy có vi phạm quy định không?",1,BIEN_PHAP_PHONG_NGUA,synthetic,train,kho hóa_chất công_ty không có tấm biển cảnh_báo nào như_vậy có vi_phạm quy_định không
239,c1-008,16,short,Biển cảnh báo phải ghi tiếng gì?,1,BIEN_PHAP_PHONG_NGUA,synthetic,train,biển cảnh_báo phải ghi tiếng gì
240,c1-009,16,neutral,"Công ty có phải định kỳ kiểm tra, bảo dưỡng máy móc, nhà xưởng, kho tàng không?",1,BIEN_PHAP_PHONG_NGUA,synthetic,train,công_ty có phải định_kỳ kiểm_tra bảo_dưỡng máy_móc nhà_xưởng kho_tàng không
241,c1-009,16,worker,"Mái xưởng dột, máy thì rỉ sét cả năm không ai sửa, công ty có phải bảo trì định kỳ không?",1,BIEN_PHAP_PHONG_NGUA,synthetic,train,mái xưởng dột máy rỉ sét cả năm không ai sửa công_ty có phải bảo_trì định_kỳ không
242,c1-009,16,hr,"Nghĩa vụ định kỳ kiểm tra, bảo dưỡng máy, thiết bị, vật tư, nhà xưởng, kho tàng của người sử dụng lao động được quy định ra sao?",1,BIEN_PHAP_PHONG_NGUA,synthetic,train,nghĩa_vụ định_kỳ kiểm_tra bảo_dưỡng máy thiết_bị vật_tư nhà_xưởng kho_tàng người sử_dụng lao_động được quy_định sao
243,c1-009,16,complaint,"Máy ép nhựa hư dây curoa mấy tháng mà công ty không bảo dưỡng, bắt tụi tôi chạy tiếp, vậy công ty có sai không?",1,BIEN_PHAP_PHONG_NGUA,synthetic,train,máy ép nhựa hư dây curoa mấy tháng công_ty không bảo_dưỡng bắt tụi chạy tiếp công_ty có sai không
244,c1-009,16,short,Bảo dưỡng định kỳ máy và nhà xưởng,1,BIEN_PHAP_PHONG_NGUA,synthetic,train,bảo dưỡng_định kỳ_máy nhà_xưởng
245,c1-010,16,neutral,"Máy móc, vật tư, hóa chất tại nơi làm việc phải được sử dụng và bảo quản theo yêu cầu gì?",1,BIEN_PHAP_PHONG_NGUA,synthetic,train,máy_móc vật_tư hóa_chất nơi làm_việc phải được sử_dụng bảo_quản yêu_cầu gì
246,c1-010,16,worker,"Hóa chất trong xưởng để lung tung chung với đồ ăn, vậy có quy định phải cất giữ đúng cách không?",1,BIEN_PHAP_PHONG_NGUA,synthetic,train,hóa chất xưởng lung_tung chung đồ_ăn có quy_định phải cất_giữ đúng cách không
247,c1-010,16,hr,"Yêu cầu về việc sử dụng, vận hành, bảo trì, bảo quản máy, thiết bị, vật tư, chất tại nơi làm việc theo quy chuẩn kỹ thuật được luật quy định thế nào?",1,BIEN_PHAP_PHONG_NGUA,synthetic,train,yêu_cầu việc sử_dụng vận_hành bảo_trì bảo_quản máy thiết_bị vật_tư_chất nơi làm_việc quy_chuẩn kỹ_thuật được luật quy_định
248,c1-010,16,complaint,"Công ty cho vận hành máy trộn sai hướng dẫn kỹ thuật để chạy cho nhanh, luật có bắt phải vận hành đúng quy chuẩn không?",1,BIEN_PHAP_PHONG_NGUA,synthetic,train,công_ty vận_hành máy trộn sai hướng_dẫn kỹ_thuật chạy nhanh luật có bắt phải vận_hành đúng quy_chuẩn không
249,c1-010,16,short,Vận hành máy theo quy chuẩn kỹ thuật,1,BIEN_PHAP_PHONG_NGUA,synthetic,train,vận_hành máy quy_chuẩn kỹ_thuật
250,c1-011,17,neutral,Người lao động có trách nhiệm ngăn chặn hành vi vi phạm quy định an toàn tại nơi làm việc không?,1,BIEN_PHAP_PHONG_NGUA,synthetic,train,người lao_động có trách_nhiệm ngăn_chặn hành_vi vi_phạm quy_định an_toàn nơi làm_việc không
251,c1-011,17,worker,"Thấy thằng bạn cùng tổ tháo tấm che máy ra cho chạy nhanh, tôi có phải can nó không?",1,BIEN_PHAP_PHONG_NGUA,synthetic,train,thấy thằng cùng tổ tháo tấm che máy chạy nhanh có phải can nó không
252,c1-011,17,hr,Trách nhiệm của người lao động trong việc ngăn chặn nguy cơ trực tiếp gây mất an toàn và hành vi vi phạm của người khác được quy định ra sao?,1,BIEN_PHAP_PHONG_NGUA,synthetic,train,trách_nhiệm người lao_động việc ngăn_chặn nguy_cơ trực_tiếp gây mất an_toàn hành_vi vi_phạm người khác được quy_định sao
253,c1-011,17,complaint,"Tôi bị kỷ luật chung vì không cản đồng nghiệp hút thuốc trong kho sơn, luật có bắt người lao động phải ngăn chặn vi phạm không?",1,BIEN_PHAP_PHONG_NGUA,synthetic,train,kỷ_luật chung vì không cản đồng_nghiệp hút thuốc kho sơn_luật có bắt người lao_động phải ngăn_chặn vi_phạm không
254,c1-011,17,short,Công nhân ngăn chặn vi phạm an toàn,1,BIEN_PHAP_PHONG_NGUA,synthetic,train,công_nhân ngăn_chặn vi_phạm an_toàn
255,c1-012,17,neutral,"Người lao động có phải nắm vững kiến thức, kỹ năng về biện pháp bảo đảm an toàn tại nơi làm việc không?",1,BIEN_PHAP_PHONG_NGUA,synthetic,train,người lao_động có phải nắm vững kiến_thức kỹ_năng biện_pháp bảo_đảm an_toàn nơi làm_việc không
256,c1-012,17,worker,"Làm công nhân có cần phải tự biết mấy cách làm an toàn không, hay chỉ cần làm theo sếp?",1,BIEN_PHAP_PHONG_NGUA,synthetic,train,làm công_nhân có cần phải tự biết_mấy cách làm an_toàn không chỉ cần làm sếp
257,c1-012,17,hr,"Yêu cầu đối với người lao động về tuân thủ pháp luật và nắm vững kiến thức, kỹ năng an toàn, vệ sinh lao động tại nơi làm việc là gì?",1,BIEN_PHAP_PHONG_NGUA,synthetic,train,yêu_cầu đối_với người lao_động tuân_thủ pháp_luật nắm vững kiến_thức kỹ_năng an_toàn vệ_sinh lao_động nơi làm_việc gì
258,c1-012,17,complaint,"Tai nạn xảy ra công ty lại trách tôi không nắm kỹ năng an toàn, luật có buộc người lao động phải nắm vững kiến thức đó không?",1,BIEN_PHAP_PHONG_NGUA,synthetic,train,tai_nạn xảy công_ty trách không nắm kỹ_năng an_toàn luật có buộc người lao_động phải nắm vững kiến_thức không
259,c1-012,17,short,Công nhân phải nắm kỹ năng an toàn?,1,BIEN_PHAP_PHONG_NGUA,synthetic,train,công_nhân phải nắm kỹ_năng an_toàn
260,c1-013,18,neutral,"Công ty có phải thực hiện khử độc, khử trùng cho người lao động làm việc ở nơi có yếu tố gây nhiễm độc không?",1,BIEN_PHAP_PHONG_NGUA,synthetic,val,công_ty có phải thực_hiện khử độc khử_trùng người lao_động làm_việc nơi có yếu_tố gây nhiễm_độc không
261,c1-013,18,worker,"Làm ở bãi rác với lò mổ dễ nhiễm trùng lắm, công ty có phải khử trùng cho tụi tôi không?",1,BIEN_PHAP_PHONG_NGUA,synthetic,val,làm bãi rác lò_mổ dễ nhiễm_trùng lắm công_ty có phải khử_trùng tụi không
262,c1-013,18,hr,"Biện pháp khử độc, khử trùng đối với người lao động làm việc tại nơi có yếu tố gây nhiễm độc, nhiễm trùng được quy định như thế nào?",1,BIEN_PHAP_PHONG_NGUA,synthetic,val,biện_pháp khử độc_khử_trùng đối_với người lao_động làm_việc nơi có yếu_tố gây nhiễm_độc nhiễm_trùng được quy_định như_thế_nào
263,c1-013,18,complaint,"Tụi tôi làm trong khu xử lý nước thải bệnh viện mà công ty không cho khử trùng gì sau ca, như vậy có sai luật không?",1,BIEN_PHAP_PHONG_NGUA,synthetic,val,tụi làm khu xử_lý nước_thải bệnh_viện công_ty không khử_trùng gì sau ca như_vậy có sai luật không
264,c1-013,18,short,Khử độc cho người làm nơi nhiễm độc,1,BIEN_PHAP_PHONG_NGUA,synthetic,val,khử độc người làm nơi nhiễm_độc
265,c1-014,18,neutral,Công ty phải tổ chức quan trắc môi trường lao động bao lâu một lần?,1,BIEN_PHAP_PHONG_NGUA,synthetic,train,công_ty phải tổ_chức quan_trắc môi_trường lao_động bao_lâu lần
266,c1-014,18,worker,Mấy người đo bụi đo ồn trong xưởng thì bao lâu phải tới đo một lần vậy?,1,BIEN_PHAP_PHONG_NGUA,synthetic,train,mấy người đo bụi_đo ồn xưởng bao_lâu phải tới đo lần
267,c1-014,18,hr,Tần suất tối thiểu tổ chức quan trắc môi trường lao động để đánh giá yếu tố có hại theo luật là bao nhiêu?,1,BIEN_PHAP_PHONG_NGUA,synthetic,train,tần_suất tối_thiểu tổ_chức quan_trắc môi_trường lao_động đánh_giá yếu_tố có hại luật bao_nhiêu
268,c1-014,18,complaint,"Ba năm nay công ty chưa hề cho đo môi trường lao động ở xưởng xi mạ, như vậy có vi phạm không?",1,BIEN_PHAP_PHONG_NGUA,synthetic,train,ba năm nay công_ty chưa hề đo môi_trường lao_động xưởng xi_mạ như_vậy có vi_phạm không
269,c1-014,18,short,Quan trắc môi trường mấy lần một năm?,1,BIEN_PHAP_PHONG_NGUA,synthetic,train,quan_trắc môi_trường mấy lần năm
270,c1-015,18,neutral,Đơn vị tổ chức quan trắc môi trường lao động phải đáp ứng điều kiện gì?,1,BIEN_PHAP_PHONG_NGUA,synthetic,train,đơn_vị tổ_chức quan_trắc môi_trường lao_động phải đáp_ứng điều_kiện gì
271,c1-015,18,worker,"Công ty thuê đại một nhóm không có máy móc gì tới đo môi trường, vậy có được không?",1,BIEN_PHAP_PHONG_NGUA,synthetic,train,công_ty thuê đại nhóm không có máy_móc gì tới đo môi_trường có được không
272,c1-015,18,hr,"Yêu cầu về cơ sở vật chất, trang thiết bị và nhân lực đối với tổ chức quan trắc môi trường lao động được luật quy định thế nào?",1,BIEN_PHAP_PHONG_NGUA,synthetic,train,yêu_cầu cơ_sở_vật_chất trang_thiết_bị nhân_lực đối_với tổ_chức quan_trắc môi_trường lao_động được luật quy_định
273,c1-015,18,complaint,"Kết quả quan trắc do một đơn vị không đủ thiết bị thực hiện, chúng tôi có quyền cho rằng kết quả đó không hợp lệ không?",1,BIEN_PHAP_PHONG_NGUA,synthetic,train,kết_quả quan_trắc do đơn_vị không đủ thiết_bị thực_hiện chúng_tôi có quyền kết_quả không hợp_lệ không
274,c1-015,18,short,Điều kiện đơn vị quan trắc môi trường,1,BIEN_PHAP_PHONG_NGUA,synthetic,train,điều_kiện đơn_vị quan_trắc môi_trường
275,c1-016,18,neutral,"Đối với yếu tố nguy hiểm, công ty phải kiểm tra, đánh giá ít nhất bao lâu một lần?",1,BIEN_PHAP_PHONG_NGUA,synthetic,train,đối_với yếu_tố nguy_hiểm công_ty phải kiểm_tra đánh_giá ít_nhất bao_lâu lần
276,c1-016,18,worker,"Mấy chỗ dễ té ngã, điện hở trong xưởng thì công ty phải rà soát kiểm tra lại mỗi năm mấy lần?",1,BIEN_PHAP_PHONG_NGUA,synthetic,train,mấy chỗ dễ té ngã điện_hở xưởng công_ty phải rà_soát kiểm_tra mỗi năm mấy lần
277,c1-016,18,hr,"Quy định về kiểm soát thường xuyên và kiểm tra, đánh giá định kỳ yếu tố nguy hiểm tại nơi làm việc là gì?",1,BIEN_PHAP_PHONG_NGUA,synthetic,train,quy_định kiểm_soát thường_xuyên kiểm_tra đánh_giá định_kỳ yếu_tố nguy_hiểm nơi làm_việc gì
278,c1-016,18,complaint,"Công ty chưa bao giờ đánh giá lại các nguy cơ điện giật, cháy nổ ở xưởng, luật có bắt kiểm tra định kỳ không?",1,BIEN_PHAP_PHONG_NGUA,synthetic,train,công_ty chưa bao_giờ đánh_giá nguy_cơ điện giật cháy nổ xưởng luật có bắt kiểm_tra định_kỳ không
279,c1-016,18,short,Tần suất đánh giá yếu tố nguy hiểm,1,BIEN_PHAP_PHONG_NGUA,synthetic,train,tần_suất đánh_giá yếu_tố nguy_hiểm
280,c1-017,18,neutral,"Sau khi có kết quả quan trắc môi trường lao động, công ty có phải thông báo cho người lao động không?",1,BIEN_PHAP_PHONG_NGUA,synthetic,val,sau khi có kết_quả quan_trắc môi_trường lao_động công_ty có phải thông_báo người lao_động không
281,c1-017,18,worker,"Đo môi trường xong rồi mà công ty giấu kết quả, tụi tôi có được biết không?",1,BIEN_PHAP_PHONG_NGUA,synthetic,val,đo môi_trường xong công_ty giấu kết_quả tụi có được biết không
282,c1-017,18,hr,Trách nhiệm của người sử dụng lao động ngay sau khi có kết quả quan trắc môi trường lao động và đánh giá yếu tố nguy hiểm là gì?,1,BIEN_PHAP_PHONG_NGUA,synthetic,val,trách_nhiệm người sử_dụng lao_động ngay sau khi có kết_quả quan_trắc môi_trường lao_động đánh_giá yếu_tố nguy_hiểm gì
283,c1-017,18,complaint,"Công đoàn xin xem kết quả quan trắc bụi silic mà công ty không đưa, công ty làm vậy có đúng không?",1,BIEN_PHAP_PHONG_NGUA,synthetic,val,công_đoàn xem kết_quả quan_trắc bụi_silic công_ty không đưa công_ty làm_vậy có đúng không
284,c1-017,18,short,Công khai kết quả quan trắc,1,BIEN_PHAP_PHONG_NGUA,synthetic,val,công_khai kết_quả quan_trắc
285,c1-018,19,neutral,Công ty có phải xây dựng phương án xử lý sự cố và định kỳ diễn tập ứng cứu khẩn cấp không?,1,BIEN_PHAP_PHONG_NGUA,synthetic,train,công_ty có phải xây_dựng phương_án xử_lý sự_cố định_kỳ diễn_tập ứng_cứu khẩn_cấp không
286,c1-018,19,worker,"Xưởng gas lớn vậy mà chưa bao giờ tập chạy thoát khi có sự cố, công ty có phải tổ chức tập không?",1,BIEN_PHAP_PHONG_NGUA,synthetic,train,xưởng gas lớn vậy_mà chưa bao_giờ tập chạy thoát khi có sự_cố công_ty có phải tổ_chức tập không
287,c1-018,19,hr,Yêu cầu về phương án xử lý sự cố kỹ thuật gây mất an toàn nghiêm trọng và diễn tập định kỳ đối với doanh nghiệp là gì?,1,BIEN_PHAP_PHONG_NGUA,synthetic,train,yêu_cầu phương_án xử_lý sự_cố kỹ_thuật gây mất an_toàn nghiêm_trọng diễn_tập định_kỳ đối_với doanh_nghiệp gì
288,c1-018,19,complaint,"Nhà máy hóa chất không có phương án ứng cứu nào, lỡ nổ thì không ai biết làm gì, như vậy có vi phạm quy định không?",1,BIEN_PHAP_PHONG_NGUA,synthetic,train,nhà_máy hóa_chất không có phương_án ứng_cứu nào lỡ nổ không ai biết làm_gì như_vậy có vi_phạm quy_định không
289,c1-018,19,short,Diễn tập ứng cứu sự cố khẩn cấp,1,BIEN_PHAP_PHONG_NGUA,synthetic,train,diễn_tập ứng_cứu sự_cố khẩn_cấp
290,c1-019,19,neutral,"Công ty có phải trang bị phương tiện kỹ thuật, y tế để sơ cứu kịp thời khi xảy ra tai nạn không?",1,BIEN_PHAP_PHONG_NGUA,synthetic,train,công_ty có phải trang_bị phương_tiện kỹ_thuật y_tế sơ_cứu kịp_thời khi xảy tai_nạn không
291,c1-019,19,worker,"Xưởng không có nổi cái tủ thuốc hay băng ca, lỡ ai bị thương thì lấy gì sơ cứu, công ty có phải sắm không?",1,BIEN_PHAP_PHONG_NGUA,synthetic,train,xưởng không có nổi cái tủ thuốc băng_ca lỡ ai bị_thương lấy gì sơ_cứu công_ty có phải sắm không
292,c1-019,19,hr,"Doanh nghiệp phải chuẩn bị phương tiện kỹ thuật, y tế nào để bảo đảm ứng cứu, sơ cứu kịp thời khi có tai nạn lao động?",1,BIEN_PHAP_PHONG_NGUA,synthetic,train,doanh_nghiệp phải chuẩn_bị phương_tiện kỹ_thuật y_tế nào bảo_đảm ứng_cứu sơ_cứu kịp_thời khi có tai_nạn lao_động
293,c1-019,19,complaint,"Công nhân bị bỏng mà xưởng không có đồ sơ cứu phải chờ xe ngoài tới, công ty có trách nhiệm trang bị sẵn không?",1,BIEN_PHAP_PHONG_NGUA,synthetic,train,công_nhân bỏng xưởng không có đồ sơ_cứu phải chờ xe ngoài tới công_ty có trách_nhiệm trang_bị sẵn không
294,c1-019,19,short,Trang bị phương tiện sơ cứu tại xưởng,1,BIEN_PHAP_PHONG_NGUA,synthetic,train,trang_bị phương_tiện sơ_cứu xưởng
295,c1-020,19,neutral,"Khi có nguy cơ xảy ra sự cố nghiêm trọng, công ty phải làm gì với máy móc và hoạt động đang diễn ra?",1,BIEN_PHAP_PHONG_NGUA,synthetic,val,khi có nguy_cơ xảy sự_cố nghiêm_trọng công_ty phải làm gì máy_móc hoạt_động diễn
296,c1-020,19,worker,"Thấy nồi hơi kêu rít bất thường, sếp có phải cho dừng máy ngay không hay vẫn chạy tiếp?",1,BIEN_PHAP_PHONG_NGUA,synthetic,val,thấy nồi_hơi kêu_rít bất_thường sếp có phải dừng máy ngay không vẫn chạy tiếp
297,c1-020,19,hr,"Trách nhiệm ra lệnh ngừng ngay hoạt động của máy, thiết bị khi có nguy cơ sự cố kỹ thuật nghiêm trọng được quy định thế nào?",1,BIEN_PHAP_PHONG_NGUA,synthetic,val,trách_nhiệm ra_lệnh ngừng ngay hoạt_động máy thiết_bị khi có nguy_cơ sự_cố kỹ_thuật nghiêm_trọng được quy_định
298,c1-020,19,complaint,"Đường ống khí bị rò mà quản đốc không cho dừng máy, cứ bảo chạy cho kịp đơn hàng, vậy công ty có làm sai trách nhiệm xử lý sự cố không?",1,BIEN_PHAP_PHONG_NGUA,synthetic,val,đường_ống khí rò quản_đốc không dừng máy cứ bảo chạy kịp đơn hàng công_ty có làm sai trách_nhiệm xử_lý sự_cố không
299,c1-020,19,short,Dừng máy khi có nguy cơ sự cố,1,BIEN_PHAP_PHONG_NGUA,synthetic,val,dừng máy khi có nguy_cơ sự_cố
300,c1-021,19,neutral,Sự cố kỹ thuật nghiêm trọng vượt quá khả năng ứng phó của cơ sở thì phải xử lý như thế nào?,1,BIEN_PHAP_PHONG_NGUA,synthetic,train,sự_cố kỹ_thuật nghiêm_trọng vượt quá khả_năng ứng_phó cơ_sở phải xử_lý như_thế_nào
301,c1-021,19,worker,Cháy kho lớn quá công ty dập không nổi thì phải báo lên đâu để có người tới cứu?,1,BIEN_PHAP_PHONG_NGUA,synthetic,train,cháy kho lớn quá công_ty dập không nổi phải báo đâu có người tới cứu
302,c1-021,19,hr,Quy trình báo cáo cơ quan cấp trên để huy động lực lượng ứng cứu khi sự cố vượt quá khả năng của doanh nghiệp và địa phương là gì?,1,BIEN_PHAP_PHONG_NGUA,synthetic,train,quy_trình báo_cáo cơ_quan cấp huy_động lực_lượng ứng_cứu khi sự_cố vượt quá khả_năng doanh_nghiệp địa_phương gì
303,c1-021,19,complaint,"Vụ nổ hóa chất lan sang mấy xưởng bên cạnh mà công ty chỉ tự xoay xở, không báo để huy động hỗ trợ, như vậy có đúng không?",1,BIEN_PHAP_PHONG_NGUA,synthetic,train,vụ nổ hóa chất lan sang mấy xưởng bên cạnh công_ty chỉ tự xoay_xở không báo huy_động hỗ_trợ như_vậy có đúng không
304,c1-021,19,short,Sự cố vượt khả năng ứng phó,1,BIEN_PHAP_PHONG_NGUA,synthetic,train,sự_cố vượt khả_năng ứng_phó
305,c1-022,20,neutral,Ai có trách nhiệm xây dựng văn hóa an toàn lao động tại nơi làm việc?,1,BIEN_PHAP_PHONG_NGUA,synthetic,test,ai có trách_nhiệm xây_dựng văn_hóa an_toàn_lao_động nơi làm_việc
306,c1-022,20,worker,"Công ty hay nói xây dựng văn hóa an toàn, vậy việc đó là ai phải lo?",1,BIEN_PHAP_PHONG_NGUA,synthetic,test,công_ty nói xây_dựng văn_hóa an_toàn việc ai phải lo
307,c1-022,20,hr,Trách nhiệm phối hợp giữa người sử dụng lao động và Ban chấp hành công đoàn cơ sở trong xây dựng văn hóa an toàn lao động được quy định ra sao?,1,BIEN_PHAP_PHONG_NGUA,synthetic,test,trách_nhiệm phối_hợp giữa người sử_dụng lao_động ban_chấp_hành công_đoàn cơ_sở xây_dựng văn_hóa an_toàn_lao_động được quy_định sao
308,c1-022,20,complaint,"Công ty chỉ treo khẩu hiệu mà không làm gì để xây dựng văn hóa an toàn, luật giao trách nhiệm này cho ai?",1,BIEN_PHAP_PHONG_NGUA,synthetic,test,công_ty chỉ treo khẩu_hiệu không làm gì xây_dựng văn_hóa an_toàn luật giao trách_nhiệm ai
309,c1-022,20,short,Xây dựng văn hóa an toàn lao động,1,BIEN_PHAP_PHONG_NGUA,synthetic,test,xây_dựng văn_hóa an_toàn_lao_động
310,c1-023,20,neutral,Công ty có phải tổ chức cho người lao động tham gia hoạt động cải thiện điều kiện lao động không?,1,BIEN_PHAP_PHONG_NGUA,synthetic,val,công_ty có phải tổ_chức người lao_động tham_gia hoạt_động cải_thiện điều_kiện lao_động không
311,c1-023,20,worker,"Tụi tôi có sáng kiến làm xưởng mát hơn, công ty có phải cho công nhân tham gia cải thiện điều kiện làm việc không?",1,BIEN_PHAP_PHONG_NGUA,synthetic,val,tụi có sáng_kiến làm xưởng mát hơn công_ty có phải công_nhân tham_gia cải_thiện điều_kiện làm_việc không
312,c1-023,20,hr,Người sử dụng lao động có nghĩa vụ thường xuyên tổ chức cho người lao động tham gia hoạt động cải thiện điều kiện lao động không?,1,BIEN_PHAP_PHONG_NGUA,synthetic,val,người sử_dụng lao_động có nghĩa_vụ thường_xuyên tổ_chức người lao_động tham_gia hoạt_động cải_thiện điều_kiện lao_động không
313,c1-023,20,complaint,"Công ty không bao giờ cho công nhân góp ý hay tham gia cải thiện điều kiện làm việc, như vậy có trái luật không?",1,BIEN_PHAP_PHONG_NGUA,synthetic,val,công_ty không bao_giờ công_nhân góp_ý tham_gia cải_thiện điều_kiện làm_việc như_vậy có trái luật không
314,c1-023,20,short,Công nhân tham gia cải thiện điều kiện,1,BIEN_PHAP_PHONG_NGUA,synthetic,val,công_nhân tham_gia cải_thiện điều_kiện
315,c1-024,22,neutral,"Danh mục nghề, công việc nặng nhọc, độc hại, nguy hiểm do cơ quan nào ban hành?",1,BIEN_PHAP_PHONG_NGUA,synthetic,train,danh_mục nghề công_việc nặng_nhọc độc_hại nguy_hiểm do cơ_quan nào ban_hành
316,c1-024,22,worker,Muốn biết nghề hàn của tôi có nằm trong danh sách nghề độc hại không thì cái danh sách đó ai ra?,1,BIEN_PHAP_PHONG_NGUA,synthetic,train,muốn biết nghề hàn có nằm danh_sách nghề độc_hại không cái danh_sách ai
317,c1-024,22,hr,"Thẩm quyền ban hành Danh mục nghề, công việc nặng nhọc, độc hại, nguy hiểm và đặc biệt nặng nhọc, độc hại, nguy hiểm thuộc về ai?",1,BIEN_PHAP_PHONG_NGUA,synthetic,train,thẩm_quyền ban_hành danh_mục nghề công_việc nặng_nhọc độc_hại nguy_hiểm đặc_biệt nặng_nhọc độc_hại nguy_hiểm thuộc ai
318,c1-024,22,complaint,"Công ty nói nghề của tôi không thuộc nghề độc hại vì không có trong danh mục, vậy danh mục này do ai ban hành để tôi kiểm tra?",1,BIEN_PHAP_PHONG_NGUA,synthetic,train,công_ty nói nghề không thuộc nghề độc_hại vì không có danh_mục danh_mục do ai ban_hành kiểm_tra
319,c1-024,22,short,Ai ban hành danh mục nghề độc hại?,1,BIEN_PHAP_PHONG_NGUA,synthetic,train,ai ban_hành danh_mục nghề độc_hại
320,c1-025,22,neutral,"Nghề, công việc nặng nhọc, độc hại, nguy hiểm được phân loại dựa trên căn cứ nào?",1,BIEN_PHAP_PHONG_NGUA,synthetic,train,nghề công_việc nặng_nhọc độc_hại nguy_hiểm được phân_loại dựa căn_cứ nào
321,c1-025,22,worker,Dựa vô đâu mà người ta xếp nghề này là nặng nhọc độc hại còn nghề kia thì không?,1,BIEN_PHAP_PHONG_NGUA,synthetic,train,dựa vô_đâu người ta xếp nghề nặng_nhọc độc_hại còn nghề không
322,c1-025,22,hr,"Tiêu chí phân loại nghề, công việc nặng nhọc, độc hại, nguy hiểm và đặc biệt nặng nhọc, độc hại, nguy hiểm được luật xác định như thế nào?",1,BIEN_PHAP_PHONG_NGUA,synthetic,train,tiêu_chí phân_loại nghề công_việc nặng_nhọc độc_hại nguy_hiểm đặc_biệt nặng_nhọc độc_hại nguy_hiểm được luật xác_định như_thế_nào
323,c1-025,22,complaint,"Tôi làm sơn tàu cả ngày ngửi dung môi mà không được xếp vào nghề độc hại, cách phân loại nghề độc hại dựa trên cơ sở nào?",1,BIEN_PHAP_PHONG_NGUA,synthetic,train,làm sơn tàu cả ngày ngửi_dung môi không được xếp nghề độc_hại cách phân_loại nghề độc_hại dựa cơ_sở nào
324,c1-025,22,short,Căn cứ phân loại nghề độc hại,1,BIEN_PHAP_PHONG_NGUA,synthetic,train,căn_cứ phân_loại nghề độc_hại
325,c1-026,22,neutral,Cơ quan nào quy định tiêu chuẩn phân loại lao động theo điều kiện lao động?,1,BIEN_PHAP_PHONG_NGUA,synthetic,train,cơ_quan nào quy_định tiêu_chuẩn phân_loại lao_động điều_kiện lao_động
326,c1-026,22,worker,Cái vụ xếp loại điều kiện lao động nặng hay nhẹ là ai đặt ra tiêu chuẩn vậy?,1,BIEN_PHAP_PHONG_NGUA,synthetic,train,cái vụ xếp loại điều_kiện lao_động nặng nhẹ ai đặt tiêu_chuẩn
327,c1-026,22,hr,Thẩm quyền quy định tiêu chuẩn phân loại lao động theo điều kiện lao động được luật giao cho cơ quan nào?,1,BIEN_PHAP_PHONG_NGUA,synthetic,train,thẩm_quyền quy_định tiêu_chuẩn phân_loại lao_động điều_kiện lao_động được luật giao cơ_quan nào
328,c1-026,22,complaint,"Công ty tự xếp điều kiện lao động của tụi tôi là bình thường, vậy tiêu chuẩn phân loại lao động theo điều kiện lao động do ai quy định?",1,BIEN_PHAP_PHONG_NGUA,synthetic,train,công_ty tự_xếp điều_kiện lao_động tụi bình_thường tiêu_chuẩn phân_loại lao_động điều_kiện lao_động do ai quy_định
329,c1-026,22,short,Tiêu chuẩn phân loại điều kiện lao động,1,BIEN_PHAP_PHONG_NGUA,synthetic,train,tiêu_chuẩn phân_loại điều_kiện lao_động
330,c1-027,25,neutral,Công ty có trách nhiệm gì về thời gian tiếp xúc với yếu tố có hại của người lao động?,1,BIEN_PHAP_PHONG_NGUA,synthetic,train,công_ty có trách_nhiệm gì thời_gian tiếp_xúc yếu_tố có hại người lao_động
331,c1-027,25,worker,"Đứng cạnh lò nung nóng cả ngày không nghỉ, công ty có phải giới hạn thời gian cho tụi tôi đứng đó không?",1,BIEN_PHAP_PHONG_NGUA,synthetic,train,đứng cạnh lò_nung nóng cả ngày không nghỉ công_ty có phải giới_hạn thời_gian tụi đứng không
332,c1-027,25,hr,"Nghĩa vụ bảo đảm thời gian tiếp xúc với yếu tố nguy hiểm, yếu tố có hại nằm trong giới hạn an toàn theo quy chuẩn kỹ thuật được quy định thế nào?",1,BIEN_PHAP_PHONG_NGUA,synthetic,train,nghĩa_vụ bảo_đảm thời_gian tiếp_xúc yếu_tố nguy_hiểm yếu_tố có hại nằm giới_hạn an_toàn quy_chuẩn kỹ_thuật được quy_định
333,c1-027,25,complaint,"Công ty bắt tôi làm liên tục trong phòng phun sơn vượt quá giới hạn cho phép, như vậy có trái luật không?",1,BIEN_PHAP_PHONG_NGUA,synthetic,train,công_ty bắt làm liên_tục phòng phun sơn vượt quá giới_hạn cho_phép như_vậy có trái luật không
334,c1-027,25,short,Giới hạn thời gian tiếp xúc độc hại,1,BIEN_PHAP_PHONG_NGUA,synthetic,train,giới_hạn thời_gian tiếp_xúc độc_hại
335,c1-028,25,neutral,"Thời giờ làm việc của người làm nghề đặc biệt nặng nhọc, độc hại, nguy hiểm được áp dụng theo quy định nào?",1,BIEN_PHAP_PHONG_NGUA,synthetic,train,thời giờ làm_việc người làm nghề đặc_biệt nặng_nhọc độc_hại nguy_hiểm được áp_dụng quy_định nào
336,c1-028,25,worker,"Làm thợ lặn là nghề đặc biệt nguy hiểm thì giờ làm có khác người thường không, theo luật nào?",1,BIEN_PHAP_PHONG_NGUA,synthetic,train,làm thợ lặn nghề đặc_biệt nguy_hiểm thì_giờ làm có khác người thường không luật nào
337,c1-028,25,hr,"Căn cứ pháp lý xác định thời giờ làm việc đối với người lao động làm nghề, công việc đặc biệt nặng nhọc, độc hại, nguy hiểm là gì?",1,BIEN_PHAP_PHONG_NGUA,synthetic,train,căn_cứ pháp_lý xác_định thời_giờ làm_việc đối_với người lao_động làm nghề công_việc đặc_biệt nặng_nhọc độc_hại nguy_hiểm gì
338,c1-028,25,complaint,"Tôi làm nghề đặc biệt độc hại mà công ty vẫn bắt làm giờ như văn phòng, luật an toàn lao động nói thời giờ làm việc của tụi tôi theo đâu?",1,BIEN_PHAP_PHONG_NGUA,synthetic,train,làm nghề đặc_biệt độc_hại công_ty vẫn bắt làm giờ văn_phòng luật an_toàn_lao_động nói thời_giờ làm_việc tụi đâu
339,c1-028,25,short,Giờ làm nghề đặc biệt nặng nhọc,1,BIEN_PHAP_PHONG_NGUA,synthetic,train,giờ làm nghề đặc_biệt nặng_nhọc
340,c1-029,28,neutral,"Máy, thiết bị có yêu cầu nghiêm ngặt về an toàn, vệ sinh lao động là gì?",1,BIEN_PHAP_PHONG_NGUA,synthetic,train,máy thiết_bị có yêu_cầu nghiêm_ngặt an_toàn vệ_sinh lao_động gì
341,c1-029,28,worker,"Người ta nói xe nâng, nồi hơi là máy nghiêm ngặt, vậy máy nghiêm ngặt nghĩa là sao?",1,BIEN_PHAP_PHONG_NGUA,synthetic,train,người ta nói xe nâng nồi hơi máy nghiêm_ngặt máy nghiêm_ngặt nghĩa_là sao
342,c1-029,28,hr,"Khái niệm máy, thiết bị, vật tư, chất có yêu cầu nghiêm ngặt về an toàn, vệ sinh lao động được luật xác định như thế nào?",1,BIEN_PHAP_PHONG_NGUA,synthetic,train,khái_niệm máy thiết_bị vật_tư chất có yêu_cầu nghiêm_ngặt an_toàn vệ_sinh lao_động được luật xác_định như_thế_nào
343,c1-029,28,complaint,"Công ty cãi rằng cái bình khí nén của xưởng không phải thiết bị nghiêm ngặt, vậy luật hiểu thiết bị nghiêm ngặt là gì?",1,BIEN_PHAP_PHONG_NGUA,synthetic,train,công_ty cãi cái bình_khí nén xưởng không phải thiết_bị nghiêm_ngặt luật hiểu thiết_bị nghiêm_ngặt gì
344,c1-029,28,short,Thiết bị nghiêm ngặt là gì,1,BIEN_PHAP_PHONG_NGUA,synthetic,train,thiết_bị nghiêm_ngặt gì
345,c1-030,28,neutral,"Danh mục máy, thiết bị, vật tư, chất có yêu cầu nghiêm ngặt về an toàn do ai ban hành?",1,BIEN_PHAP_PHONG_NGUA,synthetic,test,danh_mục máy thiết_bị vật_tư chất có yêu_cầu nghiêm_ngặt an_toàn do ai ban_hành
346,c1-030,28,worker,Muốn biết máy của xưởng có thuộc loại nghiêm ngặt không thì tra danh sách của ai ban hành?,1,BIEN_PHAP_PHONG_NGUA,synthetic,test,muốn biết máy xưởng có thuộc loại nghiêm_ngặt không tra danh_sách ai ban_hành
347,c1-030,28,hr,"Thẩm quyền ban hành Danh mục các loại máy, thiết bị, vật tư, chất có yêu cầu nghiêm ngặt về an toàn, vệ sinh lao động được quy định ra sao?",1,BIEN_PHAP_PHONG_NGUA,synthetic,test,thẩm_quyền ban_hành danh_mục loại máy thiết_bị vật_tư chất có yêu_cầu nghiêm_ngặt an_toàn vệ_sinh lao_động được quy_định sao
348,c1-030,28,complaint,"Công ty bảo máy cắt plasma không nằm trong danh mục nghiêm ngặt, vậy danh mục đó do ai ban hành để tôi đối chiếu?",1,BIEN_PHAP_PHONG_NGUA,synthetic,test,công_ty bảo_máy cắt plasma không nằm danh_mục nghiêm_ngặt danh_mục do ai ban_hành đối_chiếu
349,c1-030,28,short,Ai ban hành danh mục máy nghiêm ngặt?,1,BIEN_PHAP_PHONG_NGUA,synthetic,test,ai ban_hành danh_mục máy nghiêm_ngặt
350,c1-031,29,neutral,"Khi xây dựng mới cơ sở có sử dụng thiết bị nghiêm ngặt, chủ đầu tư có phải lập phương án bảo đảm an toàn, vệ sinh lao động không?",1,BIEN_PHAP_PHONG_NGUA,synthetic,train,khi xây_dựng mới cơ_sở có sử_dụng thiết_bị nghiêm_ngặt chủ đầu_tư có phải lập phương_án bảo_đảm an_toàn vệ_sinh lao_động không
351,c1-031,29,worker,"Công ty mở rộng xưởng để đặt thêm lò hơi, có cần làm phương án an toàn nộp kèm hồ sơ xin phép xây dựng không?",1,BIEN_PHAP_PHONG_NGUA,synthetic,train,công_ty mở_rộng xưởng đặt thêm lò_hơi có cần làm phương_án an_toàn nộp kèm hồ_sơ phép xây_dựng không
352,c1-031,29,hr,"Hồ sơ xin cấp giấy phép xây dựng mới, mở rộng, cải tạo cơ sở lưu giữ chất có yêu cầu nghiêm ngặt có bắt buộc kèm phương án bảo đảm an toàn, vệ sinh lao động không?",1,BIEN_PHAP_PHONG_NGUA,synthetic,train,hồ_sơ cấp giấy_phép xây_dựng mới mở_rộng cải_tạo cơ_sở lưu_giữ chất có yêu_cầu nghiêm_ngặt có bắt_buộc kèm phương_án bảo_đảm an_toàn vệ_sinh lao_động không
353,c1-031,29,complaint,"Chủ đầu tư cải tạo kho chứa hóa chất mà không lập phương án an toàn gì hết, như vậy có đúng quy định không?",1,BIEN_PHAP_PHONG_NGUA,synthetic,train,chủ đầu_tư cải_tạo kho chứa hóa_chất không lập phương_án an_toàn gì hết như_vậy có đúng quy_định không
354,c1-031,29,short,Phương án an toàn xây xưởng mới,1,BIEN_PHAP_PHONG_NGUA,synthetic,train,phương_án an_toàn xây xưởng mới
355,c1-032,29,neutral,"Phương án bảo đảm an toàn, vệ sinh lao động khi xây dựng công trình phải có những nội dung chủ yếu nào?",1,BIEN_PHAP_PHONG_NGUA,synthetic,test,phương_án bảo_đảm an_toàn vệ_sinh lao_động khi xây_dựng công_trình phải có nội_dung chủ_yếu nào
356,c1-032,29,worker,Làm cái phương án an toàn cho xưởng mới thì phải ghi mấy mục gì trong đó?,1,BIEN_PHAP_PHONG_NGUA,synthetic,test,làm cái phương_án an_toàn xưởng mới phải ghi mấy mục gì
357,c1-032,29,hr,"Đề nghị nêu các nội dung bắt buộc của phương án bảo đảm an toàn, vệ sinh lao động trong hồ sơ cấp phép xây dựng cơ sở có thiết bị nghiêm ngặt.",1,BIEN_PHAP_PHONG_NGUA,synthetic,test,đề_nghị nêu nội_dung bắt_buộc phương_án bảo_đảm an_toàn vệ_sinh lao_động hồ_sơ cấp phép xây_dựng cơ_sở có thiết_bị nghiêm_ngặt
358,c1-032,29,complaint,"Phương án an toàn của dự án kho gas chỉ có một trang ghi chung chung, luật yêu cầu phương án phải có nội dung gì?",1,BIEN_PHAP_PHONG_NGUA,synthetic,test,phương_án an_toàn dự_án kho gas chỉ có trang ghi chung_chung luật yêu_cầu phương_án phải có nội_dung gì
359,c1-032,29,short,Nội dung phương án bảo đảm ATVSLĐ,1,BIEN_PHAP_PHONG_NGUA,synthetic,test,nội_dung phương_án bảo_đảm atvslđ
360,c1-033,30,neutral,"Máy, thiết bị có yêu cầu nghiêm ngặt phải đáp ứng những yêu cầu gì về nguồn gốc, thời hạn sử dụng và chất lượng?",1,BIEN_PHAP_PHONG_NGUA,synthetic,train,máy thiết_bị có yêu_cầu nghiêm_ngặt phải đáp_ứng yêu_cầu gì nguồn_gốc thời_hạn sử_dụng chất_lượng
361,c1-033,30,worker,"Công ty mua pa lăng cũ trôi nổi không rõ xuất xứ về xài, vậy máy nghiêm ngặt có phải rõ nguồn gốc không?",1,BIEN_PHAP_PHONG_NGUA,synthetic,train,công_ty mua pa lăng cũ trôi_nổi không rõ xuất_xứ xài máy nghiêm_ngặt có phải rõ nguồn_gốc không
362,c1-033,30,hr,"Điều kiện về xuất xứ, thời hạn sử dụng, chất lượng đối với máy, thiết bị, vật tư có yêu cầu nghiêm ngặt khi đưa vào sử dụng là gì?",1,BIEN_PHAP_PHONG_NGUA,synthetic,train,điều_kiện xuất_xứ thời_hạn sử_dụng chất_lượng đối_với máy thiết_bị vật_tư có yêu_cầu nghiêm_ngặt khi đưa sử_dụng gì
363,c1-033,30,complaint,"Thang máy chở hàng của xưởng đã quá hạn sử dụng mà công ty vẫn cho chạy, luật yêu cầu thiết bị nghiêm ngặt phải thế nào?",1,BIEN_PHAP_PHONG_NGUA,synthetic,train,thang_máy chở hàng xưởng quá hạn sử_dụng công_ty vẫn chạy luật yêu_cầu thiết_bị nghiêm_ngặt phải
364,c1-033,30,short,Yêu cầu nguồn gốc thiết bị nghiêm ngặt,1,BIEN_PHAP_PHONG_NGUA,synthetic,train,yêu_cầu nguồn_gốc thiết_bị nghiêm_ngặt
365,c1-034,30,neutral,"Khi đưa máy, thiết bị có yêu cầu nghiêm ngặt vào sử dụng hoặc thải bỏ thì có phải khai báo không?",1,BIEN_PHAP_PHONG_NGUA,synthetic,test,khi đưa máy thiết_bị có yêu_cầu nghiêm_ngặt sử_dụng thải bỏ có phải khai_báo không
366,c1-034,30,worker,"Xưởng mới mua nồi hơi về lắp, có phải đi khai báo với cơ quan nhà nước không?",1,BIEN_PHAP_PHONG_NGUA,synthetic,test,xưởng mới mua nồi hơi lắp có phải đi khai_báo cơ_quan nhà_nước không
367,c1-034,30,hr,"Thủ tục khai báo với cơ quan chuyên môn cấp tỉnh khi đưa vào sử dụng hoặc thải bỏ máy, thiết bị nghiêm ngặt được quy định như thế nào?",1,BIEN_PHAP_PHONG_NGUA,synthetic,test,thủ_tục khai_báo cơ_quan_chuyên_môn cấp tỉnh khi đưa sử_dụng thải bỏ máy thiết_bị nghiêm_ngặt được quy_định như_thế_nào
368,c1-034,30,complaint,"Công ty thanh lý cần trục cũ mà không khai báo với cơ quan nào, như vậy có đúng quy định không?",1,BIEN_PHAP_PHONG_NGUA,synthetic,test,công_ty thanh_lý cần trục cũ không khai_báo cơ_quan nào như_vậy có đúng quy_định không
369,c1-034,30,short,Khai báo thiết bị nghiêm ngặt mới,1,BIEN_PHAP_PHONG_NGUA,synthetic,test,khai_báo thiết_bị nghiêm_ngặt mới
370,c1-035,30,neutral,"Trong quá trình sử dụng thiết bị nghiêm ngặt, tổ chức, cá nhân phải lập và lưu giữ hồ sơ gì?",1,BIEN_PHAP_PHONG_NGUA,synthetic,train,quá_trình sử_dụng thiết_bị nghiêm_ngặt tổ_chức cá_nhân phải lập lưu_giữ hồ_sơ gì
371,c1-035,30,worker,Mấy cái bình chịu áp lực trong xưởng có cần làm sổ sách hồ sơ kỹ thuật lưu lại không?,1,BIEN_PHAP_PHONG_NGUA,synthetic,train,mấy cái bình_chịu áp_lực xưởng có cần làm sổ_sách hồ_sơ kỹ_thuật lưu không
372,c1-035,30,hr,"Nghĩa vụ định kỳ kiểm tra, bảo dưỡng và lập, lưu giữ hồ sơ kỹ thuật an toàn đối với máy, thiết bị nghiêm ngặt là gì?",1,BIEN_PHAP_PHONG_NGUA,synthetic,train,nghĩa_vụ định_kỳ kiểm_tra bảo_dưỡng lập lưu_giữ hồ_sơ kỹ_thuật an_toàn đối_với máy thiết_bị nghiêm_ngặt gì
373,c1-035,30,complaint,"Đoàn kiểm tra hỏi hồ sơ kỹ thuật an toàn của xe nâng mà công ty không có, như vậy công ty có sai không?",1,BIEN_PHAP_PHONG_NGUA,synthetic,train,đoàn kiểm_tra hồ_sơ kỹ_thuật an_toàn xe nâng công_ty không có như_vậy công_ty có sai không
374,c1-035,30,short,Hồ sơ kỹ thuật an toàn máy,1,BIEN_PHAP_PHONG_NGUA,synthetic,train,hồ_sơ kỹ_thuật an_toàn máy
375,c1-036,31,neutral,"Máy, thiết bị có yêu cầu nghiêm ngặt về an toàn lao động phải được kiểm định khi nào?",1,BIEN_PHAP_PHONG_NGUA,synthetic,val,máy thiết_bị có yêu_cầu nghiêm_ngặt an_toàn_lao_động phải được kiểm_định khi nào
376,c1-036,31,worker,"Cẩu tháp ở công trường thì bao giờ mới phải đem đi kiểm định, mua về là xài luôn được không?",1,BIEN_PHAP_PHONG_NGUA,synthetic,val,cẩu tháp công_trường bao_giờ mới phải đem đi kiểm_định mua xài luôn được không
377,c1-036,31,hr,Quy định về kiểm định lần đầu trước khi đưa vào sử dụng và kiểm định định kỳ đối với thiết bị có yêu cầu nghiêm ngặt là gì?,1,BIEN_PHAP_PHONG_NGUA,synthetic,val,quy_định kiểm_định lần đầu trước khi đưa sử_dụng kiểm_định định_kỳ đối_với thiết_bị có yêu_cầu nghiêm_ngặt gì
378,c1-036,31,complaint,"Máy nén khí của xưởng xài năm năm rồi chưa kiểm định lại lần nào, luật có bắt kiểm định định kỳ không?",1,BIEN_PHAP_PHONG_NGUA,synthetic,val,máy nén khí xưởng xài năm năm chưa kiểm_định lần nào luật có bắt kiểm_định định_kỳ không
379,c1-036,31,short,Khi nào phải kiểm định thiết bị?,1,BIEN_PHAP_PHONG_NGUA,synthetic,val,khi nào phải kiểm_định thiết_bị
380,c1-037,31,neutral,"Ai được thực hiện kiểm định máy, thiết bị có yêu cầu nghiêm ngặt về an toàn lao động?",1,BIEN_PHAP_PHONG_NGUA,synthetic,train,ai được thực_hiện kiểm_định máy thiết_bị có yêu_cầu nghiêm_ngặt an_toàn_lao_động
381,c1-037,31,worker,Công ty tự cho thợ bảo trì kiểm định cái cần cẩu thì có được không hay phải thuê bên ngoài?,1,BIEN_PHAP_PHONG_NGUA,synthetic,train,công_ty tự thợ bảo_trì kiểm_định cái cần_cẩu có được không phải thuê bên ngoài
382,c1-037,31,hr,"Chủ thể thực hiện hoạt động kiểm định kỹ thuật an toàn lao động đối với máy, thiết bị nghiêm ngặt theo luật là ai?",1,BIEN_PHAP_PHONG_NGUA,synthetic,train,chủ_thể thực_hiện hoạt_động kiểm_định kỹ_thuật an_toàn_lao_động đối_với máy thiết_bị nghiêm_ngặt luật ai
383,c1-037,31,complaint,"Công ty nhờ người quen ký giấy kiểm định cho nồi hơi mà người đó không thuộc tổ chức kiểm định nào, vậy có hợp lệ không?",1,BIEN_PHAP_PHONG_NGUA,synthetic,train,công_ty nhờ người quen ký giấy kiểm_định nồi_hơi người không thuộc tổ_chức kiểm_định nào có hợp_lệ không
384,c1-037,31,short,Đơn vị nào được kiểm định?,1,BIEN_PHAP_PHONG_NGUA,synthetic,train,đơn_vị nào được kiểm_định
385,c1-038,31,neutral,"Việc kiểm định máy, thiết bị có yêu cầu nghiêm ngặt phải bảo đảm những yêu cầu gì?",1,BIEN_PHAP_PHONG_NGUA,synthetic,train,việc kiểm_định máy thiết_bị có yêu_cầu nghiêm_ngặt phải bảo_đảm yêu_cầu gì
386,c1-038,31,worker,"Kiểm định máy mà làm qua loa, không cho ai xem kết quả thì có được không?",1,BIEN_PHAP_PHONG_NGUA,synthetic,train,kiểm_định máy làm qua_loa không ai xem kết_quả có được không
387,c1-038,31,hr,"Nguyên tắc chính xác, công khai, minh bạch trong hoạt động kiểm định thiết bị nghiêm ngặt về an toàn lao động được quy định như thế nào?",1,BIEN_PHAP_PHONG_NGUA,synthetic,train,nguyên_tắc chính_xác công_khai minh_bạch hoạt_động kiểm_định thiết_bị nghiêm_ngặt an_toàn_lao_động được quy_định như_thế_nào
388,c1-038,31,complaint,"Kết quả kiểm định thang nâng công ty giữ kín, không cho công nhân biết, luật có yêu cầu kiểm định phải công khai không?",1,BIEN_PHAP_PHONG_NGUA,synthetic,train,kết_quả kiểm_định thang nâng công_ty giữ kín không công_nhân biết luật có yêu_cầu kiểm_định phải công_khai không
389,c1-038,31,short,Yêu cầu minh bạch trong kiểm định,1,BIEN_PHAP_PHONG_NGUA,synthetic,train,yêu_cầu minh_bạch kiểm_định
390,c1-039,32,neutral,Tổ chức kiểm định kỹ thuật an toàn lao động có được từ chối kiểm định không?,1,BIEN_PHAP_PHONG_NGUA,synthetic,test,tổ_chức kiểm_định kỹ_thuật an_toàn_lao_động có được từ_chối kiểm_định không
391,c1-039,32,worker,"Bên kiểm định tới thấy chỗ đặt nồi hơi không an toàn nên bỏ về không kiểm, họ có quyền làm vậy không?",1,BIEN_PHAP_PHONG_NGUA,synthetic,test,bên kiểm_định tới thấy chỗ đặt nồi hơi không an_toàn nên bỏ không kiểm_họ có quyền làm_vậy không
392,c1-039,32,hr,Quyền từ chối cung ứng dịch vụ kiểm định khi không bảo đảm điều kiện an toàn của tổ chức kiểm định được quy định ra sao?,1,BIEN_PHAP_PHONG_NGUA,synthetic,test,quyền từ_chối cung_ứng dịch_vụ kiểm_định khi không bảo_đảm điều_kiện an_toàn tổ_chức kiểm_định được quy_định sao
393,c1-039,32,complaint,"Đơn vị kiểm định từ chối kiểm định cần trục của công ty với lý do hiện trường không an toàn, họ làm vậy có đúng quyền không?",1,BIEN_PHAP_PHONG_NGUA,synthetic,test,đơn_vị kiểm_định từ_chối kiểm_định cần trục công_ty lý_do hiện_trường không an_toàn họ làm_vậy có đúng quyền không
394,c1-039,32,short,Tổ chức kiểm định từ chối kiểm định,1,BIEN_PHAP_PHONG_NGUA,synthetic,test,tổ_chức kiểm_định từ_chối kiểm_định
395,c1-040,33,neutral,"Bộ nào quản lý nhà nước đối với máy, thiết bị có yêu cầu nghiêm ngặt sử dụng trong thi công xây dựng?",1,BIEN_PHAP_PHONG_NGUA,synthetic,train,bộ nào quản_lý_nhà_nước đối_với máy thiết_bị có yêu_cầu nghiêm_ngặt sử_dụng thi_công xây_dựng
396,c1-040,33,worker,"Mấy cái vận thăng, cẩu tháp ngoài công trường thì bộ nào quản lý vậy?",1,BIEN_PHAP_PHONG_NGUA,synthetic,train,mấy cái vận_thăng cẩu tháp ngoài công_trường bộ nào quản_lý
397,c1-040,33,hr,"Phân công trách nhiệm quản lý nhà nước đối với máy, thiết bị, vật tư nghiêm ngặt dùng trong thi công xây dựng thuộc bộ nào?",1,BIEN_PHAP_PHONG_NGUA,synthetic,train,phân_công trách_nhiệm quản_lý_nhà_nước đối_với máy thiết_bị vật_tư nghiêm_ngặt dùng thi_công xây_dựng thuộc bộ nào
398,c1-040,33,complaint,"Tôi muốn phản ánh cẩu tháp ở công trường không an toàn, vậy bộ nào chịu trách nhiệm quản lý loại thiết bị này?",1,BIEN_PHAP_PHONG_NGUA,synthetic,train,muốn phản_ánh cẩu tháp công_trường không an_toàn bộ nào chịu trách_nhiệm quản_lý loại thiết_bị
399,c1-040,33,short,Bộ nào quản lý cẩu tháp công trường?,1,BIEN_PHAP_PHONG_NGUA,synthetic,train,bộ nào quản_lý cẩu tháp công_trường
400,c2-001,23,neutral,Những người lao động nào được người sử dụng lao động trang cấp phương tiện bảo vệ cá nhân?,2,PHUONG_TIEN_BAO_HO,synthetic,train,người lao_động nào được người sử_dụng lao_động trang cấp phương_tiện bảo_vệ cá_nhân
401,c2-001,23,worker,"Làm ở xưởng thì ai mới được phát đồ bảo hộ, tôi làm phụ kho có được không?",2,PHUONG_TIEN_BAO_HO,synthetic,train,làm xưởng ai mới được phát_đồ bảo_hộ làm phụ kho có được không
402,c2-001,23,hr,"Đối tượng người lao động được trang cấp phương tiện bảo vệ cá nhân theo Luật An toàn, vệ sinh lao động là ai?",2,PHUONG_TIEN_BAO_HO,synthetic,train,đối_tượng người lao_động được trang cấp phương_tiện bảo_vệ cá_nhân luật an_toàn vệ_sinh lao_động ai
403,c2-001,23,complaint,"Tôi làm ở khu có bụi hóa chất mà công ty nói tôi không thuộc diện được cấp đồ bảo hộ, vậy ai mới được cấp?",2,PHUONG_TIEN_BAO_HO,synthetic,train,làm khu có bụi hóa_chất công_ty nói không thuộc diện được cấp đồ bảo_hộ ai mới được cấp
404,c2-001,23,short,Ai được cấp đồ bảo hộ?,2,PHUONG_TIEN_BAO_HO,synthetic,train,ai được cấp đồ bảo_hộ
405,c2-002,23,neutral,Công ty có bắt buộc phải cấp đồ bảo hộ lao động cho công nhân làm việc có yếu tố nguy hiểm không?,2,PHUONG_TIEN_BAO_HO,synthetic,train,công_ty có bắt_buộc phải cấp đồ bảo_hộ_lao_động công_nhân làm_việc có yếu_tố nguy_hiểm không
406,c2-002,23,worker,"Làm thợ hàn mà sếp không phát cho cái mặt nạ hàn nào, công ty có phải cấp không?",2,PHUONG_TIEN_BAO_HO,synthetic,train,làm thợ_hàn sếp không phát cái mặt_nạ hàn nào công_ty có phải cấp không
407,c2-002,23,hr,"Nghĩa vụ trang cấp đầy đủ phương tiện bảo vệ cá nhân của người sử dụng lao động đối với công việc có yếu tố nguy hiểm, có hại được quy định thế nào?",2,PHUONG_TIEN_BAO_HO,synthetic,train,nghĩa_vụ trang_cấp đầy_đủ phương_tiện bảo_vệ cá_nhân người sử_dụng lao_động đối_với công_việc có yếu_tố nguy_hiểm có hại được quy_định
408,c2-002,23,complaint,"Công ty không cấp đồ bảo hộ cho tụi tôi dù làm ngoài công trường, chúng tôi có kiện được không?",2,PHUONG_TIEN_BAO_HO,synthetic,train,công_ty không cấp đồ bảo_hộ tụi dù làm ngoài công_trường chúng_tôi có kiện được không
409,c2-002,23,short,Công ty không cấp đồ bảo hộ,2,PHUONG_TIEN_BAO_HO,synthetic,train,công_ty không cấp đồ bảo_hộ
410,c2-003,23,neutral,Người lao động có bắt buộc phải sử dụng phương tiện bảo vệ cá nhân đã được cấp trong khi làm việc không?,2,PHUONG_TIEN_BAO_HO,synthetic,train,người lao_động có bắt_buộc phải sử_dụng phương_tiện bảo_vệ cá_nhân được cấp khi làm_việc không
411,c2-003,23,worker,"Đeo khẩu trang với kính suốt ca nóng quá, tôi tháo ra được không hay bắt buộc phải đeo?",2,PHUONG_TIEN_BAO_HO,synthetic,train,đeo khẩu_trang kính suốt ca nóng quá tháo được không bắt_buộc phải đeo
412,c2-003,23,hr,Nghĩa vụ sử dụng phương tiện bảo vệ cá nhân trong suốt quá trình làm việc của người lao động được luật quy định ra sao?,2,PHUONG_TIEN_BAO_HO,synthetic,train,nghĩa_vụ sử_dụng phương_tiện bảo_vệ cá_nhân suốt quá_trình làm_việc người lao_động được luật quy_định sao
413,c2-003,23,complaint,"Tổ trưởng bắt tôi đội mũ bảo hộ cả ngày dù trời nóng, tôi không đội thì có sai luật không?",2,PHUONG_TIEN_BAO_HO,synthetic,train,tổ_trưởng bắt đội mũ_bảo_hộ cả ngày dù trời nóng không đội có sai luật không
414,c2-003,23,short,Có bắt buộc đeo đồ bảo hộ?,2,PHUONG_TIEN_BAO_HO,synthetic,train,có bắt_buộc đeo đồ bảo_hộ
415,c2-004,23,neutral,Phương tiện bảo vệ cá nhân được trang cấp phải bảo đảm chất lượng theo tiêu chuẩn nào?,2,PHUONG_TIEN_BAO_HO,synthetic,test,phương_tiện bảo_vệ cá_nhân được trang cấp phải bảo_đảm chất_lượng tiêu_chuẩn nào
416,c2-004,23,worker,"Găng tay công ty phát mỏng dính, đụng hóa chất là rách, đồ bảo hộ vậy có đạt chuẩn không?",2,PHUONG_TIEN_BAO_HO,synthetic,test,găng_tay công_ty phát mỏng dính đụng hóa_chất rách_đồ bảo_hộ có đạt chuẩn không
417,c2-004,23,hr,"Yêu cầu về chất lượng phương tiện bảo vệ cá nhân theo tiêu chuẩn, quy chuẩn kỹ thuật quốc gia khi trang cấp là gì?",2,PHUONG_TIEN_BAO_HO,synthetic,test,yêu_cầu chất_lượng phương_tiện bảo_vệ cá_nhân tiêu_chuẩn quy_chuẩn kỹ_thuật quốc_gia khi trang cấp gì
418,c2-004,23,complaint,"Công ty mua giày bảo hộ hàng dỏm, đi hai tuần là bung đế, chuyện này có vi phạm quy định trang cấp không?",2,PHUONG_TIEN_BAO_HO,synthetic,test,công_ty mua giày bảo_hộ hàng dỏm đi hai tuần bung_đế chuyện có vi_phạm quy_định trang cấp không
419,c2-004,23,short,Chất lượng đồ bảo hộ theo chuẩn nào?,2,PHUONG_TIEN_BAO_HO,synthetic,test,chất_lượng đồ bảo_hộ chuẩn nào
420,c2-005,23,neutral,Công ty có được phát tiền thay cho việc trang cấp phương tiện bảo vệ cá nhân không?,2,PHUONG_TIEN_BAO_HO,synthetic,train,công_ty có được phát tiền thay việc trang cấp phương_tiện bảo_vệ cá_nhân không
421,c2-005,23,worker,"Sếp không phát đồ bảo hộ mà đưa mỗi người một trăm ngàn tự lo, vậy có được không?",2,PHUONG_TIEN_BAO_HO,synthetic,train,sếp không phát_đồ bảo_hộ đưa mỗi người một_trăm_ngàn tự lo có được không
422,c2-005,23,hr,Việc chi trả tiền mặt thay cho trang cấp phương tiện bảo vệ cá nhân có trái với nguyên tắc trang cấp của Luật không?,2,PHUONG_TIEN_BAO_HO,synthetic,train,việc chi_trả tiền_mặt thay trang cấp phương_tiện bảo_vệ cá_nhân có trái nguyên_tắc trang_cấp luật không
423,c2-005,23,complaint,"Công ty đưa tiền rồi phủi tay chuyện đồ bảo hộ, tôi mua đồ rẻ bị tai nạn thì công ty có sai ngay từ đầu không?",2,PHUONG_TIEN_BAO_HO,synthetic,train,công_ty đưa tiền phủi tay chuyện đồ bảo_hộ mua đồ rẻ tai_nạn công_ty có sai ngay đầu không
424,c2-005,23,short,Phát tiền thay đồ bảo hộ được không?,2,PHUONG_TIEN_BAO_HO,synthetic,train,phát tiền thay đồ bảo_hộ được không
425,c2-006,23,neutral,Công ty có được buộc người lao động tự mua phương tiện bảo vệ cá nhân không?,2,PHUONG_TIEN_BAO_HO,synthetic,train,công_ty có được buộc người lao_động tự mua phương_tiện bảo_vệ cá_nhân không
426,c2-006,23,worker,"Vô làm bữa đầu sếp bảo tự ra chợ mua giày bảo hộ với nón, vậy có đúng không?",2,PHUONG_TIEN_BAO_HO,synthetic,train,vô làm bữa đầu sếp bảo tự chợ mua giày bảo_hộ nón có đúng không
427,c2-006,23,hr,Người sử dụng lao động có được yêu cầu người lao động tự trang bị phương tiện bảo vệ cá nhân bằng chi phí cá nhân không?,2,PHUONG_TIEN_BAO_HO,synthetic,train,người sử_dụng lao_động có được yêu_cầu người lao_động tự trang_bị phương_tiện bảo_vệ cá_nhân bằng chi_phí cá_nhân không
428,c2-006,23,complaint,"Công ty bắt tôi tự bỏ tiền mua dây đai an toàn mới được leo giàn giáo, như vậy có sai luật không?",2,PHUONG_TIEN_BAO_HO,synthetic,train,công_ty bắt tự bỏ tiền mua dây đai an_toàn mới được leo giàn_giáo như_vậy có sai luật không
429,c2-006,23,short,Công nhân phải tự mua đồ bảo hộ?,2,PHUONG_TIEN_BAO_HO,synthetic,train,công_nhân phải tự mua đồ bảo_hộ
430,c2-007,23,neutral,Công ty có được thu tiền của người lao động để mua phương tiện bảo vệ cá nhân không?,2,PHUONG_TIEN_BAO_HO,synthetic,train,công_ty có được thu tiền người lao_động mua phương_tiện bảo_vệ cá_nhân không
431,c2-007,23,worker,"Cuối tháng thấy phiếu lương bị trừ tiền đồ bảo hộ, công ty trừ vậy có được không?",2,PHUONG_TIEN_BAO_HO,synthetic,train,cuối tháng thấy phiếu lương trừ tiền đồ bảo_hộ công_ty trừ có được không
432,c2-007,23,hr,Việc khấu trừ tiền lương của người lao động để chi mua phương tiện bảo vệ cá nhân có phù hợp với quy định của Luật không?,2,PHUONG_TIEN_BAO_HO,synthetic,train,việc khấu_trừ tiền_lương người lao_động chi mua phương_tiện bảo_vệ cá_nhân có phù_hợp quy_định luật không
433,c2-007,23,complaint,"Công ty trừ vào lương của cả tổ tiền mua khẩu trang phòng độc, chúng tôi có đòi lại được không?",2,PHUONG_TIEN_BAO_HO,synthetic,train,công_ty trừ lương cả tổ tiền mua khẩu_trang phòng độc chúng_tôi có đòi được không
434,c2-007,23,short,Trừ lương mua đồ bảo hộ được không?,2,PHUONG_TIEN_BAO_HO,synthetic,train,trừ lương mua đồ bảo_hộ được không
435,c2-008,23,neutral,Phương tiện bảo vệ cá nhân có phải được cấp đúng chủng loại phù hợp với công việc không?,2,PHUONG_TIEN_BAO_HO,synthetic,train,phương_tiện bảo_vệ cá_nhân có phải được cấp đúng chủng_loại phù_hợp công_việc không
436,c2-008,23,worker,"Tôi làm hóa chất mà công ty phát khẩu trang vải y như đi chợ, vậy có đúng loại không?",2,PHUONG_TIEN_BAO_HO,synthetic,train,làm hóa_chất công_ty phát_khẩu trang vải y_như đi chợ có đúng loại không
437,c2-008,23,hr,"Nguyên tắc trang cấp đúng chủng loại phương tiện bảo vệ cá nhân phù hợp với yếu tố nguy hiểm, có hại của từng công việc là gì?",2,PHUONG_TIEN_BAO_HO,synthetic,train,nguyên_tắc trang_cấp đúng chủng_loại phương_tiện bảo_vệ cá_nhân phù_hợp yếu_tố nguy_hiểm có hại từng công_việc gì
438,c2-008,23,complaint,"Làm phun thuốc trừ sâu mà công ty chỉ cấp khẩu trang y tế thay vì mặt nạ phòng độc, tôi có khiếu nại được không?",2,PHUONG_TIEN_BAO_HO,synthetic,train,làm phun thuốc_trừ_sâu công_ty chỉ cấp khẩu_trang y_tế thay_vì mặt_nạ phòng độc có khiếu_nại được không
439,c2-008,23,short,Đồ bảo hộ phải đúng chủng loại?,2,PHUONG_TIEN_BAO_HO,synthetic,train,đồ bảo_hộ phải đúng chủng_loại
440,c2-009,23,neutral,Phương tiện bảo vệ cá nhân có phải được cấp đủ số lượng cho người lao động không?,2,PHUONG_TIEN_BAO_HO,synthetic,val,phương_tiện bảo_vệ cá_nhân có phải được cấp đủ số_lượng người lao_động không
441,c2-009,23,worker,"Cả tổ mười người mà chỉ có ba cái nón bảo hộ xài chung, vậy có được không?",2,PHUONG_TIEN_BAO_HO,synthetic,val,cả tổ mười người chỉ có ba cái nón bảo_hộ xài chung có được không
442,c2-009,23,hr,Yêu cầu trang cấp đủ số lượng phương tiện bảo vệ cá nhân cho từng người lao động được quy định ra sao?,2,PHUONG_TIEN_BAO_HO,synthetic,val,yêu_cầu trang_cấp đủ số_lượng phương_tiện bảo_vệ cá_nhân từng người lao_động được quy_định sao
443,c2-009,23,complaint,"Công ty phát một bộ quần áo bảo hộ cho cả năm, rách rồi không cấp thêm, như vậy có vi phạm quy định không?",2,PHUONG_TIEN_BAO_HO,synthetic,val,công_ty phát bộ quần_áo bảo_hộ cả năm rách không cấp thêm như_vậy có vi_phạm quy_định không
444,c2-009,23,short,Cấp đủ số lượng đồ bảo hộ,2,PHUONG_TIEN_BAO_HO,synthetic,val,cấp đủ số_lượng đồ bảo_hộ
445,c2-010,23,neutral,Trang cấp phương tiện bảo vệ cá nhân có phải đúng đối tượng không?,2,PHUONG_TIEN_BAO_HO,synthetic,test,trang cấp phương_tiện bảo_vệ cá_nhân có phải đúng đối_tượng không
446,c2-010,23,worker,"Đồ bảo hộ toàn phát cho mấy người văn phòng còn tụi tôi đứng máy lại không có, vậy có đúng không?",2,PHUONG_TIEN_BAO_HO,synthetic,test,đồ bảo_hộ toàn phát mấy người văn_phòng còn tụi đứng máy không có có đúng không
447,c2-010,23,hr,"Nguyên tắc trang cấp đúng đối tượng làm công việc có yếu tố nguy hiểm, yếu tố có hại được áp dụng như thế nào?",2,PHUONG_TIEN_BAO_HO,synthetic,test,nguyên_tắc trang_cấp đúng đối_tượng làm công_việc có yếu_tố nguy_hiểm yếu_tố có hại được áp_dụng như_thế_nào
448,c2-010,23,complaint,"Công ty chỉ phát mặt nạ phòng độc cho quản lý đi kiểm tra, còn công nhân trực tiếp pha hóa chất thì không, như vậy có sai không?",2,PHUONG_TIEN_BAO_HO,synthetic,test,công_ty chỉ phát mặt_nạ phòng độc quản_lý đi kiểm_tra còn công_nhân trực_tiếp pha hóa_chất không như_vậy có sai không
449,c2-010,23,short,Cấp đồ bảo hộ đúng đối tượng,2,PHUONG_TIEN_BAO_HO,synthetic,test,cấp đồ bảo_hộ đúng đối_tượng
450,c2-011,23,neutral,Công ty có trách nhiệm hướng dẫn và giám sát người lao động sử dụng phương tiện bảo vệ cá nhân không?,2,PHUONG_TIEN_BAO_HO,synthetic,train,công_ty có trách_nhiệm hướng_dẫn giám_sát người lao_động sử_dụng phương_tiện bảo_vệ cá_nhân không
451,c2-011,23,worker,"Phát mặt nạ phòng độc mà không ai chỉ cách đeo cho kín, công ty có phải hướng dẫn không?",2,PHUONG_TIEN_BAO_HO,synthetic,train,phát mặt_nạ phòng độc không ai chỉ cách đeo kín công_ty có phải hướng_dẫn không
452,c2-011,23,hr,"Trách nhiệm hướng dẫn, giám sát việc sử dụng phương tiện bảo vệ cá nhân của người sử dụng lao động được quy định thế nào?",2,PHUONG_TIEN_BAO_HO,synthetic,train,trách_nhiệm hướng_dẫn giám_sát việc sử_dụng phương_tiện bảo_vệ cá_nhân người sử_dụng lao_động được quy_định
453,c2-011,23,complaint,"Công ty phát dây an toàn xong bỏ đó, không ai kiểm tra công nhân có móc dây không, như vậy có đúng trách nhiệm không?",2,PHUONG_TIEN_BAO_HO,synthetic,train,công_ty phát dây an_toàn xong bỏ không ai kiểm_tra công_nhân có móc dây không như_vậy có đúng trách_nhiệm không
454,c2-011,23,short,Hướng dẫn sử dụng đồ bảo hộ,2,PHUONG_TIEN_BAO_HO,synthetic,train,hướng_dẫn sử_dụng đồ bảo_hộ
455,c2-012,23,neutral,Phương tiện bảo vệ cá nhân đã qua sử dụng ở nơi dễ nhiễm độc có phải được khử độc không?,2,PHUONG_TIEN_BAO_HO,synthetic,train,phương_tiện bảo_vệ cá_nhân qua sử_dụng nơi dễ nhiễm_độc có phải được khử độc không
456,c2-012,23,worker,"Đồ bảo hộ mặc trong khu hóa chất về cứ treo đó mai mặc tiếp, công ty có phải lo giặt khử độc không?",2,PHUONG_TIEN_BAO_HO,synthetic,train,đồ bảo_hộ mặc khu hóa_chất cứ treo mai mặc tiếp công_ty có phải lo giặt khử độc không
457,c2-012,23,hr,"Yêu cầu tổ chức khử độc, khử trùng, tẩy xạ đối với phương tiện bảo vệ cá nhân đã qua sử dụng ở nơi dễ nhiễm độc, nhiễm trùng, nhiễm xạ là gì?",2,PHUONG_TIEN_BAO_HO,synthetic,train,yêu_cầu tổ_chức khử độc khử_trùng tẩy_xạ đối_với phương_tiện bảo_vệ cá_nhân qua sử_dụng nơi dễ nhiễm_độc nhiễm_trùng nhiễm_xạ gì
458,c2-012,23,complaint,"Công ty bắt chúng tôi tự mang đồ bảo hộ dính hóa chất về nhà giặt, như vậy có sai quy định không?",2,PHUONG_TIEN_BAO_HO,synthetic,train,công_ty bắt chúng_tôi tự mang đồ bảo_hộ dính hóa_chất nhà giặt như_vậy có sai quy_định không
459,c2-012,23,short,Khử độc đồ bảo hộ đã dùng,2,PHUONG_TIEN_BAO_HO,synthetic,train,khử độc_đồ bảo_hộ dùng
460,c2-013,23,neutral,"Ngoài việc cấp phương tiện bảo vệ cá nhân, công ty có phải áp dụng giải pháp kỹ thuật để hạn chế yếu tố nguy hiểm không?",2,PHUONG_TIEN_BAO_HO,synthetic,train,ngoài việc cấp phương_tiện bảo_vệ cá_nhân công_ty có phải áp_dụng giải_pháp kỹ_thuật hạn_chế yếu_tố nguy_hiểm không
461,c2-013,23,worker,"Công ty cứ phát khẩu trang rồi thôi chứ không lắp quạt hút bụi, vậy có đủ không?",2,PHUONG_TIEN_BAO_HO,synthetic,train,công_ty cứ phát khẩu_trang thôi chứ không lắp quạt_hút bụi có đủ không
462,c2-013,23,hr,"Nghĩa vụ thực hiện giải pháp công nghệ, kỹ thuật, thiết bị để loại trừ hoặc hạn chế tối đa yếu tố nguy hiểm, có hại được quy định trong điều về phương tiện bảo vệ cá nhân như thế nào?",2,PHUONG_TIEN_BAO_HO,synthetic,train,nghĩa_vụ thực_hiện giải_pháp công_nghệ kỹ_thuật thiết_bị loại_trừ hạn_chế tối_đa yếu_tố nguy_hiểm có hại được quy_định điều phương_tiện bảo_vệ cá_nhân như_thế_nào
463,c2-013,23,complaint,"Công ty chỉ đưa nút tai chống ồn chứ không chịu giảm tiếng ồn của máy dập, như vậy có làm đủ trách nhiệm không?",2,PHUONG_TIEN_BAO_HO,synthetic,train,công_ty chỉ đưa nút tai chống ồn chứ không chịu giảm tiếng ồn máy_dập như_vậy có làm đủ trách_nhiệm không
464,c2-013,23,short,Giải pháp kỹ thuật ngoài đồ bảo hộ,2,PHUONG_TIEN_BAO_HO,synthetic,train,giải_pháp kỹ_thuật ngoài đồ bảo_hộ
465,c2-014,23,neutral,Cơ quan nào quy định chế độ trang cấp phương tiện bảo vệ cá nhân trong lao động?,2,PHUONG_TIEN_BAO_HO,synthetic,val,cơ_quan nào quy_định chế_độ_trang cấp phương_tiện bảo_vệ cá_nhân lao_động
466,c2-014,23,worker,"Nghề nào được phát đồ bảo hộ gì là ai quy định vậy, có văn bản nào không?",2,PHUONG_TIEN_BAO_HO,synthetic,val,nghề nào được phát_đồ bảo_hộ gì ai quy_định có văn_bản nào không
467,c2-014,23,hr,Thẩm quyền quy định chế độ trang cấp phương tiện bảo vệ cá nhân trong lao động được Luật giao cho cơ quan nào?,2,PHUONG_TIEN_BAO_HO,synthetic,val,thẩm_quyền quy_định chế_độ_trang cấp phương_tiện bảo_vệ cá_nhân lao_động được luật giao cơ_quan nào
468,c2-014,23,complaint,"Công ty nói chế độ cấp đồ bảo hộ do công ty tự quyết, vậy theo luật cơ quan nào mới có quyền quy định chế độ này?",2,PHUONG_TIEN_BAO_HO,synthetic,val,công_ty nói chế_độ cấp đồ bảo_hộ do công_ty tự_quyết luật cơ_quan nào mới có quyền quy_định chế_độ
469,c2-014,23,short,Ai quy định chế độ trang cấp?,2,PHUONG_TIEN_BAO_HO,synthetic,val,ai quy_định chế_độ_trang cấp
470,c2-015,23,neutral,Công nhân xây dựng làm việc trên cao có được cấp dây đai an toàn không?,2,PHUONG_TIEN_BAO_HO,synthetic,train,công_nhân xây_dựng làm_việc cao có được cấp dây đai an_toàn không
471,c2-015,23,worker,"Leo giàn giáo tầng mười mà không có dây đai móc vô, công ty có phải phát dây đai cho tụi tôi không?",2,PHUONG_TIEN_BAO_HO,synthetic,train,leo giàn_giáo tầng mười không có dây đai_móc vô công_ty có phải phát dây đai tụi không
472,c2-015,23,hr,"Đối với người lao động thi công trên cao, việc trang cấp dây an toàn chống rơi ngã có thuộc nghĩa vụ trang cấp phương tiện bảo vệ cá nhân không?",2,PHUONG_TIEN_BAO_HO,synthetic,train,đối_với người lao_động thi_công cao việc trang cấp dây an_toàn chống rơi ngã có thuộc nghĩa_vụ trang cấp phương_tiện bảo_vệ cá_nhân không
473,c2-015,23,complaint,"Thầu phụ bắt tụi tôi leo lên mái tôn không có dây đai gì hết, có đòi công ty cấp được không?",2,PHUONG_TIEN_BAO_HO,synthetic,train,thầu phụ bắt tụi leo mái tôn không có dây_đai gì hết có đòi công_ty cấp được không
474,c2-015,23,short,Dây đai an toàn làm trên cao,2,PHUONG_TIEN_BAO_HO,synthetic,train,dây đai an_toàn làm cao
475,c2-016,23,neutral,Người lao động làm việc nơi có tiếng ồn lớn có được cấp nút tai chống ồn không?,2,PHUONG_TIEN_BAO_HO,synthetic,train,người lao_động làm_việc nơi có tiếng ồn_lớn có được cấp nút tai chống ồn không
476,c2-016,23,worker,"Đứng máy dệt ồn điếc tai cả ngày mà không có cái bịt tai nào, công ty có phải phát không?",2,PHUONG_TIEN_BAO_HO,synthetic,train,đứng máy_dệt ồn_điếc tai cả ngày không có cái bịt tai nào công_ty có phải phát không
477,c2-016,23,hr,"Trường hợp tiếng ồn tại vị trí làm việc là yếu tố có hại, người lao động có được trang cấp phương tiện chống ồn cá nhân không?",2,PHUONG_TIEN_BAO_HO,synthetic,train,trường_hợp tiếng ồn vị_trí làm_việc yếu_tố có hại người lao_động có được trang cấp phương_tiện chống ồn_cá_nhân không
478,c2-016,23,complaint,"Tôi bị ù tai vì làm cạnh máy nghiền mà xin nút tai chống ồn công ty không cho, như vậy có đúng không?",2,PHUONG_TIEN_BAO_HO,synthetic,train,ù_tai vì làm cạnh máy nghiền nút tai chống ồn công_ty không như_vậy có đúng không
479,c2-016,23,short,Cấp nút tai chống ồn,2,PHUONG_TIEN_BAO_HO,synthetic,train,cấp nút tai chống ồn
480,c2-017,23,neutral,Thợ hàn có được cấp kính hoặc mặt nạ hàn bảo vệ mắt không?,2,PHUONG_TIEN_BAO_HO,synthetic,train,thợ hàn có được cấp kính mặt_nạ hàn bảo_vệ mắt không
481,c2-017,23,worker,"Hàn điện chói mắt đau rát mà công ty không phát mặt nạ hàn, có được đòi không?",2,PHUONG_TIEN_BAO_HO,synthetic,train,hàn điện chói_mắt đau_rát công_ty không phát mặt_nạ hàn có được đòi không
482,c2-017,23,hr,Người lao động làm công việc hàn có phát sinh tia hồ quang có thuộc đối tượng được trang cấp phương tiện bảo vệ mắt không?,2,PHUONG_TIEN_BAO_HO,synthetic,train,người lao_động làm công_việc hàn có phát_sinh tia hồ_quang có thuộc đối_tượng được trang cấp phương_tiện bảo_vệ mắt không
483,c2-017,23,complaint,"Tôi bị viêm mắt vì hàn không có mặt nạ, công ty có vi phạm nghĩa vụ trang cấp đồ bảo hộ không?",2,PHUONG_TIEN_BAO_HO,synthetic,train,viêm mắt vì hàn không có_mặt_nạ công_ty có vi_phạm nghĩa_vụ trang cấp đồ bảo_hộ không
484,c2-017,23,short,Thợ hàn được cấp mặt nạ?,2,PHUONG_TIEN_BAO_HO,synthetic,train,thợ hàn được cấp mặt_nạ
485,c2-018,23,neutral,"Người lao động tiếp xúc hóa chất có được cấp găng tay, quần áo chống hóa chất không?",2,PHUONG_TIEN_BAO_HO,synthetic,val,người lao_động tiếp_xúc hóa_chất có được cấp găng_tay quần_áo chống hóa_chất không
486,c2-018,23,worker,"Pha thuốc tẩy trong xưởng nhuộm tay bị bỏng rộp, công ty có phải phát găng tay chống hóa chất không?",2,PHUONG_TIEN_BAO_HO,synthetic,val,pha thuốc_tẩy xưởng nhuộm tay bỏng_rộp công_ty có phải phát găng_tay chống hóa_chất không
487,c2-018,23,hr,"Việc trang cấp găng tay, quần áo chống hóa chất cho người lao động trực tiếp tiếp xúc hóa chất ăn mòn được luật quy định như thế nào?",2,PHUONG_TIEN_BAO_HO,synthetic,val,việc trang cấp găng_tay quần_áo chống hóa_chất người lao_động trực_tiếp tiếp_xúc hóa_chất ăn_mòn được luật quy_định như_thế_nào
488,c2-018,23,complaint,"Công ty để tụi tôi pha axit bằng tay không, xin găng tay thì bảo tốn kém, như vậy có vi phạm không?",2,PHUONG_TIEN_BAO_HO,synthetic,val,công_ty tụi pha axit bằng tay_không găng_tay bảo tốn_kém như_vậy có vi_phạm không
489,c2-018,23,short,Găng tay chống hóa chất cho công nhân,2,PHUONG_TIEN_BAO_HO,synthetic,val,găng_tay chống hóa_chất công_nhân
490,c2-019,23,neutral,Người lao động làm việc trong môi trường bụi có được cấp khẩu trang chống bụi không?,2,PHUONG_TIEN_BAO_HO,synthetic,train,người lao_động làm_việc môi_trường bụi có được cấp khẩu_trang chống bụi không
491,c2-019,23,worker,"Làm ở mỏ đá bụi trắng xóa mà tự mua khẩu trang, công ty có phải phát cho không?",2,PHUONG_TIEN_BAO_HO,synthetic,train,làm mỏ đá bụi trắng_xóa tự mua khẩu_trang công_ty có phải phát không
492,c2-019,23,hr,"Đối với vị trí làm việc có nồng độ bụi cao, người lao động có quyền được trang cấp khẩu trang, mặt nạ chống bụi không?",2,PHUONG_TIEN_BAO_HO,synthetic,train,đối_với vị_trí làm_việc có nồng_độ bụi cao người lao_động có quyền được trang cấp khẩu_trang mặt_nạ chống bụi không
493,c2-019,23,complaint,"Tôi làm ở nhà máy xi măng mà công ty chỉ phát khẩu trang một lần rồi thôi, tôi có quyền đòi cấp thêm không?",2,PHUONG_TIEN_BAO_HO,synthetic,train,làm nhà_máy xi_măng công_ty chỉ phát khẩu_trang lần thôi có quyền đòi cấp thêm không
494,c2-019,23,short,Khẩu trang chống bụi cho công nhân,2,PHUONG_TIEN_BAO_HO,synthetic,train,khẩu_trang chống bụi công_nhân
495,c2-020,23,neutral,Người lao động có được cấp giày bảo hộ khi làm việc có nguy cơ vật nặng rơi vào chân không?,2,PHUONG_TIEN_BAO_HO,synthetic,train,người lao_động có được cấp giày bảo_hộ khi làm_việc có nguy_cơ vật nặng rơi chân không
496,c2-020,23,worker,"Khiêng thép cả ngày mà đi dép lào, công ty có phải phát giày mũi sắt không?",2,PHUONG_TIEN_BAO_HO,synthetic,train,khiêng thép cả ngày đi dép_lào công_ty có phải phát giày mũi sắt không
497,c2-020,23,hr,Việc trang cấp giày bảo hộ chống va đập cho người lao động bốc xếp vật nặng có thuộc nghĩa vụ trang cấp phương tiện bảo vệ cá nhân không?,2,PHUONG_TIEN_BAO_HO,synthetic,train,việc trang cấp giày bảo_hộ chống va_đập người lao_động bốc_xếp vật nặng có thuộc nghĩa_vụ trang cấp phương_tiện bảo_vệ cá_nhân không
498,c2-020,23,complaint,"Tôi bị cuộn thép đè dập ngón chân vì công ty không cấp giày bảo hộ, công ty có sai không?",2,PHUONG_TIEN_BAO_HO,synthetic,train,cuộn thép đè dập ngón chân vì công_ty không cấp giày bảo_hộ công_ty có sai không
499,c2-020,23,short,Giày bảo hộ cho công nhân bốc xếp,2,PHUONG_TIEN_BAO_HO,synthetic,train,giày bảo_hộ công_nhân bốc_xếp
500,c2-021,23,neutral,Công nhân làm việc ở công trường có phải đội mũ bảo hộ không?,2,PHUONG_TIEN_BAO_HO,synthetic,train,công_nhân làm_việc công_trường có phải đội mũ_bảo_hộ không
501,c2-021,23,worker,"Ra công trường mà quên nón bảo hộ thì có sao không, có bắt buộc đội không?",2,PHUONG_TIEN_BAO_HO,synthetic,train,công_trường quên nón bảo_hộ có sao không có bắt_buộc đội không
502,c2-021,23,hr,Người lao động tại công trường xây dựng có nghĩa vụ đội mũ bảo hộ đã được trang cấp trong suốt thời gian làm việc không?,2,PHUONG_TIEN_BAO_HO,synthetic,train,người lao_động công_trường xây_dựng có nghĩa_vụ đội mũ_bảo_hộ được trang cấp suốt thời_gian làm_việc không
503,c2-021,23,complaint,"Giám sát lập biên bản vì tôi không đội mũ bảo hộ, trong khi tôi thấy chẳng cần, vậy luật có bắt đội không?",2,PHUONG_TIEN_BAO_HO,synthetic,train,giám_sát lập biên_bản vì không đội mũ_bảo_hộ khi thấy chẳng cần luật có bắt_đội không
504,c2-021,23,short,Bắt buộc đội mũ bảo hộ?,2,PHUONG_TIEN_BAO_HO,synthetic,train,bắt_buộc đội mũ_bảo_hộ
505,c2-022,23,neutral,Người thử việc làm công việc có yếu tố nguy hiểm có được cấp phương tiện bảo vệ cá nhân không?,2,PHUONG_TIEN_BAO_HO,synthetic,test,người thử việc_làm công_việc có yếu_tố nguy_hiểm có được cấp phương_tiện bảo_vệ cá_nhân không
506,c2-022,23,worker,"Em mới thử việc mà sếp bảo ký chính thức mới phát đồ bảo hộ, vậy có đúng không?",2,PHUONG_TIEN_BAO_HO,synthetic,test,mới thử việc sếp bảo ký chính_thức mới phát_đồ bảo_hộ có đúng không
507,c2-022,23,hr,"Người lao động trong thời gian thử việc làm công việc có yếu tố nguy hiểm, có hại có được trang cấp phương tiện bảo vệ cá nhân như lao động chính thức không?",2,PHUONG_TIEN_BAO_HO,synthetic,test,người lao_động thời_gian thử việc_làm công_việc có yếu_tố nguy_hiểm có hại có được trang cấp phương_tiện bảo_vệ cá_nhân lao_động chính_thức không
508,c2-022,23,complaint,"Công ty không cấp đồ bảo hộ cho người thử việc với lý do chưa phải nhân viên chính thức, như vậy có trái luật không?",2,PHUONG_TIEN_BAO_HO,synthetic,test,công_ty không cấp đồ bảo_hộ người thử việc lý_do chưa phải nhân_viên chính_thức như_vậy có trái luật không
509,c2-022,23,short,Người thử việc có được cấp bảo hộ?,2,PHUONG_TIEN_BAO_HO,synthetic,test,người thử việc có được cấp bảo_hộ
510,c2-023,23,neutral,Phương tiện bảo vệ cá nhân hư hỏng thì công ty có phải thay mới không?,2,PHUONG_TIEN_BAO_HO,synthetic,val,phương_tiện bảo_vệ cá_nhân hư_hỏng công_ty có phải thay mới không
511,c2-023,23,worker,"Mặt nạ phòng độc bị nứt kính rồi mà sếp bảo ráng xài tiếp, có được đòi đổi cái mới không?",2,PHUONG_TIEN_BAO_HO,synthetic,val,mặt_nạ phòng độc nứt kính sếp bảo ráng xài tiếp có được đòi đổi cái mới không
512,c2-023,23,hr,"Khi phương tiện bảo vệ cá nhân không còn bảo đảm chất lượng do hư hỏng, người sử dụng lao động có phải trang cấp thay thế không?",2,PHUONG_TIEN_BAO_HO,synthetic,val,khi phương_tiện bảo_vệ cá_nhân không còn bảo_đảm chất_lượng do hư_hỏng người sử_dụng lao_động có phải trang_cấp thay_thế không
513,c2-023,23,complaint,"Găng tay cách điện bị thủng mà công ty không chịu đổi, bắt tụi tôi đấu điện tiếp, tôi có khiếu nại được không?",2,PHUONG_TIEN_BAO_HO,synthetic,val,găng_tay cách điện thủng công_ty không chịu đổi bắt tụi đấu điện tiếp có khiếu_nại được không
514,c2-023,23,short,Đồ bảo hộ hư có được thay?,2,PHUONG_TIEN_BAO_HO,synthetic,val,đồ bảo_hộ hư có được thay
515,c2-024,23,neutral,Phương tiện bảo vệ cá nhân không vừa kích cỡ có được coi là trang cấp đúng quy định không?,2,PHUONG_TIEN_BAO_HO,synthetic,train,phương_tiện bảo_vệ cá_nhân không vừa kích_cỡ có được coi trang cấp đúng quy_định không
516,c2-024,23,worker,"Công ty phát quần áo bảo hộ size bự thùng thình, dễ bị máy cuốn vô, vậy có được không?",2,PHUONG_TIEN_BAO_HO,synthetic,train,công_ty phát quần_áo bảo_hộ size bự thùng_thình dễ máy cuốn vô có được không
517,c2-024,23,hr,"Việc trang cấp phương tiện bảo vệ cá nhân không phù hợp kích cỡ người sử dụng có đáp ứng nguyên tắc đúng chủng loại, bảo đảm chất lượng không?",2,PHUONG_TIEN_BAO_HO,synthetic,train,việc trang cấp phương_tiện bảo_vệ cá_nhân không phù_hợp kích_cỡ người sử_dụng có đáp_ứng nguyên_tắc đúng chủng_loại bảo_đảm chất_lượng không
518,c2-024,23,complaint,"Tôi nữ nhỏ người mà công ty phát giày bảo hộ size nam quá to, đi vấp té hoài, như vậy có đúng quy định không?",2,PHUONG_TIEN_BAO_HO,synthetic,train,nữ nhỏ người công_ty phát giày bảo_hộ size nam quá to đi vấp té hoài như_vậy có đúng quy_định không
519,c2-024,23,short,Đồ bảo hộ không vừa cỡ,2,PHUONG_TIEN_BAO_HO,synthetic,train,đồ bảo_hộ không vừa cỡ
520,c2-025,23,neutral,Người lao động từ chối sử dụng phương tiện bảo vệ cá nhân thì có vi phạm nghĩa vụ không?,2,PHUONG_TIEN_BAO_HO,synthetic,train,người lao_động từ_chối sử_dụng phương_tiện bảo_vệ cá_nhân có vi_phạm nghĩa_vụ không
521,c2-025,23,worker,"Tôi thấy đeo kính bảo hộ vướng víu nên không đeo, vậy có sai luật không?",2,PHUONG_TIEN_BAO_HO,synthetic,train,thấy đeo kính bảo_hộ vướng_víu nên không đeo có sai luật không
522,c2-025,23,hr,Hành vi người lao động không sử dụng phương tiện bảo vệ cá nhân đã được trang cấp trong quá trình làm việc có trái với nghĩa vụ luật định không?,2,PHUONG_TIEN_BAO_HO,synthetic,train,hành_vi người lao_động không sử_dụng phương_tiện bảo_vệ cá_nhân được trang_cấp quá_trình làm_việc có trái nghĩa_vụ luật_định không
523,c2-025,23,complaint,"Công ty trách tôi không đeo mặt nạ nên mới bị ngộ độc khí, trong khi tôi nghĩ việc đeo là tùy mình, ai đúng?",2,PHUONG_TIEN_BAO_HO,synthetic,train,công_ty trách không đeo mặt_nạ nên mới ngộ_độc_khí khi nghĩ việc đeo tùy ai đúng
524,c2-025,23,short,Không đeo bảo hộ có vi phạm?,2,PHUONG_TIEN_BAO_HO,synthetic,train,không đeo bảo_hộ có vi_phạm
525,c2-026,23,neutral,Công ty có được cấp phương tiện bảo vệ cá nhân không đạt quy chuẩn kỹ thuật quốc gia không?,2,PHUONG_TIEN_BAO_HO,synthetic,train,công_ty có được cấp phương_tiện bảo_vệ cá_nhân không đạt quy_chuẩn kỹ_thuật quốc_gia không
526,c2-026,23,worker,"Đồ bảo hộ toàn hàng chợ không có tem mác gì, công ty phát cho vậy có được không?",2,PHUONG_TIEN_BAO_HO,synthetic,train,đồ bảo_hộ toàn hàng chợ không có tem_mác gì công_ty phát có được không
527,c2-026,23,hr,"Phương tiện bảo vệ cá nhân không có chứng nhận phù hợp tiêu chuẩn, quy chuẩn kỹ thuật quốc gia có được dùng để trang cấp cho người lao động không?",2,PHUONG_TIEN_BAO_HO,synthetic,train,phương_tiện bảo_vệ cá_nhân không có chứng_nhận phù_hợp tiêu_chuẩn quy_chuẩn kỹ_thuật quốc_gia có được dùng trang cấp người lao_động không
528,c2-026,23,complaint,"Công ty mua mũ bảo hộ không rõ nguồn gốc, bị vật rơi trúng là vỡ ngay, tôi có kiện công ty được không?",2,PHUONG_TIEN_BAO_HO,synthetic,train,công_ty mua mũ_bảo_hộ không rõ nguồn_gốc vật rơi trúng vỡ ngay có kiện công_ty được không
529,c2-026,23,short,Đồ bảo hộ không đạt quy chuẩn,2,PHUONG_TIEN_BAO_HO,synthetic,train,đồ bảo_hộ không đạt quy_chuẩn
530,c2-027,23,neutral,Nhân viên y tế tiếp xúc nguồn lây nhiễm có được cấp phương tiện bảo vệ cá nhân không?,2,PHUONG_TIEN_BAO_HO,synthetic,train,nhân_viên y_tế tiếp_xúc nguồn lây_nhiễm có được cấp phương_tiện bảo_vệ cá_nhân không
531,c2-027,23,worker,"Tụi tôi làm hộ lý khu cách ly phải tự mua đồ phòng hộ, bệnh viện có phải cấp không?",2,PHUONG_TIEN_BAO_HO,synthetic,train,tụi làm hộ_lý khu cách_ly phải tự mua đồ phòng_hộ bệnh_viện có phải cấp không
532,c2-027,23,hr,Người lao động ngành y tế làm việc tại nơi có yếu tố lây nhiễm có thuộc đối tượng được trang cấp phương tiện bảo vệ cá nhân không?,2,PHUONG_TIEN_BAO_HO,synthetic,train,người lao_động ngành y_tế làm_việc nơi có yếu_tố lây_nhiễm có thuộc đối_tượng được trang cấp phương_tiện bảo_vệ cá_nhân không
533,c2-027,23,complaint,"Phòng khám bắt điều dưỡng tự mua bộ đồ phòng hộ để vào khu bệnh truyền nhiễm, như vậy có sai luật không?",2,PHUONG_TIEN_BAO_HO,synthetic,train,phòng_khám bắt điều_dưỡng tự mua bộ_đồ phòng_hộ khu bệnh truyền_nhiễm như_vậy có sai luật không
534,c2-027,23,short,Nhân viên y tế cấp đồ phòng hộ?,2,PHUONG_TIEN_BAO_HO,synthetic,train,nhân_viên y_tế cấp đồ phòng_hộ
535,c2-028,23,neutral,"Người lao động làm việc với điện có được cấp găng tay, ủng cách điện không?",2,PHUONG_TIEN_BAO_HO,synthetic,train,người lao_động làm_việc điện có được cấp găng_tay ủng cách điện không
536,c2-028,23,worker,"Thợ điện leo trụ mà công ty không có găng cách điện, có được đòi phát không?",2,PHUONG_TIEN_BAO_HO,synthetic,train,thợ điện leo_trụ công_ty không có găng cách điện có được đòi phát không
537,c2-028,23,hr,Việc trang cấp dụng cụ cách điện cá nhân cho người lao động làm công việc có nguy cơ điện giật được quy định thế nào?,2,PHUONG_TIEN_BAO_HO,synthetic,train,việc trang cấp dụng_cụ cách điện cá_nhân người lao_động làm công_việc có nguy_cơ điện giật được quy_định
538,c2-028,23,complaint,"Công ty điện lực nhỏ bắt tụi tôi sửa đường dây mà không phát ủng cách điện, chúng tôi có quyền khiếu nại không?",2,PHUONG_TIEN_BAO_HO,synthetic,train,công_ty điện_lực nhỏ bắt tụi sửa đường_dây không phát ủng cách điện chúng_tôi có quyền khiếu_nại không
539,c2-028,23,short,Găng tay cách điện cho thợ điện,2,PHUONG_TIEN_BAO_HO,synthetic,train,găng_tay cách điện thợ điện
540,c2-029,23,neutral,Công ty có phải cấp áo phản quang cho người lao động làm việc trên đường giao thông không?,2,PHUONG_TIEN_BAO_HO,synthetic,val,công_ty có phải cấp áo phản_quang người lao_động làm_việc đường giao_thông không
541,c2-029,23,worker,"Quét đường ban đêm xe chạy ào ào mà không có áo phản quang, công ty có phải phát không?",2,PHUONG_TIEN_BAO_HO,synthetic,val,quét đường ban_đêm xe chạy ào_ào không có áo phản_quang công_ty có phải phát không
542,c2-029,23,hr,Người lao động thực hiện công việc trên đường giao thông có được trang cấp áo phản quang như một phương tiện bảo vệ cá nhân không?,2,PHUONG_TIEN_BAO_HO,synthetic,val,người lao_động thực_hiện công_việc đường giao_thông có được trang cấp áo phản_quang phương_tiện bảo_vệ cá_nhân không
543,c2-029,23,complaint,"Công nhân môi trường bị xe tông vì không có áo phản quang, công ty không cấp thì có vi phạm không?",2,PHUONG_TIEN_BAO_HO,synthetic,val,công_nhân môi_trường xe_tông vì không có áo phản_quang công_ty không cấp có vi_phạm không
544,c2-029,23,short,Áo phản quang cho công nhân đường,2,PHUONG_TIEN_BAO_HO,synthetic,val,áo phản_quang công_nhân đường
545,c2-030,23,neutral,Nguyên tắc trang cấp phương tiện bảo vệ cá nhân gồm những gì?,2,PHUONG_TIEN_BAO_HO,synthetic,train,nguyên_tắc trang_cấp phương_tiện bảo_vệ cá_nhân gồm gì
546,c2-030,23,worker,Công ty phát đồ bảo hộ thì phải theo mấy nguyên tắc gì vậy?,2,PHUONG_TIEN_BAO_HO,synthetic,train,công_ty phát_đồ bảo_hộ phải mấy nguyên_tắc gì
547,c2-030,23,hr,Đề nghị nêu đầy đủ các nguyên tắc người sử dụng lao động phải bảo đảm khi trang cấp phương tiện bảo vệ cá nhân.,2,PHUONG_TIEN_BAO_HO,synthetic,train,đề_nghị nêu đầy_đủ nguyên_tắc người sử_dụng lao_động phải bảo_đảm khi trang cấp phương_tiện bảo_vệ cá_nhân
548,c2-030,23,complaint,"Công ty phát đồ bảo hộ tùy hứng, lúc có lúc không, vậy luật đặt ra những nguyên tắc trang cấp nào để tôi đối chiếu?",2,PHUONG_TIEN_BAO_HO,synthetic,train,công_ty phát_đồ bảo_hộ tùy_hứng lúc có lúc không luật đặt nguyên_tắc trang_cấp nào đối_chiếu
549,c2-030,23,short,Nguyên tắc trang cấp đồ bảo hộ,2,PHUONG_TIEN_BAO_HO,synthetic,train,nguyên_tắc trang_cấp đồ bảo_hộ
550,c2-031,23,neutral,"Người lao động vào bồn chứa, không gian kín có khí độc có được cấp mặt nạ phòng độc, bình dưỡng khí không?",2,PHUONG_TIEN_BAO_HO,synthetic,train,người lao_động bồn chứa không_gian kín có khí độc có được cấp mặt_nạ phòng độc_bình dưỡng_khí không
551,c2-031,23,worker,"Chui vô bồn chứa dầu cạo cặn mà không có mặt nạ gì hết, công ty có phải phát bình thở cho tụi tôi không?",2,PHUONG_TIEN_BAO_HO,synthetic,train,chui vô_bồn chứa dầu cạo cặn không có_mặt_nạ gì hết công_ty có phải phát bình thở tụi không
552,c2-031,23,hr,"Đối với công việc trong không gian kín có nguy cơ thiếu oxy, khí độc, người sử dụng lao động có nghĩa vụ trang cấp mặt nạ phòng độc, thiết bị thở cá nhân không?",2,PHUONG_TIEN_BAO_HO,synthetic,train,đối_với công_việc không_gian kín có nguy_cơ thiếu oxy_khí độc người sử_dụng lao_động có nghĩa_vụ trang cấp mặt_nạ phòng độc_thiết_bị thở cá_nhân không
553,c2-031,23,complaint,"Hai anh em bị ngất trong hầm biogas vì công ty không cấp mặt nạ phòng độc, gia đình có kiện công ty vì không cấp đồ bảo hộ được không?",2,PHUONG_TIEN_BAO_HO,synthetic,train,hai anh_em ngất hầm biogas vì công_ty không cấp mặt_nạ phòng độc gia_đình có kiện công_ty vì không cấp đồ bảo_hộ được không
554,c2-031,23,short,Mặt nạ phòng độc làm trong bồn kín,2,PHUONG_TIEN_BAO_HO,synthetic,train,mặt_nạ phòng độc làm bồn kín
555,c2-032,23,neutral,Công nhân thời vụ làm công việc có yếu tố có hại có được cấp đồ bảo hộ không?,2,PHUONG_TIEN_BAO_HO,synthetic,val,công_nhân thời_vụ làm công_việc có yếu_tố có hại có được cấp đồ bảo_hộ không
556,c2-032,23,worker,"Tụi tôi làm thời vụ ba tháng thu hoạch muối, có được phát đồ bảo hộ như người làm lâu năm không?",2,PHUONG_TIEN_BAO_HO,synthetic,val,tụi làm thời_vụ ba tháng thu_hoạch muối có được phát_đồ bảo_hộ người làm lâu năm không
557,c2-032,23,hr,"Người lao động mùa vụ, ngắn hạn làm công việc có yếu tố nguy hiểm, có hại có được trang cấp phương tiện bảo vệ cá nhân không?",2,PHUONG_TIEN_BAO_HO,synthetic,val,người lao_động mùa_vụ ngắn_hạn làm công_việc có yếu_tố nguy_hiểm có hại có được trang cấp phương_tiện bảo_vệ cá_nhân không
558,c2-032,23,complaint,"Công ty chỉ cấp đồ bảo hộ cho nhân viên chính thức còn tụi tôi làm thời vụ thì không, như vậy có đúng không?",2,PHUONG_TIEN_BAO_HO,synthetic,val,công_ty chỉ cấp đồ bảo_hộ nhân_viên chính_thức còn tụi làm thời_vụ không như_vậy có đúng không
559,c2-032,23,short,Lao động thời vụ được cấp bảo hộ?,2,PHUONG_TIEN_BAO_HO,synthetic,val,lao_động thời_vụ được cấp bảo_hộ
560,c2-033,23,neutral,Người lao động làm việc với tia phóng xạ có được cấp phương tiện bảo vệ cá nhân chuyên dụng không?,2,PHUONG_TIEN_BAO_HO,synthetic,train,người lao_động làm_việc tia phóng_xạ có được cấp phương_tiện bảo_vệ cá_nhân chuyên_dụng không
561,c2-033,23,worker,"Tôi làm chụp X-quang cho xưởng kiểm tra mối hàn, có được phát áo chì không?",2,PHUONG_TIEN_BAO_HO,synthetic,train,làm chụp x_quang xưởng kiểm_tra mối hàn có được phát áo chì không
562,c2-033,23,hr,"Đối với người lao động tiếp xúc nguồn bức xạ ion hóa, nghĩa vụ trang cấp phương tiện bảo vệ cá nhân phù hợp được áp dụng như thế nào?",2,PHUONG_TIEN_BAO_HO,synthetic,train,đối_với người lao_động tiếp_xúc nguồn bức_xạ ion_hóa nghĩa_vụ trang cấp phương_tiện bảo_vệ cá_nhân phù_hợp được áp_dụng như_thế_nào
563,c2-033,23,complaint,"Công ty để tụi tôi chụp phim công nghiệp mà không có áo chì, như vậy công ty có vi phạm nghĩa vụ trang cấp không?",2,PHUONG_TIEN_BAO_HO,synthetic,train,công_ty tụi chụp phim công_nghiệp không có áo chì như_vậy công_ty có vi_phạm nghĩa_vụ trang cấp không
564,c2-033,23,short,Áo chì cho người làm phóng xạ,2,PHUONG_TIEN_BAO_HO,synthetic,train,áo chì người làm phóng_xạ
565,c2-034,23,neutral,Người lao động làm việc trong kho lạnh có được cấp quần áo giữ nhiệt bảo hộ không?,2,PHUONG_TIEN_BAO_HO,synthetic,test,người lao_động làm_việc kho lạnh có được cấp quần_áo giữ nhiệt bảo_hộ không
566,c2-034,23,worker,"Vô kho đông lạnh âm mấy chục độ mà mặc đồ thường, công ty có phải phát áo giữ ấm bảo hộ không?",2,PHUONG_TIEN_BAO_HO,synthetic,test,vô kho đông_lạnh âm mấy chục độ mặc đồ thường công_ty có phải phát áo giữ ấm bảo_hộ không
567,c2-034,23,hr,Nhiệt độ thấp tại kho lạnh có thuộc yếu tố có hại làm phát sinh nghĩa vụ trang cấp quần áo bảo hộ giữ nhiệt không?,2,PHUONG_TIEN_BAO_HO,synthetic,test,nhiệt_độ thấp kho lạnh có thuộc yếu_tố có hại làm phát_sinh nghĩa_vụ trang cấp quần_áo bảo_hộ giữ nhiệt không
568,c2-034,23,complaint,"Làm kho cá đông lạnh bị cóng tay chân mà xin áo bảo hộ lạnh công ty không cấp, tôi có khiếu nại được không?",2,PHUONG_TIEN_BAO_HO,synthetic,test,làm kho cá đông_lạnh cóng tay_chân áo bảo_hộ lạnh công_ty không cấp có khiếu_nại được không
569,c2-034,23,short,Đồ bảo hộ kho lạnh,2,PHUONG_TIEN_BAO_HO,synthetic,test,đồ bảo_hộ kho lạnh
570,c2-035,23,neutral,Công ty có được thu lại tiền khi người lao động làm hỏng phương tiện bảo vệ cá nhân không?,2,PHUONG_TIEN_BAO_HO,synthetic,train,công_ty có được thu tiền khi người lao_động làm hỏng phương_tiện bảo_vệ cá_nhân không
571,c2-035,23,worker,"Làm rách găng tay bảo hộ mà sếp bắt đền tiền mua cái mới, vậy có đúng không?",2,PHUONG_TIEN_BAO_HO,synthetic,train,làm rách găng_tay bảo_hộ sếp bắt_đền tiền mua cái mới có đúng không
572,c2-035,23,hr,Việc thu tiền của người lao động để mua phương tiện bảo vệ cá nhân thay thế khi bị hư hỏng có phù hợp nguyên tắc trang cấp không?,2,PHUONG_TIEN_BAO_HO,synthetic,train,việc thu tiền người lao_động mua phương_tiện bảo_vệ cá_nhân thay_thế khi hư_hỏng có phù_hợp nguyên_tắc trang_cấp không
573,c2-035,23,complaint,"Tôi làm rách áo bảo hộ trong lúc làm việc mà công ty bắt đền tiền mua áo mới, như vậy có trái luật không?",2,PHUONG_TIEN_BAO_HO,synthetic,train,làm rách áo bảo_hộ lúc làm_việc công_ty bắt_đền tiền mua áo mới như_vậy có trái luật không
574,c2-035,23,short,Bắt đền tiền đồ bảo hộ hư,2,PHUONG_TIEN_BAO_HO,synthetic,train,bắt đền tiền_đồ bảo_hộ hư
575,c2-036,23,neutral,Người lao động lái xe nâng có được cấp phương tiện bảo vệ cá nhân không?,2,PHUONG_TIEN_BAO_HO,synthetic,train,người lao_động lái_xe nâng có được cấp phương_tiện bảo_vệ cá_nhân không
576,c2-036,23,worker,"Lái xe nâng trong kho cũng có nguy cơ hàng rớt trúng đầu, công ty có phải phát nón với giày bảo hộ không?",2,PHUONG_TIEN_BAO_HO,synthetic,train,lái_xe nâng kho có nguy_cơ hàng rớt trúng đầu công_ty có phải phát_nón giày bảo_hộ không
577,c2-036,23,hr,Người lao động vận hành xe nâng hàng có được trang cấp phương tiện bảo vệ cá nhân phù hợp với yếu tố nguy hiểm của công việc không?,2,PHUONG_TIEN_BAO_HO,synthetic,train,người lao_động vận_hành xe nâng hàng có được trang cấp phương_tiện bảo_vệ cá_nhân phù_hợp yếu_tố nguy_hiểm công_việc không
578,c2-036,23,complaint,"Tôi lái xe nâng bị thùng hàng rơi trúng vai mà công ty chưa bao giờ phát nón bảo hộ, như vậy có vi phạm không?",2,PHUONG_TIEN_BAO_HO,synthetic,train,lái_xe nâng thùng hàng rơi trúng vai công_ty chưa bao_giờ phát_nón bảo_hộ như_vậy có vi_phạm không
579,c2-036,23,short,Tài xế xe nâng được cấp bảo hộ?,2,PHUONG_TIEN_BAO_HO,synthetic,train,tài_xế xe nâng được cấp bảo_hộ
580,c2-037,23,neutral,Nông dân làm thuê phun thuốc bảo vệ thực vật cho trang trại có được chủ trang trại cấp đồ bảo hộ không?,2,PHUONG_TIEN_BAO_HO,synthetic,train,nông_dân làm_thuê phun thuốc bảo_vệ thực_vật trang_trại có được chủ trang_trại cấp đồ bảo_hộ không
581,c2-037,23,worker,"Làm thuê phun thuốc sâu cho chủ vườn, chủ có phải phát đồ bảo hộ với mặt nạ cho mình không?",2,PHUONG_TIEN_BAO_HO,synthetic,train,làm_thuê phun thuốc_sâu chủ vườn chủ có phải phát_đồ bảo_hộ mặt_nạ không
582,c2-037,23,hr,Người sử dụng lao động là chủ trang trại có nghĩa vụ trang cấp phương tiện bảo vệ cá nhân cho người lao động phun thuốc bảo vệ thực vật không?,2,PHUONG_TIEN_BAO_HO,synthetic,train,người sử_dụng lao_động chủ trang_trại có nghĩa_vụ trang cấp phương_tiện bảo_vệ cá_nhân người lao_động phun thuốc bảo_vệ thực_vật không
583,c2-037,23,complaint,"Chủ trang trại bắt tôi phun thuốc trừ cỏ mà không phát đồ bảo hộ, tôi bị ngộ độc thì có kiện được không?",2,PHUONG_TIEN_BAO_HO,synthetic,train,chủ trang_trại bắt phun thuốc trừ cỏ không phát_đồ bảo_hộ ngộ_độc có kiện được không
584,c2-037,23,short,Phun thuốc sâu có được cấp bảo hộ?,2,PHUONG_TIEN_BAO_HO,synthetic,train,phun thuốc_sâu có được cấp bảo_hộ
585,c2-038,23,neutral,"Phương tiện bảo vệ cá nhân có phải phù hợp với từng yếu tố nguy hiểm, có hại của công việc cụ thể không?",2,PHUONG_TIEN_BAO_HO,synthetic,train,phương_tiện bảo_vệ cá_nhân có phải phù_hợp từng yếu_tố nguy_hiểm có hại công_việc cụ_thể không
586,c2-038,23,worker,"Làm sơn tĩnh điện mà được phát nón vải với khẩu trang giấy, vậy có hợp với việc mình làm không?",2,PHUONG_TIEN_BAO_HO,synthetic,train,làm sơn tĩnh_điện được phát nón vải khẩu_trang giấy có hợp việc làm không
587,c2-038,23,hr,"Việc lựa chọn chủng loại phương tiện bảo vệ cá nhân phải căn cứ vào yếu tố nguy hiểm, yếu tố có hại của vị trí công việc như thế nào?",2,PHUONG_TIEN_BAO_HO,synthetic,train,việc lựa_chọn chủng_loại phương_tiện bảo_vệ cá_nhân phải căn_cứ yếu_tố nguy_hiểm yếu_tố có hại vị_trí công_việc như_thế_nào
588,c2-038,23,complaint,"Công ty phát cùng một loại đồ bảo hộ cho tất cả bộ phận bất kể công việc khác nhau, như vậy có đúng nguyên tắc không?",2,PHUONG_TIEN_BAO_HO,synthetic,train,công_ty phát cùng loại đồ bảo_hộ tất_cả bộ_phận bất_kể công_việc khác nhau như_vậy có đúng nguyên_tắc không
589,c2-038,23,short,Đồ bảo hộ phải phù hợp công việc,2,PHUONG_TIEN_BAO_HO,synthetic,train,đồ bảo_hộ phải phù_hợp công_việc
590,c2-039,23,neutral,"Sau khi trang cấp, công ty có phải kiểm tra người lao động sử dụng phương tiện bảo vệ cá nhân đúng cách không?",2,PHUONG_TIEN_BAO_HO,synthetic,train,sau khi trang cấp công_ty có phải kiểm_tra người lao_động sử_dụng phương_tiện bảo_vệ cá_nhân đúng cách không
591,c2-039,23,worker,"Phát dây an toàn rồi mà tụi tôi móc sai chỗ cũng không ai nhắc, công ty có phải kiểm tra không?",2,PHUONG_TIEN_BAO_HO,synthetic,train,phát dây an_toàn tụi móc sai chỗ không ai nhắc công_ty có phải kiểm_tra không
592,c2-039,23,hr,Yêu cầu giám sát việc sử dụng phương tiện bảo vệ cá nhân đúng cách sau khi trang cấp thuộc trách nhiệm của ai?,2,PHUONG_TIEN_BAO_HO,synthetic,train,yêu_cầu giám_sát việc sử_dụng phương_tiện bảo_vệ cá_nhân đúng cách sau khi trang cấp thuộc trách_nhiệm ai
593,c2-039,23,complaint,"Công nhân té từ giàn giáo vì móc dây an toàn sai mà công ty chưa từng giám sát, công ty có phần trách nhiệm không?",2,PHUONG_TIEN_BAO_HO,synthetic,train,công_nhân té giàn_giáo vì móc dây an_toàn sai công_ty chưa từng giám_sát công_ty có phần trách_nhiệm không
594,c2-039,23,short,Giám sát dùng đồ bảo hộ,2,PHUONG_TIEN_BAO_HO,synthetic,train,giám_sát dùng đồ bảo_hộ
595,c2-040,23,neutral,Người lao động làm việc trên sông nước có được cấp áo phao cứu sinh không?,2,PHUONG_TIEN_BAO_HO,synthetic,test,người lao_động làm_việc sông_nước có được cấp áo_phao cứu_sinh không
596,c2-040,23,worker,"Tụi tôi chạy sà lan chở cát mà chẳng ai có áo phao, chủ ghe có phải phát không?",2,PHUONG_TIEN_BAO_HO,synthetic,test,tụi chạy sà_lan chở cát chẳng ai có áo_phao chủ ghe có phải phát không
597,c2-040,23,hr,"Đối với công việc trên phương tiện thủy nội địa có nguy cơ đuối nước, người sử dụng lao động có nghĩa vụ trang cấp áo phao cá nhân không?",2,PHUONG_TIEN_BAO_HO,synthetic,test,đối_với công_việc phương_tiện thủy nội_địa có nguy_cơ đuối nước người sử_dụng lao_động có nghĩa_vụ trang cấp áo_phao cá_nhân không
598,c2-040,23,complaint,"Thợ nạo vét kênh bị rơi xuống nước suýt chết vì công ty không cấp áo phao, chúng tôi có khiếu nại được không?",2,PHUONG_TIEN_BAO_HO,synthetic,test,thợ nạo_vét kênh rơi xuống_nước suýt chết vì công_ty không cấp áo_phao chúng_tôi có khiếu_nại được không
599,c2-040,23,short,Áo phao cho người làm trên sông,2,PHUONG_TIEN_BAO_HO,synthetic,test,áo_phao người làm sông
600,c3-001,21,neutral,Người lao động phải được khám sức khỏe định kỳ bao lâu một lần?,3,SUC_KHOE_BOI_DUONG,synthetic,test,người lao_động phải được khám sức khỏe_định_kỳ bao_lâu lần
601,c3-001,21,worker,Công nhân như tụi tôi thì mỗi năm công ty phải cho đi khám sức khỏe mấy lần?,3,SUC_KHOE_BOI_DUONG,synthetic,test,công_nhân tụi mỗi năm công_ty phải đi khám sức khỏe mấy lần
602,c3-001,21,hr,"Tần suất tổ chức khám sức khỏe định kỳ tối thiểu cho người lao động theo Luật An toàn, vệ sinh lao động là bao nhiêu?",3,SUC_KHOE_BOI_DUONG,synthetic,test,tần_suất tổ_chức khám sức khỏe_định_kỳ tối_thiểu người lao_động luật an_toàn vệ_sinh lao_động bao_nhiêu
603,c3-001,21,complaint,"Hai năm rồi công ty chưa cho công nhân khám sức khỏe lần nào, như vậy có vi phạm luật không?",3,SUC_KHOE_BOI_DUONG,synthetic,test,hai năm công_ty chưa công_nhân khám sức khỏe lần nào như_vậy có vi_phạm luật không
604,c3-001,21,short,Khám sức khỏe định kỳ mấy lần?,3,SUC_KHOE_BOI_DUONG,synthetic,test,khám sức khỏe_định_kỳ mấy lần
605,c3-002,21,neutral,"Người làm nghề nặng nhọc, độc hại, nguy hiểm được khám sức khỏe bao lâu một lần?",3,SUC_KHOE_BOI_DUONG,synthetic,train,người làm nghề nặng_nhọc độc_hại nguy_hiểm được khám sức khỏe bao_lâu lần
606,c3-002,21,worker,"Tôi làm thợ lò đúc ngày nào cũng hít khói, có được khám sức khỏe nhiều hơn người thường không?",3,SUC_KHOE_BOI_DUONG,synthetic,train,làm thợ lò_đúc ngày nào hít_khói có được khám sức khỏe nhiều hơn người thường không
607,c3-002,21,hr,"Chu kỳ khám sức khỏe đối với người lao động làm nghề, công việc nặng nhọc, độc hại, nguy hiểm được quy định như thế nào?",3,SUC_KHOE_BOI_DUONG,synthetic,train,chu_kỳ khám sức_khỏe đối_với người lao_động làm nghề công_việc nặng_nhọc độc_hại nguy_hiểm được quy_định như_thế_nào
608,c3-002,21,complaint,"Làm ở xưởng mạ kẽm độc hại mà công ty chỉ cho khám một năm một lần, như vậy có đúng luật không?",3,SUC_KHOE_BOI_DUONG,synthetic,train,làm xưởng mạ_kẽm độc_hại công_ty chỉ khám năm lần như_vậy có đúng luật không
609,c3-002,21,short,Nghề độc hại khám mấy tháng một lần?,3,SUC_KHOE_BOI_DUONG,synthetic,train,nghề độc_hại khám mấy tháng lần
610,c3-003,21,neutral,"Người lao động cao tuổi, người khuyết tật, lao động chưa thành niên được khám sức khỏe bao lâu một lần?",3,SUC_KHOE_BOI_DUONG,synthetic,train,người lao_động cao_tuổi người khuyết_tật lao_động chưa thành_niên được khám sức khỏe bao_lâu lần
611,c3-003,21,worker,"Tôi hơn sáu mươi tuổi vẫn còn đi làm bảo vệ, có được khám sức khỏe thường xuyên hơn không?",3,SUC_KHOE_BOI_DUONG,synthetic,train,hơn sáu_mươi tuổi vẫn còn đi làm bảo_vệ có được khám sức khỏe thường_xuyên hơn không
612,c3-003,21,hr,"Chế độ khám sức khỏe định kỳ đối với người lao động cao tuổi, người khuyết tật và người chưa thành niên được quy định với tần suất nào?",3,SUC_KHOE_BOI_DUONG,synthetic,train,chế_độ khám sức khỏe_định_kỳ đối_với người lao_động cao_tuổi người khuyết_tật người chưa thành_niên được quy_định tần_suất nào
613,c3-003,21,complaint,"Em mười sáu tuổi làm ở xưởng mà công ty cho khám chung một năm một lần như người lớn, vậy có đúng không?",3,SUC_KHOE_BOI_DUONG,synthetic,train,mười sáu tuổi làm xưởng công_ty khám chung năm lần người_lớn có đúng không
614,c3-003,21,short,Lao động cao tuổi khám sức khỏe,3,SUC_KHOE_BOI_DUONG,synthetic,train,lao_động cao_tuổi khám sức khỏe
615,c3-004,21,neutral,Lao động nữ có được khám chuyên khoa phụ sản khi khám sức khỏe định kỳ không?,3,SUC_KHOE_BOI_DUONG,synthetic,val,lao_động nữ có được khám chuyên_khoa phụ_sản khi khám sức khỏe_định_kỳ không
616,c3-004,21,worker,Chị em công nhân đi khám sức khỏe công ty có được khám phụ khoa luôn không?,3,SUC_KHOE_BOI_DUONG,synthetic,val,chị_em công_nhân đi khám sức_khỏe công_ty có được khám phụ_khoa luôn không
617,c3-004,21,hr,Nội dung khám chuyên khoa phụ sản cho lao động nữ trong đợt khám sức khỏe định kỳ có phải là yêu cầu bắt buộc không?,3,SUC_KHOE_BOI_DUONG,synthetic,val,nội_dung khám chuyên_khoa phụ_sản lao_động nữ đợt khám sức khỏe_định_kỳ có phải yêu_cầu bắt_buộc không
618,c3-004,21,complaint,"Đợt khám sức khỏe công ty tổ chức bỏ qua khám phụ sản cho nữ, chị em chúng tôi có khiếu nại được không?",3,SUC_KHOE_BOI_DUONG,synthetic,val,đợt khám sức_khỏe công_ty tổ_chức bỏ_qua khám phụ_sản nữ chị_em chúng_tôi có khiếu_nại được không
619,c3-004,21,short,Lao động nữ khám phụ sản,3,SUC_KHOE_BOI_DUONG,synthetic,val,lao_động nữ khám phụ_sản
620,c3-005,21,neutral,Người lao động tiếp xúc yếu tố có nguy cơ gây bệnh nghề nghiệp có được khám phát hiện bệnh nghề nghiệp không?,3,SUC_KHOE_BOI_DUONG,synthetic,train,người lao_động tiếp_xúc yếu_tố có nguy_cơ gây bệnh nghề_nghiệp có được khám phát_hiện bệnh nghề_nghiệp không
621,c3-005,21,worker,"Làm ở mỏ than hít bụi cả chục năm, có được công ty cho đi khám xem có bị bệnh bụi phổi không?",3,SUC_KHOE_BOI_DUONG,synthetic,train,làm mỏ than_hít bụi cả chục năm có được công_ty đi khám xem có bệnh bụi phổi không
622,c3-005,21,hr,Yêu cầu khám phát hiện bệnh nghề nghiệp đối với người lao động làm việc trong môi trường có yếu tố gây bệnh nghề nghiệp được quy định thế nào?,3,SUC_KHOE_BOI_DUONG,synthetic,train,yêu_cầu khám phát_hiện bệnh nghề_nghiệp đối_với người lao_động làm_việc môi_trường có yếu_tố gây bệnh nghề_nghiệp được quy_định
623,c3-005,21,complaint,"Công ty chỉ khám tổng quát sơ sơ mà không khám phát hiện bệnh nghề nghiệp cho người làm với amiăng, như vậy có sai không?",3,SUC_KHOE_BOI_DUONG,synthetic,train,công_ty chỉ khám tổng_quát sơ_sơ không khám phát_hiện bệnh nghề_nghiệp người làm amiăng như_vậy có sai không
624,c3-005,21,short,Khám phát hiện bệnh nghề nghiệp,3,SUC_KHOE_BOI_DUONG,synthetic,train,khám phát_hiện bệnh nghề_nghiệp
625,c3-006,21,neutral,Người lao động có phải khám sức khỏe trước khi được bố trí làm việc không?,3,SUC_KHOE_BOI_DUONG,synthetic,test,người lao_động có phải khám sức khỏe trước khi được bố_trí làm_việc không
626,c3-006,21,worker,Mới vô làm có phải đi khám sức khỏe trước rồi mới được nhận việc không?,3,SUC_KHOE_BOI_DUONG,synthetic,test,mới vô làm có phải đi khám sức khỏe trước mới được nhận việc không
627,c3-006,21,hr,Quy định về khám sức khỏe trước khi bố trí công việc đối với người lao động mới tuyển dụng là gì?,3,SUC_KHOE_BOI_DUONG,synthetic,test,quy_định khám sức khỏe trước khi bố_trí công_việc đối_với người lao_động mới tuyển_dụng gì
628,c3-006,21,complaint,"Công ty nhận tôi vào làm hầm lò mà không khám sức khỏe gì hết, như vậy có đúng quy định không?",3,SUC_KHOE_BOI_DUONG,synthetic,test,công_ty nhận làm hầm_lò không khám sức_khỏe gì hết như_vậy có đúng quy_định không
629,c3-006,21,short,Khám sức khỏe trước khi nhận việc,3,SUC_KHOE_BOI_DUONG,synthetic,test,khám sức khỏe trước khi nhận việc
630,c3-007,21,neutral,"Khi chuyển sang làm công việc nặng nhọc, độc hại hơn, người lao động có phải được khám sức khỏe không?",3,SUC_KHOE_BOI_DUONG,synthetic,train,khi chuyển sang làm công_việc nặng_nhọc độc_hại hơn người lao_động có phải được khám sức khỏe không
631,c3-007,21,worker,"Tôi đang làm đóng gói bị điều qua tổ phun sơn, có được khám sức khỏe trước khi chuyển không?",3,SUC_KHOE_BOI_DUONG,synthetic,train,làm đóng_gói điều qua tổ phun sơn có được khám sức khỏe trước khi chuyển không
632,c3-007,21,hr,"Nghĩa vụ tổ chức khám sức khỏe trước khi chuyển người lao động sang nghề, công việc nặng nhọc, độc hại, nguy hiểm hơn được quy định ra sao?",3,SUC_KHOE_BOI_DUONG,synthetic,train,nghĩa_vụ tổ_chức khám sức khỏe trước khi chuyển người lao_động sang nghề công_việc nặng_nhọc độc_hại nguy_hiểm hơn được quy_định sao
633,c3-007,21,complaint,"Công ty điều tôi từ văn phòng xuống xưởng hóa chất mà không cho khám sức khỏe trước, như vậy có vi phạm không?",3,SUC_KHOE_BOI_DUONG,synthetic,train,công_ty điều văn_phòng xưởng hóa_chất không khám sức khỏe trước như_vậy có vi_phạm không
634,c3-007,21,short,Khám sức khỏe khi chuyển việc độc hại,3,SUC_KHOE_BOI_DUONG,synthetic,train,khám sức_khỏe khi chuyển việc độc_hại
635,c3-008,21,neutral,"Sau khi bị tai nạn lao động và đã phục hồi, người lao động trở lại làm việc có phải khám sức khỏe không?",3,SUC_KHOE_BOI_DUONG,synthetic,train,sau khi tai_nạn lao_động phục_hồi người lao_động trở_lại làm_việc có phải khám sức khỏe không
636,c3-008,21,worker,"Tôi bị bỏng ở lò hơi nghỉ mấy tháng, giờ đi làm lại công ty có phải cho khám sức khỏe trước không?",3,SUC_KHOE_BOI_DUONG,synthetic,train,bị_bỏng lò hơi nghỉ mấy tháng giờ đi làm_lại công_ty có phải khám sức khỏe trước không
637,c3-008,21,hr,"Yêu cầu khám sức khỏe cho người lao động đã phục hồi sau tai nạn lao động, bệnh nghề nghiệp trước khi tiếp tục trở lại làm việc là gì?",3,SUC_KHOE_BOI_DUONG,synthetic,train,yêu_cầu khám sức khỏe người lao_động phục_hồi sau tai_nạn lao_động bệnh nghề_nghiệp trước khi tiếp_tục trở_lại làm_việc gì
638,c3-008,21,complaint,"Tôi lành vết thương đi làm lại thì công ty bắt vào ca luôn chứ không cho khám sức khỏe, như vậy có đúng không?",3,SUC_KHOE_BOI_DUONG,synthetic,train,lành vết_thương đi làm_lại công_ty bắt ca luôn chứ không khám sức_khỏe như_vậy có đúng không
639,c3-008,21,short,Khám sức khỏe khi quay lại làm việc,3,SUC_KHOE_BOI_DUONG,synthetic,train,khám sức_khỏe khi quay làm_việc
640,c3-009,21,neutral,Công ty phải tổ chức khám sức khỏe cho người lao động tại cơ sở khám chữa bệnh nào?,3,SUC_KHOE_BOI_DUONG,synthetic,test,công_ty phải tổ_chức khám sức khỏe người lao_động cơ_sở khám_chữa bệnh nào
641,c3-009,21,worker,"Công ty rước một nhóm bác sĩ không rõ ở đâu vô xưởng khám cho có, vậy có được không?",3,SUC_KHOE_BOI_DUONG,synthetic,test,công_ty rước nhóm bác_sĩ không rõ đâu vô_xưởng khám có có được không
642,c3-009,21,hr,"Điều kiện chuyên môn kỹ thuật đối với cơ sở khám bệnh, chữa bệnh thực hiện khám sức khỏe, khám phát hiện bệnh nghề nghiệp cho người lao động là gì?",3,SUC_KHOE_BOI_DUONG,synthetic,test,điều_kiện chuyên_môn kỹ_thuật đối_với cơ_sở khám bệnh chữa bệnh thực_hiện khám sức khỏe khám phát_hiện bệnh nghề_nghiệp người lao_động gì
643,c3-009,21,complaint,"Công ty thuê phòng khám tư không đủ điều kiện để khám phát hiện bệnh nghề nghiệp, kết quả đó có giá trị không?",3,SUC_KHOE_BOI_DUONG,synthetic,test,công_ty thuê phòng_khám tư không đủ điều_kiện khám phát_hiện bệnh nghề_nghiệp kết_quả có giá_trị không
644,c3-009,21,short,Nơi khám sức khỏe cho công nhân,3,SUC_KHOE_BOI_DUONG,synthetic,test,nơi khám sức khỏe công_nhân
645,c3-010,21,neutral,Người lao động được chẩn đoán mắc bệnh nghề nghiệp có được công ty đưa đi điều trị không?,3,SUC_KHOE_BOI_DUONG,synthetic,train,người lao_động được chẩn_đoán mắc bệnh nghề_nghiệp có được công_ty đưa đi điều_trị không
646,c3-010,21,worker,"Tôi bị chẩn đoán điếc nghề nghiệp, công ty có phải đưa tôi đi bệnh viện chữa không?",3,SUC_KHOE_BOI_DUONG,synthetic,train,chẩn_đoán điếc nghề_nghiệp công_ty có phải đưa đi bệnh_viện chữa không
647,c3-010,21,hr,Trách nhiệm của người sử dụng lao động trong việc đưa người lao động mắc bệnh nghề nghiệp đến cơ sở đủ điều kiện điều trị theo phác đồ là gì?,3,SUC_KHOE_BOI_DUONG,synthetic,train,trách_nhiệm người sử_dụng lao_động việc đưa người lao_động mắc bệnh nghề_nghiệp đến cơ_sở đủ điều_kiện điều_trị phác_đồ gì
648,c3-010,21,complaint,"Tôi bị bệnh bụi phổi silic mà công ty mặc kệ, không đưa đi điều trị, tôi có quyền yêu cầu công ty không?",3,SUC_KHOE_BOI_DUONG,synthetic,train,bệnh bụi phổi silic công_ty mặc_kệ không đưa đi điều_trị có quyền yêu_cầu công_ty không
649,c3-010,21,short,Đưa người bệnh nghề nghiệp đi điều trị,3,SUC_KHOE_BOI_DUONG,synthetic,train,đưa người_bệnh nghề_nghiệp đi điều_trị
650,c3-011,21,neutral,Chi phí khám sức khỏe định kỳ cho người lao động do ai chi trả?,3,SUC_KHOE_BOI_DUONG,synthetic,test,chi_phí khám sức khỏe định_kỳ người lao_động do ai chi_trả
651,c3-011,21,worker,"Đi khám sức khỏe công ty tổ chức mà bắt công nhân đóng tiền, vậy có đúng không?",3,SUC_KHOE_BOI_DUONG,synthetic,test,đi khám sức_khỏe công_ty tổ_chức bắt công_nhân đóng tiền có đúng không
652,c3-011,21,hr,Chi phí khám sức khỏe và khám phát hiện bệnh nghề nghiệp cho người lao động thuộc trách nhiệm chi trả của chủ thể nào?,3,SUC_KHOE_BOI_DUONG,synthetic,test,chi_phí khám sức_khỏe khám phát_hiện bệnh nghề_nghiệp người lao_động thuộc trách_nhiệm chi_trả chủ_thể nào
653,c3-011,21,complaint,"Công ty trừ lương tiền khám sức khỏe định kỳ của cả xưởng, chúng tôi có đòi lại được không?",3,SUC_KHOE_BOI_DUONG,synthetic,test,công_ty trừ lương tiền khám sức khỏe định_kỳ cả xưởng chúng_tôi có đòi được không
654,c3-011,21,short,Ai trả tiền khám sức khỏe?,3,SUC_KHOE_BOI_DUONG,synthetic,test,ai trả tiền khám sức khỏe
655,c3-012,21,neutral,Chi phí khám sức khỏe cho người lao động có được tính vào chi phí được trừ khi tính thuế thu nhập doanh nghiệp không?,3,SUC_KHOE_BOI_DUONG,synthetic,train,chi_phí khám sức khỏe người lao_động có được tính chi_phí được trừ khi tính thuế_thu_nhập doanh_nghiệp không
656,c3-012,21,worker,"Sếp than khám sức khỏe cho công nhân tốn tiền, vậy khoản này công ty có được trừ thuế không?",3,SUC_KHOE_BOI_DUONG,synthetic,train,sếp than khám sức khỏe công_nhân tốn tiền khoản công_ty có được trừ thuế không
657,c3-012,21,hr,"Chi phí khám sức khỏe, khám phát hiện và điều trị bệnh nghề nghiệp do doanh nghiệp chi trả được hạch toán như thế nào khi xác định thu nhập chịu thuế?",3,SUC_KHOE_BOI_DUONG,synthetic,train,chi_phí khám sức khỏe khám phát_hiện điều_trị bệnh nghề_nghiệp do doanh_nghiệp chi_trả được hạch_toán như_thế_nào khi xác_định thu_nhập chịu thuế
658,c3-012,21,complaint,"Kế toán bảo khám sức khỏe cho công nhân không được tính vào chi phí hợp lý nên công ty cắt bớt, như vậy có đúng không?",3,SUC_KHOE_BOI_DUONG,synthetic,train,kế_toán bảo khám sức khỏe công_nhân không được tính chi_phí hợp_lý nên công_ty cắt bớt như_vậy có đúng không
659,c3-012,21,short,Chi phí khám sức khỏe được trừ thuế?,3,SUC_KHOE_BOI_DUONG,synthetic,train,chi_phí khám sức khỏe được trừ thuế
660,c3-013,21,neutral,Người lao động bị điều trị bệnh nghề nghiệp theo phác đồ do ai quy định?,3,SUC_KHOE_BOI_DUONG,synthetic,train,người lao_động điều_trị bệnh nghề_nghiệp phác_đồ do ai quy_định
661,c3-013,21,worker,Bệnh nghề nghiệp thì chữa theo cách của bệnh viện hay có phác đồ riêng của ai ban hành?,3,SUC_KHOE_BOI_DUONG,synthetic,train,bệnh nghề_nghiệp chữa cách bệnh_viện có phác_đồ riêng ai ban_hành
662,c3-013,21,hr,Phác đồ điều trị bệnh nghề nghiệp áp dụng cho người lao động được chẩn đoán mắc bệnh nghề nghiệp do cơ quan nào quy định?,3,SUC_KHOE_BOI_DUONG,synthetic,train,phác_đồ điều_trị bệnh nghề_nghiệp áp_dụng người lao_động được chẩn_đoán mắc bệnh nghề_nghiệp do cơ_quan nào quy_định
663,c3-013,21,complaint,"Công ty đưa tôi đến chỗ chữa bệnh nhiễm độc chì không theo phác đồ nào cả, luật yêu cầu điều trị theo phác đồ của ai?",3,SUC_KHOE_BOI_DUONG,synthetic,train,công_ty đưa đến chỗ chữa bệnh nhiễm_độc chì không phác_đồ nào cả luật yêu_cầu điều_trị phác_đồ ai
664,c3-013,21,short,Phác đồ điều trị bệnh nghề nghiệp,3,SUC_KHOE_BOI_DUONG,synthetic,train,phác_đồ điều_trị bệnh nghề_nghiệp
665,c3-014,21,neutral,Người lao động làm việc với hóa chất độc có được khám sức khỏe 6 tháng một lần không?,3,SUC_KHOE_BOI_DUONG,synthetic,val,người lao_động làm_việc hóa chất_độc có được khám sức khỏe 6 tháng lần không
666,c3-014,21,worker,"Tôi pha thuốc trừ sâu trong nhà máy, có được khám nửa năm một lần không?",3,SUC_KHOE_BOI_DUONG,synthetic,val,pha thuốc_trừ_sâu nhà_máy có được khám nửa năm lần không
667,c3-014,21,hr,Người lao động thuộc diện làm công việc độc hại do tiếp xúc hóa chất có được áp dụng chu kỳ khám sức khỏe ít nhất 06 tháng một lần không?,3,SUC_KHOE_BOI_DUONG,synthetic,val,người lao_động thuộc diện làm công_việc độc_hại do tiếp_xúc hóa_chất có được áp_dụng chu_kỳ khám sức khỏe ít_nhất 06 tháng lần không
668,c3-014,21,complaint,"Xưởng pha hóa chất độc hại của tôi chỉ được khám mỗi năm một lần, tôi có đòi khám sáu tháng một lần được không?",3,SUC_KHOE_BOI_DUONG,synthetic,val,xưởng pha hóa_chất độc_hại chỉ được khám mỗi năm lần có đòi khám sáu tháng lần được không
669,c3-014,21,short,Làm hóa chất khám sáu tháng?,3,SUC_KHOE_BOI_DUONG,synthetic,val,làm hóa chất khám sáu tháng
670,c3-015,21,neutral,Công ty có trách nhiệm tổ chức khám sức khỏe cho người lao động hằng năm không?,3,SUC_KHOE_BOI_DUONG,synthetic,train,công_ty có trách_nhiệm tổ_chức khám sức khỏe người lao_động hằng năm không
671,c3-015,21,worker,Khám sức khỏe hằng năm là công ty phải lo hay công nhân tự đi khám?,3,SUC_KHOE_BOI_DUONG,synthetic,train,khám sức khỏe hằng năm công_ty phải lo công_nhân tự đi khám
672,c3-015,21,hr,Trách nhiệm tổ chức khám sức khỏe hằng năm cho người lao động thuộc về người sử dụng lao động hay người lao động?,3,SUC_KHOE_BOI_DUONG,synthetic,train,trách_nhiệm tổ_chức khám sức khỏe hằng năm người lao_động thuộc người sử_dụng lao_động người lao_động
673,c3-015,21,complaint,"Công ty bảo ai muốn khám sức khỏe thì tự đi, công ty không tổ chức, như vậy có đúng luật không?",3,SUC_KHOE_BOI_DUONG,synthetic,train,công_ty bảo ai muốn khám sức_khỏe tự đi công_ty không tổ_chức như_vậy có đúng luật không
674,c3-015,21,short,Ai tổ chức khám sức khỏe hằng năm?,3,SUC_KHOE_BOI_DUONG,synthetic,train,ai tổ_chức khám sức khỏe hằng năm
675,c3-016,21,neutral,Người lao động đã được Hội đồng y khoa giám định có phải khám sức khỏe lại khi trở lại làm việc không?,3,SUC_KHOE_BOI_DUONG,synthetic,val,người lao_động được hội_đồng y_khoa giám_định có phải khám sức khỏe khi trở_lại làm_việc không
676,c3-016,21,worker,"Tôi đã đi giám định thương tật rồi, quay lại xưởng làm có phải khám sức khỏe nữa không?",3,SUC_KHOE_BOI_DUONG,synthetic,val,đi giám_định thương_tật quay xưởng làm có phải khám sức khỏe nữa không
677,c3-016,21,hr,Trường hợp người lao động đã được Hội đồng y khoa khám giám định mức suy giảm khả năng lao động thì có được miễn khám sức khỏe khi trở lại làm việc không?,3,SUC_KHOE_BOI_DUONG,synthetic,val,trường_hợp người lao_động được hội_đồng y_khoa khám giám_định_mức suy_giảm khả_năng lao_động có được miễn khám sức_khỏe khi trở_lại làm_việc không
678,c3-016,21,complaint,"Công ty bắt tôi khám sức khỏe lại dù đã có kết quả giám định của Hội đồng y khoa, như vậy có cần thiết không?",3,SUC_KHOE_BOI_DUONG,synthetic,val,công_ty bắt khám sức_khỏe dù có kết_quả giám_định hội_đồng y_khoa như_vậy có cần_thiết không
679,c3-016,21,short,Đã giám định có phải khám lại?,3,SUC_KHOE_BOI_DUONG,synthetic,val,giám_định có phải khám
680,c3-017,24,neutral,Người lao động nào được bồi dưỡng bằng hiện vật?,3,SUC_KHOE_BOI_DUONG,synthetic,val,người lao_động nào được bồi_dưỡng bằng hiện_vật
681,c3-017,24,worker,"Làm ở xưởng độc hại thì có được phát sữa bồi dưỡng không, ai mới được hưởng?",3,SUC_KHOE_BOI_DUONG,synthetic,val,làm xưởng độc_hại có được phát sữa bồi_dưỡng không ai mới được hưởng
682,c3-017,24,hr,"Đối tượng người lao động được người sử dụng lao động bồi dưỡng bằng hiện vật theo Luật An toàn, vệ sinh lao động là ai?",3,SUC_KHOE_BOI_DUONG,synthetic,val,đối_tượng người lao_động được người sử_dụng lao_động bồi_dưỡng bằng hiện_vật luật an_toàn vệ_sinh lao_động ai
683,c3-017,24,complaint,"Tôi làm trong khu có khí độc mà công ty nói tôi không thuộc diện được bồi dưỡng hiện vật, vậy ai mới được hưởng?",3,SUC_KHOE_BOI_DUONG,synthetic,val,làm khu có khí độc công_ty nói không thuộc diện được bồi_dưỡng hiện_vật ai mới được hưởng
684,c3-017,24,short,Ai được bồi dưỡng hiện vật?,3,SUC_KHOE_BOI_DUONG,synthetic,val,ai được bồi_dưỡng hiện_vật
685,c3-018,24,neutral,Việc bồi dưỡng bằng hiện vật phải tuân theo những nguyên tắc nào?,3,SUC_KHOE_BOI_DUONG,synthetic,train,việc bồi_dưỡng bằng hiện_vật phải tuân nguyên_tắc nào
686,c3-018,24,worker,"Công ty phát đồ bồi dưỡng thì phải theo mấy nguyên tắc gì, hay muốn phát gì cũng được?",3,SUC_KHOE_BOI_DUONG,synthetic,train,công_ty phát_đồ bồi_dưỡng phải mấy nguyên_tắc gì muốn phát gì được
687,c3-018,24,hr,Đề nghị nêu các nguyên tắc thực hiện bồi dưỡng bằng hiện vật cho người lao động làm việc trong điều kiện có yếu tố có hại.,3,SUC_KHOE_BOI_DUONG,synthetic,train,đề_nghị nêu nguyên_tắc thực_hiện bồi_dưỡng bằng hiện_vật người lao_động làm_việc điều_kiện có yếu_tố có hại
688,c3-018,24,complaint,"Công ty phát đồ bồi dưỡng tùy tiện chẳng theo quy tắc nào, vậy luật đặt ra nguyên tắc bồi dưỡng hiện vật gì?",3,SUC_KHOE_BOI_DUONG,synthetic,train,công_ty phát_đồ bồi_dưỡng tùy_tiện chẳng quy_tắc nào luật đặt nguyên_tắc bồi_dưỡng hiện_vật gì
689,c3-018,24,short,Nguyên tắc bồi dưỡng hiện vật,3,SUC_KHOE_BOI_DUONG,synthetic,train,nguyên_tắc bồi_dưỡng hiện_vật
690,c3-019,24,neutral,Bồi dưỡng bằng hiện vật phải thực hiện vào thời điểm nào?,3,SUC_KHOE_BOI_DUONG,synthetic,train,bồi_dưỡng bằng hiện_vật phải thực_hiện thời_điểm nào
691,c3-019,24,worker,Sữa bồi dưỡng là phải uống trong ca làm hay được mang về nhà?,3,SUC_KHOE_BOI_DUONG,synthetic,train,sữa bồi_dưỡng phải uống ca làm được mang nhà
692,c3-019,24,hr,"Quy định về việc bồi dưỡng bằng hiện vật được thực hiện trong ca, ngày làm việc như thế nào?",3,SUC_KHOE_BOI_DUONG,synthetic,train,quy_định việc bồi_dưỡng bằng hiện_vật được thực_hiện ca ngày làm_việc như_thế_nào
693,c3-019,24,complaint,"Công ty dồn suất bồi dưỡng cả tháng phát một lần cho mang về, như vậy có đúng quy định không?",3,SUC_KHOE_BOI_DUONG,synthetic,train,công_ty dồn_suất bồi_dưỡng cả tháng phát lần mang như_vậy có đúng quy_định không
694,c3-019,24,short,Bồi dưỡng hiện vật trong ca làm?,3,SUC_KHOE_BOI_DUONG,synthetic,train,bồi_dưỡng hiện_vật ca làm
695,c3-020,24,neutral,Hiện vật dùng để bồi dưỡng cho người lao động phải bảo đảm yêu cầu gì về vệ sinh thực phẩm?,3,SUC_KHOE_BOI_DUONG,synthetic,train,hiện_vật dùng bồi_dưỡng người lao_động phải bảo_đảm yêu_cầu gì vệ_sinh thực_phẩm
696,c3-020,24,worker,"Đồ bồi dưỡng phát cho tụi tôi toàn bánh sắp hết hạn, vậy có được không?",3,SUC_KHOE_BOI_DUONG,synthetic,train,đồ bồi_dưỡng phát tụi toàn bánh sắp hết hạn có được không
697,c3-020,24,hr,"Yêu cầu về thuận tiện, an toàn, vệ sinh thực phẩm đối với hiện vật bồi dưỡng cho người lao động được quy định như thế nào?",3,SUC_KHOE_BOI_DUONG,synthetic,train,yêu_cầu thuận_tiện an_toàn vệ_sinh thực_phẩm đối_với hiện_vật bồi_dưỡng người lao_động được quy_định như_thế_nào
698,c3-020,24,complaint,"Tổ tôi uống sữa bồi dưỡng công ty phát bị đau bụng cả loạt vì sữa hư, công ty có vi phạm nguyên tắc bồi dưỡng không?",3,SUC_KHOE_BOI_DUONG,synthetic,train,tổ uống sữa bồi_dưỡng công_ty phát đau bụng cả loạt vì sữa hư công_ty có vi_phạm nguyên_tắc bồi_dưỡng không
699,c3-020,24,short,Vệ sinh thực phẩm đồ bồi dưỡng,3,SUC_KHOE_BOI_DUONG,synthetic,train,vệ_sinh thực_phẩm đồ bồi_dưỡng
700,c3-021,24,neutral,Mục đích của việc bồi dưỡng bằng hiện vật cho người lao động là gì?,3,SUC_KHOE_BOI_DUONG,synthetic,train,mục_đích việc bồi_dưỡng bằng hiện_vật người lao_động gì
701,c3-021,24,worker,"Phát sữa, phát trứng cho công nhân độc hại để làm gì vậy?",3,SUC_KHOE_BOI_DUONG,synthetic,train,phát sữa phát trứng công_nhân độc_hại làm gì
702,c3-021,24,hr,Bồi dưỡng bằng hiện vật nhằm mục tiêu tăng cường sức đề kháng và thải độc của cơ thể được luật quy định ra sao?,3,SUC_KHOE_BOI_DUONG,synthetic,train,bồi_dưỡng bằng hiện_vật nhằm mục_tiêu tăng_cường sức đề_kháng thải độc cơ_thể được luật quy_định sao
703,c3-021,24,complaint,"Công ty phát nước ngọt có ga coi như bồi dưỡng, thứ đó có giúp thải độc gì đâu, như vậy có đúng mục đích bồi dưỡng không?",3,SUC_KHOE_BOI_DUONG,synthetic,train,công_ty phát nước_ngọt có ga coi bồi_dưỡng thứ có giúp thải_độc gì đâu như_vậy có đúng mục_đích bồi_dưỡng không
704,c3-021,24,short,Mục đích bồi dưỡng hiện vật,3,SUC_KHOE_BOI_DUONG,synthetic,train,mục_đích bồi_dưỡng hiện_vật
705,c3-022,24,neutral,Trường hợp nào được bồi dưỡng hiện vật ngoài ca làm việc?,3,SUC_KHOE_BOI_DUONG,synthetic,train,trường_hợp nào được bồi_dưỡng hiện_vật ngoài ca làm_việc
706,c3-022,24,worker,"Tụi tôi đi làm lưu động ngoài biển không ăn chung được, vậy đồ bồi dưỡng có được phát sau ca không?",3,SUC_KHOE_BOI_DUONG,synthetic,train,tụi đi làm lưu_động ngoài biển không ăn chung được đồ bồi_dưỡng có được phát sau ca không
707,c3-022,24,hr,Ngoại lệ đối với nguyên tắc bồi dưỡng tại chỗ trong ca khi tổ chức lao động không thể bồi dưỡng tập trung được áp dụng thế nào?,3,SUC_KHOE_BOI_DUONG,synthetic,train,ngoại_lệ đối_với nguyên_tắc bồi_dưỡng tại_chỗ ca khi tổ_chức lao_động không_thể bồi_dưỡng tập_trung được áp_dụng
708,c3-022,24,complaint,"Công ty viện cớ làm ca đêm nên không bồi dưỡng tại chỗ được, rồi bỏ luôn suất bồi dưỡng, như vậy có được không?",3,SUC_KHOE_BOI_DUONG,synthetic,train,công_ty viện cớ làm ca đêm nên không bồi_dưỡng tại_chỗ được bỏ luôn suất bồi_dưỡng như_vậy có được không
709,c3-022,24,short,Ngoại lệ bồi dưỡng ngoài ca,3,SUC_KHOE_BOI_DUONG,synthetic,train,ngoại_lệ bồi_dưỡng ngoài ca
710,c3-023,24,neutral,Cơ quan nào quy định chi tiết việc bồi dưỡng bằng hiện vật?,3,SUC_KHOE_BOI_DUONG,synthetic,train,cơ_quan nào quy_định chi_tiết việc bồi_dưỡng bằng hiện_vật
711,c3-023,24,worker,"Mức bồi dưỡng bao nhiêu, phát gì là do ai quy định vậy?",3,SUC_KHOE_BOI_DUONG,synthetic,train,mức bồi_dưỡng bao_nhiêu phát gì do ai quy_định
712,c3-023,24,hr,Thẩm quyền quy định chi tiết chế độ bồi dưỡng bằng hiện vật cho người lao động thuộc về cơ quan nào?,3,SUC_KHOE_BOI_DUONG,synthetic,train,thẩm_quyền quy_định chi_tiết chế_độ bồi_dưỡng bằng hiện_vật người lao_động thuộc cơ_quan nào
713,c3-023,24,complaint,"Công ty tự đặt ra mức bồi dưỡng rất thấp, vậy theo luật cơ quan nào mới được quy định việc bồi dưỡng hiện vật?",3,SUC_KHOE_BOI_DUONG,synthetic,train,công_ty tự đặt mức bồi_dưỡng rất thấp luật cơ_quan nào mới được quy_định việc bồi_dưỡng hiện_vật
714,c3-023,24,short,Ai quy định bồi dưỡng hiện vật?,3,SUC_KHOE_BOI_DUONG,synthetic,train,ai quy_định bồi_dưỡng hiện_vật
715,c3-024,24,neutral,Người lao động làm trong hầm lò có được công ty bồi dưỡng bằng hiện vật không?,3,SUC_KHOE_BOI_DUONG,synthetic,test,người lao_động làm hầm_lò có được công_ty bồi_dưỡng bằng hiện_vật không
716,c3-024,24,worker,"Xuống hầm lò đào than cả ca, có được phát đồ ăn uống bồi dưỡng không?",3,SUC_KHOE_BOI_DUONG,synthetic,test,hầm_lò đào than cả ca có được phát_đồ ăn_uống bồi_dưỡng không
717,c3-024,24,hr,"Người lao động làm việc dưới hầm lò, nơi có yếu tố nguy hiểm, có hại, có thuộc diện được bồi dưỡng bằng hiện vật không?",3,SUC_KHOE_BOI_DUONG,synthetic,test,người lao_động làm_việc hầm lò nơi có yếu_tố nguy_hiểm có hại có thuộc diện được bồi_dưỡng bằng hiện_vật không
718,c3-024,24,complaint,"Mỏ than tôi làm đã cắt suất bồi dưỡng hiện vật của thợ lò, công ty làm vậy có trái luật không?",3,SUC_KHOE_BOI_DUONG,synthetic,test,mỏ than làm cắt_suất bồi_dưỡng hiện_vật thợ_lò công_ty làm_vậy có trái luật không
719,c3-024,24,short,Thợ hầm lò được bồi dưỡng?,3,SUC_KHOE_BOI_DUONG,synthetic,test,thợ hầm_lò được bồi_dưỡng
720,c3-025,24,neutral,Bồi dưỡng bằng hiện vật cho người lao động gồm những gì?,3,SUC_KHOE_BOI_DUONG,synthetic,train,bồi_dưỡng bằng hiện_vật người lao_động gồm gì
721,c3-025,24,worker,"Được bồi dưỡng hiện vật là được phát những món gì, có phải sữa với trứng không?",3,SUC_KHOE_BOI_DUONG,synthetic,train,được bồi_dưỡng hiện_vật được phát món gì có phải sữa trứng không
722,c3-025,24,hr,Hình thức và nội dung của chế độ bồi dưỡng bằng hiện vật cho người lao động được Luật quy định như thế nào?,3,SUC_KHOE_BOI_DUONG,synthetic,train,hình_thức nội_dung chế_độ bồi_dưỡng bằng hiện_vật người lao_động được luật quy_định như_thế_nào
723,c3-025,24,complaint,"Công ty gọi phát mì gói là bồi dưỡng hiện vật, như vậy có đúng với chế độ bồi dưỡng không?",3,SUC_KHOE_BOI_DUONG,synthetic,train,công_ty gọi phát mì gói bồi_dưỡng hiện_vật như_vậy có đúng chế_độ bồi_dưỡng không
724,c3-025,24,short,Bồi dưỡng hiện vật gồm những gì,3,SUC_KHOE_BOI_DUONG,synthetic,train,bồi_dưỡng hiện_vật gồm gì
725,c3-026,24,neutral,Người lao động làm việc trong môi trường nóng có được bồi dưỡng bằng hiện vật không?,3,SUC_KHOE_BOI_DUONG,synthetic,train,người lao_động làm_việc môi_trường nóng có được bồi_dưỡng bằng hiện_vật không
726,c3-026,24,worker,"Đứng lò nấu thép nóng rát cả ngày, có được công ty phát nước bồi dưỡng không?",3,SUC_KHOE_BOI_DUONG,synthetic,train,đứng lò nấu thép nóng rát cả ngày có được công_ty phát nước bồi_dưỡng không
727,c3-026,24,hr,Người lao động làm việc trong điều kiện nhiệt độ cao là yếu tố có hại có được hưởng chế độ bồi dưỡng bằng hiện vật không?,3,SUC_KHOE_BOI_DUONG,synthetic,train,người lao_động làm_việc điều_kiện nhiệt_độ cao yếu_tố có hại có được hưởng chế_độ bồi_dưỡng bằng hiện_vật không
728,c3-026,24,complaint,"Công nhân lò luyện chỉ được uống nước lọc chứ chẳng có bồi dưỡng gì, như vậy công ty có sai không?",3,SUC_KHOE_BOI_DUONG,synthetic,train,công_nhân lò_luyện chỉ được uống nước lọc chứ chẳng có bồi_dưỡng gì như_vậy công_ty có sai không
729,c3-026,24,short,Làm nơi nóng có được bồi dưỡng?,3,SUC_KHOE_BOI_DUONG,synthetic,train,làm nơi nóng có được bồi_dưỡng
730,c3-027,26,neutral,Người lao động nào được tổ chức điều dưỡng phục hồi sức khỏe hằng năm?,3,SUC_KHOE_BOI_DUONG,synthetic,train,người lao_động nào được tổ_chức điều_dưỡng phục_hồi_sức khỏe hằng năm
731,c3-027,26,worker,Làm nghề nặng nhọc lâu năm có được công ty cho đi nghỉ điều dưỡng phục hồi sức khỏe không?,3,SUC_KHOE_BOI_DUONG,synthetic,train,làm nghề nặng_nhọc lâu năm có được công_ty đi nghỉ điều_dưỡng phục_hồi_sức khỏe không
732,c3-027,26,hr,"Đối tượng được người sử dụng lao động tổ chức điều dưỡng phục hồi sức khỏe hằng năm theo Luật An toàn, vệ sinh lao động là ai?",3,SUC_KHOE_BOI_DUONG,synthetic,train,đối_tượng được người sử_dụng lao_động tổ_chức điều_dưỡng phục_hồi_sức khỏe hằng năm luật an_toàn vệ_sinh lao_động ai
733,c3-027,26,complaint,"Tôi làm nghề đặc biệt độc hại mười năm mà công ty chưa cho đi điều dưỡng lần nào, tôi có thuộc diện được đi không?",3,SUC_KHOE_BOI_DUONG,synthetic,train,làm nghề đặc_biệt độc_hại mười năm công_ty chưa đi điều_dưỡng lần nào có thuộc diện được đi không
734,c3-027,26,short,Ai được điều dưỡng phục hồi sức khỏe?,3,SUC_KHOE_BOI_DUONG,synthetic,train,ai được điều_dưỡng phục_hồi_sức khỏe
735,c3-028,26,neutral,Công ty có bắt buộc phải tổ chức điều dưỡng phục hồi sức khỏe cho người lao động không?,3,SUC_KHOE_BOI_DUONG,synthetic,train,công_ty có bắt_buộc phải tổ_chức điều_dưỡng phục_hồi_sức khỏe người lao_động không
736,c3-028,26,worker,Đi điều dưỡng phục hồi sức khỏe là quyền lợi bắt buộc hay tùy công ty có cho hay không?,3,SUC_KHOE_BOI_DUONG,synthetic,train,đi điều_dưỡng phục_hồi_sức khỏe quyền_lợi bắt_buộc tùy công_ty có cho_hay không
737,c3-028,26,hr,Việc tổ chức điều dưỡng phục hồi sức khỏe hằng năm cho người lao động là nghĩa vụ bắt buộc hay chỉ được khuyến khích đối với doanh nghiệp?,3,SUC_KHOE_BOI_DUONG,synthetic,train,việc tổ_chức điều_dưỡng phục_hồi_sức khỏe hằng năm người lao_động nghĩa_vụ bắt_buộc chỉ được khuyến_khích đối_với doanh_nghiệp
738,c3-028,26,complaint,"Công ty từ chối tổ chức điều dưỡng phục hồi sức khỏe, nói luật không bắt buộc, vậy công ty nói có đúng không?",3,SUC_KHOE_BOI_DUONG,synthetic,train,công_ty từ_chối tổ_chức điều_dưỡng phục_hồi_sức khỏe nói luật không bắt_buộc công_ty nói có đúng không
739,c3-028,26,short,Điều dưỡng phục hồi sức khỏe bắt buộc?,3,SUC_KHOE_BOI_DUONG,synthetic,train,điều_dưỡng phục_hồi_sức khỏe bắt_buộc
740,c3-029,26,neutral,Người lao động có sức khỏe kém có được điều dưỡng phục hồi sức khỏe không?,3,SUC_KHOE_BOI_DUONG,synthetic,train,người lao_động có sức khỏe kém có được điều_dưỡng phục_hồi_sức khỏe không
741,c3-029,26,worker,"Tôi hay đau ốm, sức khỏe yếu, có được công ty cho đi điều dưỡng không?",3,SUC_KHOE_BOI_DUONG,synthetic,train,đau_ốm sức khỏe_yếu có được công_ty đi điều_dưỡng không
742,c3-029,26,hr,Người lao động được xếp loại sức khỏe kém có nằm trong nhóm được khuyến khích tổ chức điều dưỡng phục hồi sức khỏe hằng năm không?,3,SUC_KHOE_BOI_DUONG,synthetic,train,người lao_động được xếp loại sức khỏe kém có nằm nhóm được khuyến_khích tổ_chức điều_dưỡng phục_hồi_sức khỏe hằng năm không
743,c3-029,26,complaint,"Khám ra sức khỏe loại kém mà công ty vẫn không cho đi điều dưỡng, tôi có đề nghị được không?",3,SUC_KHOE_BOI_DUONG,synthetic,train,khám ra_sức khỏe loại kém công_ty vẫn không đi điều_dưỡng có đề_nghị được không
744,c3-029,26,short,Sức khỏe kém có được điều dưỡng?,3,SUC_KHOE_BOI_DUONG,synthetic,train,sức khỏe kém có được điều_dưỡng
745,c3-030,26,neutral,Điều dưỡng phục hồi sức khỏe cho người lao động được tổ chức bao lâu một lần?,3,SUC_KHOE_BOI_DUONG,synthetic,train,điều_dưỡng phục_hồi_sức khỏe người lao_động được tổ_chức bao_lâu lần
746,c3-030,26,worker,Đi điều dưỡng phục hồi sức khỏe thì mỗi năm được đi hay mấy năm mới được một lần?,3,SUC_KHOE_BOI_DUONG,synthetic,train,đi điều_dưỡng phục_hồi_sức khỏe mỗi năm được đi mấy năm mới được lần
747,c3-030,26,hr,"Chu kỳ tổ chức điều dưỡng phục hồi sức khỏe cho người lao động làm nghề nặng nhọc, độc hại theo luật là như thế nào?",3,SUC_KHOE_BOI_DUONG,synthetic,train,chu_kỳ tổ_chức điều_dưỡng phục_hồi_sức khỏe người lao_động làm nghề nặng_nhọc độc_hại luật như_thế_nào
748,c3-030,26,complaint,"Công ty năm năm mới cho công nhân độc hại đi điều dưỡng một lần, như vậy có đúng tinh thần của luật không?",3,SUC_KHOE_BOI_DUONG,synthetic,train,công_ty năm năm mới công_nhân độc_hại đi điều_dưỡng lần như_vậy có đúng tinh_thần luật không
749,c3-030,26,short,Điều dưỡng phục hồi mấy năm một lần?,3,SUC_KHOE_BOI_DUONG,synthetic,train,điều_dưỡng phục_hồi mấy năm lần
750,c3-031,26,neutral,"Người làm nghề đặc biệt nặng nhọc, độc hại, nguy hiểm có được điều dưỡng phục hồi sức khỏe không?",3,SUC_KHOE_BOI_DUONG,synthetic,val,người làm nghề đặc_biệt nặng_nhọc độc_hại nguy_hiểm có được điều_dưỡng phục_hồi_sức khỏe không
751,c3-031,26,worker,"Tôi làm thợ lặn khai thác dưới biển, nghề đặc biệt nguy hiểm, có được đi an dưỡng phục hồi sức khỏe không?",3,SUC_KHOE_BOI_DUONG,synthetic,val,làm thợ lặn khai_thác biển nghề đặc_biệt nguy_hiểm có được đi an_dưỡng phục_hồi_sức khỏe không
752,c3-031,26,hr,"Người lao động làm nghề, công việc đặc biệt nặng nhọc, độc hại, nguy hiểm có thuộc diện được tổ chức điều dưỡng phục hồi sức khỏe hằng năm không?",3,SUC_KHOE_BOI_DUONG,synthetic,val,người lao_động làm nghề công_việc đặc_biệt nặng_nhọc độc_hại nguy_hiểm có thuộc diện được tổ_chức điều_dưỡng phục_hồi_sức khỏe hằng năm không
753,c3-031,26,complaint,"Tụi tôi làm xử lý chất thải phóng xạ mà chưa bao giờ được điều dưỡng, công ty có trách nhiệm tổ chức không?",3,SUC_KHOE_BOI_DUONG,synthetic,val,tụi làm xử_lý chất_thải phóng_xạ chưa bao_giờ được điều_dưỡng công_ty có trách_nhiệm tổ_chức không
754,c3-031,26,short,Nghề đặc biệt độc hại được điều dưỡng?,3,SUC_KHOE_BOI_DUONG,synthetic,val,nghề đặc_biệt độc_hại được điều_dưỡng
755,c3-032,27,neutral,Công ty có phải lập và quản lý hồ sơ sức khỏe của người lao động không?,3,SUC_KHOE_BOI_DUONG,synthetic,train,công_ty có phải lập quản_lý hồ_sơ sức_khỏe người lao_động không
756,c3-032,27,worker,Công ty có phải giữ sổ khám sức khỏe của từng công nhân không?,3,SUC_KHOE_BOI_DUONG,synthetic,train,công_ty có phải giữ sổ khám sức_khỏe từng công_nhân không
757,c3-032,27,hr,Trách nhiệm lập và quản lý hồ sơ sức khỏe của người lao động thuộc về chủ thể nào theo Luật?,3,SUC_KHOE_BOI_DUONG,synthetic,train,trách_nhiệm lập quản_lý hồ_sơ sức_khỏe người lao_động thuộc chủ_thể_nào luật
758,c3-032,27,complaint,"Tôi xin xem lại hồ sơ sức khỏe mấy năm làm việc thì công ty nói không lưu, như vậy có vi phạm không?",3,SUC_KHOE_BOI_DUONG,synthetic,train,xem_lại hồ_sơ sức khỏe mấy năm làm_việc công_ty nói không lưu như_vậy có vi_phạm không
759,c3-032,27,short,Lập hồ sơ sức khỏe người lao động,3,SUC_KHOE_BOI_DUONG,synthetic,train,lập hồ_sơ sức khỏe người lao_động
760,c3-033,27,neutral,Công ty có phải lập hồ sơ sức khỏe riêng cho người bị bệnh nghề nghiệp không?,3,SUC_KHOE_BOI_DUONG,synthetic,train,công_ty có phải lập hồ_sơ sức khỏe riêng người bệnh nghề_nghiệp không
761,c3-033,27,worker,Tôi bị bệnh nghề nghiệp thì công ty có phải làm hồ sơ sức khỏe riêng cho tôi không?,3,SUC_KHOE_BOI_DUONG,synthetic,train,bệnh nghề_nghiệp công_ty có phải làm hồ_sơ sức khỏe riêng không
762,c3-033,27,hr,Quy định về lập và quản lý hồ sơ sức khỏe của người lao động bị bệnh nghề nghiệp tại doanh nghiệp là gì?,3,SUC_KHOE_BOI_DUONG,synthetic,train,quy_định lập quản_lý hồ_sơ sức_khỏe người lao_động bệnh nghề_nghiệp doanh_nghiệp gì
763,c3-033,27,complaint,"Công ty không làm hồ sơ sức khỏe cho người bị bệnh bụi phổi, sau này tôi cần chứng minh thì phải làm sao, công ty có sai không?",3,SUC_KHOE_BOI_DUONG,synthetic,train,công_ty không làm hồ_sơ sức khỏe người bệnh bụi phổi sau_này cần chứng_minh phải làm_sao công_ty có sai không
764,c3-033,27,short,Hồ sơ sức khỏe bệnh nghề nghiệp,3,SUC_KHOE_BOI_DUONG,synthetic,train,hồ_sơ sức khỏe bệnh nghề_nghiệp
765,c3-034,27,neutral,Công ty có phải thông báo kết quả khám sức khỏe cho người lao động biết không?,3,SUC_KHOE_BOI_DUONG,synthetic,val,công_ty có phải thông_báo kết_quả khám sức khỏe người lao_động biết không
766,c3-034,27,worker,"Khám sức khỏe xong mà công ty không cho biết kết quả, mình có được đòi xem không?",3,SUC_KHOE_BOI_DUONG,synthetic,val,khám sức khỏe xong công_ty không biết kết_quả có được đòi xem không
767,c3-034,27,hr,"Nghĩa vụ thông báo kết quả khám sức khỏe, khám phát hiện bệnh nghề nghiệp cho người lao động được quy định như thế nào?",3,SUC_KHOE_BOI_DUONG,synthetic,val,nghĩa_vụ thông_báo kết_quả khám sức khỏe khám phát_hiện bệnh nghề_nghiệp người lao_động được quy_định như_thế_nào
768,c3-034,27,complaint,"Công ty giấu kết quả khám phát hiện bệnh nghề nghiệp, không cho công nhân biết mình bị gì, như vậy có đúng không?",3,SUC_KHOE_BOI_DUONG,synthetic,val,công_ty giấu kết_quả khám phát_hiện bệnh nghề_nghiệp không công_nhân biết gì như_vậy có đúng không
769,c3-034,27,short,Thông báo kết quả khám sức khỏe,3,SUC_KHOE_BOI_DUONG,synthetic,val,thông_báo kết_quả khám sức khỏe
770,c3-035,27,neutral,Công ty có phải sắp xếp công việc phù hợp với sức khỏe của người lao động không?,3,SUC_KHOE_BOI_DUONG,synthetic,train,công_ty có phải sắp_xếp công_việc phù_hợp sức_khỏe người lao_động không
771,c3-035,27,worker,"Khám ra tôi bị cao huyết áp mà công ty vẫn để làm trên giàn cao, vậy có được không?",3,SUC_KHOE_BOI_DUONG,synthetic,train,khám cao huyết_áp công_ty vẫn làm giàn cao có được không
772,c3-035,27,hr,Việc bố trí công việc căn cứ vào tiêu chuẩn sức khỏe từng nghề và kết quả khám sức khỏe của người lao động được quy định ra sao?,3,SUC_KHOE_BOI_DUONG,synthetic,train,việc bố_trí công_việc căn_cứ tiêu_chuẩn sức_khỏe từng nghề kết_quả khám sức_khỏe người lao_động được quy_định sao
773,c3-035,27,complaint,"Kết quả khám cho thấy tôi không đủ sức khỏe làm hóa chất mà công ty vẫn không chuyển việc, tôi có quyền phản đối không?",3,SUC_KHOE_BOI_DUONG,synthetic,train,kết_quả khám thấy không đủ sức khỏe làm hóa_chất công_ty vẫn không chuyển việc có quyền phản_đối không
774,c3-035,27,short,Bố trí việc theo kết quả khám,3,SUC_KHOE_BOI_DUONG,synthetic,train,bố_trí việc kết_quả khám
775,c3-036,27,neutral,Công ty có phải báo cáo việc quản lý sức khỏe người lao động cho cơ quan y tế không?,3,SUC_KHOE_BOI_DUONG,synthetic,train,công_ty có phải báo_cáo việc quản_lý sức khỏe người lao_động cơ_quan y_tế không
776,c3-036,27,worker,Khám sức khỏe cho công nhân xong công ty có phải báo lên sở y tế gì không?,3,SUC_KHOE_BOI_DUONG,synthetic,train,khám sức khỏe công_nhân xong công_ty có phải báo sở y_tế gì không
777,c3-036,27,hr,Trách nhiệm báo cáo hằng năm về quản lý sức khỏe người lao động cho cơ quan quản lý nhà nước về y tế được quy định thế nào?,3,SUC_KHOE_BOI_DUONG,synthetic,train,trách_nhiệm báo_cáo hằng năm quản_lý sức khỏe người lao_động cơ_quan quản_lý_nhà_nước y_tế được quy_định
778,c3-036,27,complaint,"Công ty chưa bao giờ báo cáo tình hình sức khỏe công nhân lên cơ quan y tế, như vậy có vi phạm quy định không?",3,SUC_KHOE_BOI_DUONG,synthetic,train,công_ty chưa bao_giờ báo_cáo tình_hình sức_khỏe công_nhân cơ_quan y_tế như_vậy có vi_phạm quy_định không
779,c3-036,27,short,Báo cáo quản lý sức khỏe hằng năm,3,SUC_KHOE_BOI_DUONG,synthetic,train,báo_cáo quản_lý sức_khỏe hằng năm
780,c3-037,27,neutral,Tiêu chuẩn sức khỏe của từng nghề được sử dụng như thế nào trong việc bố trí công việc?,3,SUC_KHOE_BOI_DUONG,synthetic,train,tiêu_chuẩn sức_khỏe từng nghề được sử_dụng như_thế_nào việc bố_trí công_việc
781,c3-037,27,worker,"Nghề lái cẩu có đòi hỏi sức khỏe riêng không, công ty có phải xét cái đó khi giao việc không?",3,SUC_KHOE_BOI_DUONG,synthetic,train,nghề lái_cẩu có đòi_hỏi sức khỏe riêng không công_ty có phải xét cái khi giao việc không
782,c3-037,27,hr,"Người sử dụng lao động phải căn cứ vào tiêu chuẩn sức khỏe quy định cho từng loại nghề, công việc như thế nào khi sắp xếp nhân sự?",3,SUC_KHOE_BOI_DUONG,synthetic,train,người sử_dụng lao_động phải căn_cứ tiêu_chuẩn sức khỏe quy_định từng loại nghề công_việc như_thế_nào khi sắp_xếp nhân_sự
783,c3-037,27,complaint,"Tôi bị cận nặng mà công ty vẫn giao lái xe nâng bất chấp tiêu chuẩn sức khỏe của nghề, như vậy có đúng không?",3,SUC_KHOE_BOI_DUONG,synthetic,train,cận nặng công_ty vẫn giao lái_xe nâng bất_chấp tiêu_chuẩn sức_khỏe nghề như_vậy có đúng không
784,c3-037,27,short,Tiêu chuẩn sức khỏe theo nghề,3,SUC_KHOE_BOI_DUONG,synthetic,train,tiêu_chuẩn sức_khỏe nghề
785,c3-038,27,neutral,Người lao động có quyền biết kết quả khám phát hiện bệnh nghề nghiệp của mình không?,3,SUC_KHOE_BOI_DUONG,synthetic,train,người lao_động có quyền biết kết_quả khám phát_hiện bệnh nghề_nghiệp không
786,c3-038,27,worker,"Đi khám bệnh nghề nghiệp về mà hỏi hoài phòng nhân sự không nói kết quả, mình có quyền biết không?",3,SUC_KHOE_BOI_DUONG,synthetic,train,đi khám bệnh nghề_nghiệp hoài phòng nhân_sự không nói kết_quả có quyền biết không
787,c3-038,27,hr,Người lao động có được thông báo kết quả khám phát hiện bệnh nghề nghiệp từ người sử dụng lao động không?,3,SUC_KHOE_BOI_DUONG,synthetic,train,người lao_động có được thông_báo kết_quả khám phát_hiện bệnh nghề_nghiệp người sử_dụng lao_động không
788,c3-038,27,complaint,"Phòng nhân sự nói kết quả khám bệnh nghề nghiệp là tài liệu nội bộ không cung cấp cho công nhân, như vậy có đúng không?",3,SUC_KHOE_BOI_DUONG,synthetic,train,phòng nhân_sự nói kết_quả khám bệnh nghề_nghiệp tài_liệu nội_bộ không cung_cấp công_nhân như_vậy có đúng không
789,c3-038,27,short,Biết kết quả khám bệnh nghề nghiệp,3,SUC_KHOE_BOI_DUONG,synthetic,train,biết kết_quả khám bệnh nghề_nghiệp
790,c3-039,27,neutral,Công ty có phải lưu giữ kết quả khám sức khỏe của người lao động trong hồ sơ không?,3,SUC_KHOE_BOI_DUONG,synthetic,train,công_ty có phải lưu_giữ kết_quả khám sức_khỏe người lao_động hồ_sơ không
791,c3-039,27,worker,Mấy tờ kết quả khám sức khỏe mỗi năm của công nhân công ty có phải giữ lại không?,3,SUC_KHOE_BOI_DUONG,synthetic,train,mấy tờ kết_quả khám sức khỏe mỗi năm công_nhân công_ty có phải giữ không
792,c3-039,27,hr,Hồ sơ sức khỏe người lao động do doanh nghiệp quản lý có phải bao gồm kết quả các lần khám sức khỏe định kỳ không?,3,SUC_KHOE_BOI_DUONG,synthetic,train,hồ_sơ sức khỏe người lao_động do doanh_nghiệp quản_lý có phải bao_gồm kết_quả lần khám sức khỏe_định_kỳ không
793,c3-039,27,complaint,"Công ty làm mất hết giấy khám sức khỏe của tôi mấy năm qua, giờ tôi cần làm thủ tục thì công ty có chịu trách nhiệm không?",3,SUC_KHOE_BOI_DUONG,synthetic,train,công_ty làm mất hết giấy khám sức_khỏe mấy năm qua giờ cần làm thủ_tục công_ty có chịu trách_nhiệm không
794,c3-039,27,short,Lưu kết quả khám sức khỏe,3,SUC_KHOE_BOI_DUONG,synthetic,train,lưu kết_quả khám sức khỏe
795,c3-040,27,neutral,"Sau khi khám sức khỏe, công ty có phải chuyển người lao động không đủ sức khỏe sang công việc khác không?",3,SUC_KHOE_BOI_DUONG,synthetic,test,sau khi khám sức_khỏe công_ty có phải chuyển người lao_động không đủ sức khỏe sang công_việc khác không
796,c3-040,27,worker,"Khám ra tôi bị bệnh tim, bác sĩ khuyên không làm việc nặng mà sếp vẫn giữ tôi ở tổ bốc xếp, có được không?",3,SUC_KHOE_BOI_DUONG,synthetic,test,khám bệnh tim bác_sĩ khuyên không làm_việc nặng sếp vẫn giữ tổ bốc_xếp có được không
797,c3-040,27,hr,"Khi kết quả khám sức khỏe cho thấy người lao động không đáp ứng tiêu chuẩn sức khỏe vị trí hiện tại, người sử dụng lao động phải sắp xếp công việc như thế nào?",3,SUC_KHOE_BOI_DUONG,synthetic,test,khi kết_quả khám sức_khỏe thấy người lao_động không đáp_ứng tiêu_chuẩn sức khỏe vị_trí hiện_tại người sử_dụng lao_động phải sắp_xếp công_việc như_thế_nào
798,c3-040,27,complaint,"Tôi bị chẩn đoán hen suyễn mà công ty vẫn bắt ở xưởng bụi bông, không chịu chuyển việc, tôi có kiện được không?",3,SUC_KHOE_BOI_DUONG,synthetic,test,chẩn_đoán hen_suyễn công_ty vẫn bắt xưởng bụi bông không chịu chuyển việc có kiện được không
799,c3-040,27,short,Chuyển việc do không đủ sức khỏe,3,SUC_KHOE_BOI_DUONG,synthetic,test,chuyển việc do không đủ sức khỏe
800,c4-001,34,neutral,"Khi xảy ra tai nạn lao động tại nơi làm việc, người bị nạn hoặc người chứng kiến phải báo cho ai?",4,KHAI_BAO_DIEU_TRA,synthetic,train,khi xảy tai_nạn lao_động nơi làm_việc người nạn người chứng_kiến phải báo ai
801,c4-001,34,worker,"Thằng bạn cùng tổ bị kẹt tay vô máy, tụi em thấy thì phải báo cho ai trước vậy?",4,KHAI_BAO_DIEU_TRA,synthetic,train,thằng cùng tổ kẹt tay vô_máy tụi thấy phải báo ai trước
802,c4-001,34,hr,Người phát hiện tai nạn lao động tại cơ sở có nghĩa vụ thông báo ngay cho cấp nào để kịp thời xử lý?,4,KHAI_BAO_DIEU_TRA,synthetic,train,người phát_hiện tai_nạn lao_động cơ_sở có nghĩa_vụ thông_báo ngay cấp nào kịp_thời xử_lý
803,c4-001,34,complaint,"Tôi báo chuyện đồng nghiệp té cho bảo vệ mà không ai xử lý, lẽ ra tôi phải báo cho ai mới đúng quy định?",4,KHAI_BAO_DIEU_TRA,synthetic,train,báo chuyện đồng_nghiệp té bảo_vệ không ai xử_lý lẽ_ra phải báo ai mới đúng quy_định
804,c4-001,34,short,Thấy tai nạn tại xưởng báo ai?,4,KHAI_BAO_DIEU_TRA,synthetic,train,thấy tai_nạn xưởng báo ai
805,c4-002,34,neutral,Tai nạn lao động làm chết người thì người sử dụng lao động phải khai báo với những cơ quan nào?,4,KHAI_BAO_DIEU_TRA,synthetic,train,tai_nạn lao_động làm chết người người sử_dụng lao_động phải khai_báo cơ_quan nào
806,c4-002,34,worker,"Công trường có anh thợ hồ té giàn giáo chết, sếp phải báo cho công an với ai nữa?",4,KHAI_BAO_DIEU_TRA,synthetic,train,công_trường có thợ_hồ té giàn_giáo chết sếp phải báo công_an ai nữa
807,c4-002,34,hr,"Trường hợp xảy ra tai nạn lao động chết người, doanh nghiệp phải khai báo đến cơ quan quản lý nhà nước nào và có phải báo công an cấp huyện không?",4,KHAI_BAO_DIEU_TRA,synthetic,train,trường_hợp xảy tai_nạn lao_động chết người doanh_nghiệp phải khai_báo đến cơ_quan quản_lý_nhà_nước nào có phải báo công_an cấp huyện không
808,c4-002,34,complaint,"Công nhân bên tôi chết do điện giật mà công ty chỉ báo nội bộ, không báo công an, vậy công ty phải khai báo cho cơ quan nào?",4,KHAI_BAO_DIEU_TRA,synthetic,train,công_nhân bên chết do điện_giật công_ty chỉ báo nội_bộ không báo công_an công_ty phải khai_báo cơ_quan nào
809,c4-002,34,short,Tai nạn chết người khai báo đâu?,4,KHAI_BAO_DIEU_TRA,synthetic,train,tai_nạn chết người khai_báo đâu
810,c4-003,34,neutral,Vụ tai nạn làm bị thương nặng hai người lao động trở lên thì công ty phải khai báo với cơ quan nào?,4,KHAI_BAO_DIEU_TRA,synthetic,train,vụ tai_nạn làm bị_thương nặng hai người lao_động trở công_ty phải khai_báo cơ_quan nào
811,c4-003,34,worker,"Nổ lò hơi làm ba anh em trong xưởng bị bỏng nặng, công ty có phải báo lên sở lao động không?",4,KHAI_BAO_DIEU_TRA,synthetic,train,nổ lò_hơi làm ba anh_em xưởng bỏng nặng công_ty có phải báo sở lao_động không
812,c4-003,34,hr,"Đối với vụ tai nạn làm bị thương nặng từ hai người lao động trở lên, người sử dụng lao động khai báo với cơ quan quản lý nhà nước về lao động cấp nào?",4,KHAI_BAO_DIEU_TRA,synthetic,train,đối_với vụ tai_nạn làm bị_thương nặng hai người lao_động trở người sử_dụng lao_động khai_báo cơ_quan quản_lý_nhà_nước lao_động cấp nào
813,c4-003,34,complaint,"Hai người bị thương nặng do sập kệ hàng mà công ty im lặng không khai báo, lẽ ra họ phải báo với cơ quan nào?",4,KHAI_BAO_DIEU_TRA,synthetic,train,hai người bị_thương nặng do sập kệ hàng công_ty im_lặng không khai_báo lẽ_ra họ phải báo cơ_quan nào
814,c4-003,34,short,Hai người bị thương nặng khai báo ai?,4,KHAI_BAO_DIEU_TRA,synthetic,train,hai người bị_thương nặng khai_báo ai
815,c4-004,34,neutral,Khi mới có nguy cơ xảy ra tai nạn lao động mà chưa có ai bị thương thì có phải báo cho người sử dụng lao động không?,4,KHAI_BAO_DIEU_TRA,synthetic,val,khi mới có nguy_cơ xảy tai_nạn lao_động chưa có ai bị_thương có phải báo người sử_dụng lao_động không
816,c4-004,34,worker,"Em thấy dây cáp cẩu sắp đứt, chưa ai bị gì, vậy có cần báo cho quản đốc không anh?",4,KHAI_BAO_DIEU_TRA,synthetic,val,thấy dây_cáp cẩu sắp đứt chưa ai gì có cần báo quản_đốc không
817,c4-004,34,hr,Tình huống có nguy cơ xảy ra tai nạn lao động hoặc sự cố kỹ thuật thì người lao động có trách nhiệm báo cáo cho người phụ trách trực tiếp không?,4,KHAI_BAO_DIEU_TRA,synthetic,val,tình_huống có nguy_cơ xảy tai_nạn lao_động sự_cố kỹ_thuật người lao_động có trách_nhiệm báo_cáo người phụ_trách trực_tiếp không
818,c4-004,34,complaint,"Tôi báo cho tổ trưởng là máy ép có dấu hiệu hỏng thì bị gắt là chưa có chuyện gì, vậy luật có bắt phải báo khi mới có nguy cơ không?",4,KHAI_BAO_DIEU_TRA,synthetic,val,báo tổ_trưởng máy_ép có dấu_hiệu hỏng gắt chưa có chuyện gì luật có bắt phải báo khi mới có nguy_cơ không
819,c4-004,34,short,Có nguy cơ tai nạn có phải báo?,4,KHAI_BAO_DIEU_TRA,synthetic,val,có nguy_cơ tai_nạn có phải báo
820,c4-005,34,neutral,"Khi xảy ra sự cố kỹ thuật gây mất an toàn, vệ sinh lao động tại nơi làm việc thì việc khai báo được thực hiện thế nào?",4,KHAI_BAO_DIEU_TRA,synthetic,train,khi xảy sự_cố kỹ_thuật gây mất an_toàn vệ_sinh lao_động nơi làm_việc việc khai_báo được thực_hiện
821,c4-005,34,worker,"Bồn hóa chất ở xưởng bị rò rỉ, tụi em phải báo sự cố này cho ai?",4,KHAI_BAO_DIEU_TRA,synthetic,train,bồn hóa_chất xưởng rò_rỉ tụi phải báo sự_cố ai
822,c4-005,34,hr,"Quy trình khai báo sự cố kỹ thuật gây mất an toàn, vệ sinh lao động tại cơ sở sản xuất được quy định ra sao?",4,KHAI_BAO_DIEU_TRA,synthetic,train,quy_trình khai_báo sự_cố kỹ_thuật gây mất an_toàn vệ_sinh lao_động cơ_sở sản_xuất được quy_định sao
823,c4-005,34,complaint,"Nhà máy bị sự cố rò khí gas mà ban giám đốc bảo cứ làm tiếp không cần khai báo, theo luật thì phải khai báo sự cố như thế nào?",4,KHAI_BAO_DIEU_TRA,synthetic,train,nhà_máy sự_cố rò khí gas ban giám_đốc bảo cứ làm tiếp không cần khai_báo luật phải khai_báo sự_cố như_thế_nào
824,c4-005,34,short,Khai báo sự cố kỹ thuật thế nào?,4,KHAI_BAO_DIEU_TRA,synthetic,train,khai_báo sự_cố kỹ_thuật
825,c4-006,34,neutral,Người lao động làm việc không theo hợp đồng lao động bị tai nạn chết người thì ai phải khai báo và khai báo với cơ quan nào?,4,KHAI_BAO_DIEU_TRA,synthetic,train,người lao_động làm_việc không hợp_đồng lao_động tai_nạn chết người ai phải khai_báo khai_báo cơ_quan nào
826,c4-006,34,worker,"Ông chú em làm thợ hồ tự do, té từ mái nhà xuống chết, gia đình phải đi báo ở đâu?",4,KHAI_BAO_DIEU_TRA,synthetic,train,ông chú làm thợ_hồ tự_do té mái nhà chết gia_đình phải đi báo đâu
827,c4-006,34,hr,"Đối với người lao động không có hợp đồng lao động bị tai nạn làm chết người, trách nhiệm khai báo thuộc về ai và báo tới Ủy ban nhân dân cấp nào?",4,KHAI_BAO_DIEU_TRA,synthetic,train,đối_với người lao_động không có hợp_đồng lao_động tai_nạn làm chết người trách_nhiệm khai_báo thuộc ai báo tới ủy ban_nhân_dân cấp nào
828,c4-006,34,complaint,"Anh tôi làm thuê theo ngày không có hợp đồng bị cây đè chết, chủ nhà nói không liên quan, vậy gia đình tôi phải khai báo với ai?",4,KHAI_BAO_DIEU_TRA,synthetic,train,làm_thuê ngày không có hợp_đồng cây đè chết chủ nhà nói không liên_quan gia_đình phải khai_báo ai
829,c4-006,34,short,Lao động tự do bị nạn báo đâu?,4,KHAI_BAO_DIEU_TRA,synthetic,train,lao_động tự_do nạn báo đâu
830,c4-007,34,neutral,"Sau khi nhận tin báo tai nạn chết người của người làm việc không theo hợp đồng lao động, Ủy ban nhân dân cấp xã phải báo cáo cho những cơ quan nào?",4,KHAI_BAO_DIEU_TRA,synthetic,train,sau khi nhận tin báo tai_nạn chết người người làm_việc không hợp_đồng lao_động ủy ban_nhân_dân cấp xã phải báo_cáo cơ_quan nào
831,c4-007,34,worker,"Nhà em đã báo xã vụ ba em bị tai nạn chết khi đi phụ hồ, xã có phải báo tiếp lên trên không?",4,KHAI_BAO_DIEU_TRA,synthetic,train,nhà báo xã vụ ba tai_nạn chết khi đi phụ hồ xã có phải báo tiếp không
832,c4-007,34,hr,Ủy ban nhân dân cấp xã có trách nhiệm chuyển báo cáo vụ tai nạn lao động chết người của lao động phi chính thức đến công an cấp huyện và cơ quan lao động cấp tỉnh không?,4,KHAI_BAO_DIEU_TRA,synthetic,train,ủy ban_nhân_dân cấp xã có trách_nhiệm chuyển báo_cáo vụ tai_nạn lao_động chết người lao_động phi_chính_thức đến công_an cấp huyện cơ_quan lao_động cấp tỉnh không
833,c4-007,34,complaint,"Xã nhận tin báo vụ người làm thuê bị điện giật chết nhưng để đó không báo lên huyện, như vậy xã có làm đúng trách nhiệm không?",4,KHAI_BAO_DIEU_TRA,synthetic,train,xã nhận tin báo vụ người làm_thuê điện giật chết không báo huyện như_vậy xã có làm đúng trách_nhiệm không
834,c4-007,34,short,Xã báo cáo tai nạn lên đâu?,4,KHAI_BAO_DIEU_TRA,synthetic,train,xã báo_cáo tai_nạn đâu
835,c4-008,34,neutral,Tai nạn lao động xảy ra trên giàn khoan dầu khí hoặc trong ngành hàng không thì việc khai báo thực hiện theo quy định nào?,4,KHAI_BAO_DIEU_TRA,synthetic,test,tai_nạn lao_động xảy giàn khoan dầu_khí ngành_hàng_không việc khai_báo thực_hiện quy_định nào
836,c4-008,34,worker,"Em làm trên giàn khoan ngoài biển, lỡ có tai nạn thì báo theo luật lao động hay luật riêng của ngành?",4,KHAI_BAO_DIEU_TRA,synthetic,test,làm giàn khoan ngoài biển lỡ có tai_nạn báo luật lao_động luật riêng ngành
837,c4-008,34,hr,"Các vụ tai nạn trong lĩnh vực phóng xạ, dầu khí, vận tải đường sắt, đường thủy, đường bộ, hàng không thì người sử dụng lao động khai báo theo luật nào?",4,KHAI_BAO_DIEU_TRA,synthetic,test,vụ tai_nạn lĩnh_vực phóng_xạ dầu_khí vận_tải đường_sắt đường thủy đường_bộ hàng_không người sử_dụng lao_động khai_báo luật nào
838,c4-008,34,complaint,"Tài xế xe khách công ty tôi gặp nạn, công ty nói không cần khai báo theo luật an toàn lao động, vậy việc khai báo phải theo luật nào?",4,KHAI_BAO_DIEU_TRA,synthetic,test,tài_xế xe_khách công_ty gặp nạn công_ty nói không cần khai_báo luật an_toàn_lao_động việc khai_báo phải luật nào
839,c4-008,34,short,Tai nạn ngành dầu khí khai báo sao?,4,KHAI_BAO_DIEU_TRA,synthetic,test,tai_nạn ngành dầu_khí khai_báo sao
840,c4-009,34,neutral,Cơ quan có thẩm quyền phải làm gì khi nhận được tin báo về tai nạn lao động?,4,KHAI_BAO_DIEU_TRA,synthetic,val,cơ_quan có thẩm_quyền phải làm_gì khi nhận được tin báo tai_nạn lao_động
841,c4-009,34,worker,"Em gọi báo lên sở vụ tai nạn ở xưởng, bên đó có phải trả lời lại cho em biết kết quả không?",4,KHAI_BAO_DIEU_TRA,synthetic,val,gọi báo sở vụ tai_nạn xưởng bên có phải trả_lời biết kết_quả không
842,c4-009,34,hr,"Trách nhiệm của cơ quan, tổ chức có thẩm quyền trong việc xem xét, giải quyết tin báo tai nạn lao động và thông báo kết quả cho người báo tin là gì?",4,KHAI_BAO_DIEU_TRA,synthetic,val,trách_nhiệm cơ_quan tổ_chức có thẩm_quyền việc xem_xét giải_quyết tin báo tai_nạn lao_động thông_báo kết_quả người báo tin gì
843,c4-009,34,complaint,"Tôi báo tin tai nạn lao động lên cơ quan chức năng cả tháng mà không ai phản hồi, họ có nghĩa vụ phải giải quyết tin báo không?",4,KHAI_BAO_DIEU_TRA,synthetic,val,báo tin tai_nạn lao_động cơ_quan_chức_năng cả tháng không ai phản_hồi họ có nghĩa_vụ phải giải_quyết tin báo không
844,c4-009,34,short,Xử lý tin báo tai nạn lao động,4,KHAI_BAO_DIEU_TRA,synthetic,val,xử_lý tin báo tai_nạn lao_động
845,c4-010,34,neutral,Người báo tin về tai nạn lao động có được cơ quan chức năng bảo vệ quyền lợi không?,4,KHAI_BAO_DIEU_TRA,synthetic,val,người báo tin tai_nạn lao_động có được cơ_quan_chức_năng bảo_vệ quyền_lợi không
846,c4-010,34,worker,"Em lỡ báo vụ tai nạn giấu nhẹm ở xưởng lên sở, sợ sếp trù dập, vậy có ai bảo vệ em không?",4,KHAI_BAO_DIEU_TRA,synthetic,val,lỡ báo vụ tai_nạn giấu nhẹm xưởng sở sợ sếp_trù dập có ai bảo_vệ không
847,c4-010,34,hr,"Cơ quan tiếp nhận tin báo tai nạn lao động có trách nhiệm áp dụng biện pháp gì để bảo vệ quyền, lợi ích hợp pháp của người đã báo tin?",4,KHAI_BAO_DIEU_TRA,synthetic,val,cơ_quan tiếp_nhận tin báo tai_nạn lao_động có trách_nhiệm áp_dụng biện_pháp gì bảo_vệ quyền_lợi_ích hợp_pháp người báo tin
848,c4-010,34,complaint,"Từ khi tôi báo tai nạn lên cơ quan nhà nước thì bị quản lý gây khó dễ, cơ quan nhận tin có phải bảo vệ tôi không?",4,KHAI_BAO_DIEU_TRA,synthetic,val,khi báo tai_nạn cơ_quan nhà_nước quản_lý gây khó_dễ cơ_quan nhận tin có phải bảo_vệ không
849,c4-010,34,short,Bảo vệ người báo tin tai nạn,4,KHAI_BAO_DIEU_TRA,synthetic,val,bảo_vệ người báo tin tai_nạn
850,c4-011,34,neutral,"Khi có tai nạn lao động làm chết người, người sử dụng lao động phải khai báo trong thời gian nào?",4,KHAI_BAO_DIEU_TRA,synthetic,train,khi có tai_nạn lao_động làm chết người_người sử_dụng lao_động phải khai_báo thời_gian nào
851,c4-011,34,worker,"Xưởng có người chết do máy cán, sếp nói để vài hôm tính, vậy phải báo liền hay được chờ?",4,KHAI_BAO_DIEU_TRA,synthetic,train,xưởng có người chết do máy_cán sếp nói vài hôm tính phải báo liền được chờ
852,c4-011,34,hr,Thời điểm người sử dụng lao động phải thực hiện khai báo tai nạn lao động chết người với cơ quan có thẩm quyền được quy định thế nào?,4,KHAI_BAO_DIEU_TRA,synthetic,train,thời_điểm người sử_dụng lao_động phải thực_hiện khai_báo tai_nạn lao_động chết người cơ_quan có thẩm_quyền được quy_định
853,c4-011,34,complaint,"Công ty để ba ngày sau mới khai báo vụ công nhân chết, như vậy có chậm so với quy định khai báo không?",4,KHAI_BAO_DIEU_TRA,synthetic,train,công_ty ba ngày sau mới khai_báo vụ công_nhân chết như_vậy có chậm so quy_định khai_báo không
854,c4-011,34,short,Khai báo tai nạn chết người khi nào?,4,KHAI_BAO_DIEU_TRA,synthetic,train,khai_báo tai_nạn chết người khi nào
855,c4-012,34,neutral,Sự cố kỹ thuật gây mất an toàn liên quan đến người làm việc không theo hợp đồng lao động thì người phát hiện phải khai báo với ai?,4,KHAI_BAO_DIEU_TRA,synthetic,test,sự_cố kỹ_thuật gây mất an_toàn liên_quan đến người làm_việc không hợp_đồng lao_động người phát_hiện phải khai_báo ai
856,c4-012,34,worker,"Cái máy trộn bê tông của nhóm thợ tự do bị bung nổ, người thấy phải báo cho xã hay cho ai?",4,KHAI_BAO_DIEU_TRA,synthetic,test,cái máy trộn bê_tông nhóm thợ tự_do bung nổ người thấy phải báo xã ai
857,c4-012,34,hr,"Trường hợp sự cố kỹ thuật mất an toàn xảy ra với lao động không có hợp đồng, trách nhiệm khai báo của người phát hiện với Ủy ban nhân dân cấp xã ra sao?",4,KHAI_BAO_DIEU_TRA,synthetic,test,trường_hợp sự_cố kỹ_thuật mất an_toàn xảy lao_động không có hợp_đồng trách_nhiệm khai_báo người phát_hiện ủy ban_nhân_dân cấp xã sao
858,c4-012,34,complaint,"Lò gạch thủ công trong xóm bị sập mà không ai khai báo vì toàn thợ không hợp đồng, vậy người phát hiện phải báo ở đâu?",4,KHAI_BAO_DIEU_TRA,synthetic,test,lò gạch thủ_công xóm sập không ai khai_báo vì toàn thợ không hợp_đồng người phát_hiện phải báo đâu
859,c4-012,34,short,Sự cố lao động tự do báo ai?,4,KHAI_BAO_DIEU_TRA,synthetic,test,sự_cố lao_động tự_do báo ai
860,c4-013,35,neutral,Ai có trách nhiệm thành lập Đoàn điều tra tai nạn lao động cấp cơ sở?,4,KHAI_BAO_DIEU_TRA,synthetic,train,ai có trách_nhiệm thành_lập đoàn điều_tra tai_nạn lao_động cấp cơ_sở
861,c4-013,35,worker,"Em bị trầy xước nhẹ lúc bưng hàng, vậy ai trong công ty lập đoàn điều tra vụ này?",4,KHAI_BAO_DIEU_TRA,synthetic,train,trầy_xước nhẹ lúc bưng hàng ai công_ty lập_đoàn điều_tra vụ
862,c4-013,35,hr,Việc thành lập Đoàn điều tra tai nạn lao động cấp cơ sở đối với tai nạn làm bị thương nhẹ thuộc trách nhiệm của ai?,4,KHAI_BAO_DIEU_TRA,synthetic,train,việc thành_lập đoàn điều_tra tai_nạn lao_động cấp cơ_sở đối_với tai_nạn làm bị_thương nhẹ thuộc trách_nhiệm ai
863,c4-013,35,complaint,"Tôi bị gãy tay ở xưởng mà công ty không lập đoàn điều tra gì cả, trách nhiệm lập đoàn điều tra là của ai?",4,KHAI_BAO_DIEU_TRA,synthetic,train,gãy tay xưởng công_ty không lập_đoàn điều_tra gì cả trách_nhiệm lập_đoàn điều_tra ai
864,c4-013,35,short,Ai lập đoàn điều tra cấp cơ sở?,4,KHAI_BAO_DIEU_TRA,synthetic,train,ai lập_đoàn điều_tra cấp cơ_sở
865,c4-014,35,neutral,Thành phần Đoàn điều tra tai nạn lao động cấp cơ sở gồm những ai?,4,KHAI_BAO_DIEU_TRA,synthetic,train,thành_phần đoàn điều_tra tai_nạn lao_động cấp cơ_sở gồm những_ai
866,c4-014,35,worker,Đoàn điều tra vụ tai nạn ở công ty em có cần người của công đoàn tham gia không?,4,KHAI_BAO_DIEU_TRA,synthetic,train,đoàn điều_tra vụ tai_nạn công_ty có cần người công_đoàn tham_gia không
867,c4-014,35,hr,Cơ cấu Đoàn điều tra tai nạn lao động cấp cơ sở gồm trưởng đoàn là ai và các thành viên bắt buộc nào?,4,KHAI_BAO_DIEU_TRA,synthetic,train,cơ_cấu đoàn điều_tra tai_nạn lao_động cấp cơ_sở gồm trưởng_đoàn ai thành_viên bắt_buộc nào
868,c4-014,35,complaint,"Đoàn điều tra vụ tai nạn của tôi chỉ toàn người của ban giám đốc, không có đại diện công đoàn, vậy thành phần như thế có đúng không?",4,KHAI_BAO_DIEU_TRA,synthetic,train,đoàn điều_tra vụ tai_nạn chỉ toàn người ban giám_đốc không có đại_diện công_đoàn thành_phần như_thế có đúng không
869,c4-014,35,short,Thành phần đoàn điều tra cơ sở,4,KHAI_BAO_DIEU_TRA,synthetic,train,thành_phần đoàn điều_tra cơ_sở
870,c4-015,35,neutral,Tai nạn lao động chết người do cơ quan nào điều tra?,4,KHAI_BAO_DIEU_TRA,synthetic,train,tai_nạn lao_động chết người do cơ_quan nào điều_tra
871,c4-015,35,worker,"Công nhân bị xe nâng cán chết trong kho, vụ này công ty tự điều tra hay nhà nước điều tra?",4,KHAI_BAO_DIEU_TRA,synthetic,train,công_nhân xe nâng cán chết kho vụ công_ty tự điều_tra nhà_nước điều_tra
872,c4-015,35,hr,Thẩm quyền điều tra tai nạn lao động chết người thuộc Đoàn điều tra cấp nào và do cơ quan nào thành lập?,4,KHAI_BAO_DIEU_TRA,synthetic,train,thẩm_quyền điều_tra tai_nạn lao_động chết người thuộc đoàn điều_tra cấp nào do cơ_quan nào thành_lập
873,c4-015,35,complaint,"Chồng tôi chết do tai nạn ở nhà máy mà công ty tự điều tra rồi kết luận, vậy vụ này đáng lẽ phải do đoàn nào điều tra?",4,KHAI_BAO_DIEU_TRA,synthetic,train,chồng chết do tai_nạn nhà_máy công_ty tự điều_tra kết_luận vụ đáng_lẽ phải do đoàn nào điều_tra
874,c4-015,35,short,Tai nạn chết người ai điều tra?,4,KHAI_BAO_DIEU_TRA,synthetic,train,tai_nạn chết người ai điều_tra
875,c4-016,35,neutral,Đoàn điều tra tai nạn lao động cấp tỉnh gồm những thành phần nào?,4,KHAI_BAO_DIEU_TRA,synthetic,train,đoàn điều_tra tai_nạn lao_động cấp tỉnh gồm thành_phần_nào
876,c4-016,35,worker,Đoàn của tỉnh xuống điều tra vụ nổ ở xưởng thì có những ai trong đó vậy?,4,KHAI_BAO_DIEU_TRA,synthetic,train,đoàn tỉnh điều_tra vụ nổ xưởng có những_ai
877,c4-016,35,hr,Trưởng đoàn và các thành viên của Đoàn điều tra tai nạn lao động cấp tỉnh được quy định như thế nào?,4,KHAI_BAO_DIEU_TRA,synthetic,train,trưởng_đoàn thành_viên đoàn điều_tra tai_nạn lao_động cấp tỉnh được quy_định như_thế_nào
878,c4-016,35,complaint,"Đoàn tỉnh điều tra vụ tai nạn của em tôi mà không thấy đại diện Liên đoàn Lao động, như vậy thành phần đoàn có đủ không?",4,KHAI_BAO_DIEU_TRA,synthetic,train,đoàn tỉnh điều_tra vụ tai_nạn không thấy đại_diện liên_đoàn lao_động như_vậy thành_phần đoàn có đủ không
879,c4-016,35,short,Thành phần đoàn điều tra cấp tỉnh,4,KHAI_BAO_DIEU_TRA,synthetic,train,thành_phần đoàn điều_tra cấp tỉnh
880,c4-017,35,neutral,Khi nào thì thành lập Đoàn điều tra tai nạn lao động cấp trung ương?,4,KHAI_BAO_DIEU_TRA,synthetic,train,khi nào thành_lập đoàn điều_tra tai_nạn lao_động cấp trung_ương
881,c4-017,35,worker,Vụ sập công trình làm chết mấy chục người thì có đoàn ở trung ương xuống điều tra không?,4,KHAI_BAO_DIEU_TRA,synthetic,train,vụ sập công_trình làm chết mấy chục người có đoàn trung_ương điều_tra không
882,c4-017,35,hr,Trong trường hợp nào Bộ Lao động - Thương binh và Xã hội thành lập Đoàn điều tra tai nạn lao động cấp trung ương?,4,KHAI_BAO_DIEU_TRA,synthetic,train,trường_hợp nào bộ lao_động thương_binh xã_hội thành_lập đoàn điều_tra tai_nạn lao_động cấp trung_ương
883,c4-017,35,complaint,"Vụ cháy nhà máy quá nghiêm trọng mà tỉnh điều tra mãi không xong, gia đình nạn nhân có thể đề nghị trung ương điều tra trong trường hợp nào?",4,KHAI_BAO_DIEU_TRA,synthetic,train,vụ cháy nhà_máy quá nghiêm_trọng tỉnh điều_tra mãi không xong gia_đình nạn_nhân đề_nghị trung_ương điều_tra trường_hợp nào
884,c4-017,35,short,Khi nào có đoàn điều tra trung ương?,4,KHAI_BAO_DIEU_TRA,synthetic,train,khi nào có đoàn điều_tra trung_ương
885,c4-018,35,neutral,Người lao động không đồng ý với kết quả điều tra của Đoàn điều tra cấp cơ sở thì có được điều tra lại không?,4,KHAI_BAO_DIEU_TRA,synthetic,train,người lao_động không đồng_ý kết_quả điều_tra đoàn điều_tra cấp cơ_sở có được điều_tra không
886,c4-018,35,worker,"Công ty tự điều tra rồi đổ hết lỗi cho em, em không chịu thì có được xin điều tra lại không?",4,KHAI_BAO_DIEU_TRA,synthetic,train,công_ty tự điều_tra đổ hết lỗi không chịu có được điều_tra không
887,c4-018,35,hr,"Khi có khiếu nại đối với kết luận của Đoàn điều tra tai nạn lao động cấp cơ sở, cơ quan nào có thẩm quyền điều tra lại?",4,KHAI_BAO_DIEU_TRA,synthetic,train,khi có khiếu_nại đối_với kết_luận đoàn điều_tra tai_nạn lao_động cấp cơ_sở cơ_quan nào có thẩm_quyền điều_tra
888,c4-018,35,complaint,"Biên bản điều tra của công ty ghi sai sự thật vụ tôi bị thương, tôi khiếu nại thì ai sẽ điều tra lại?",4,KHAI_BAO_DIEU_TRA,synthetic,train,biên_bản điều_tra công_ty ghi sai sự_thật vụ bị_thương khiếu_nại ai điều_tra
889,c4-018,35,short,Điều tra lại tai nạn lao động,4,KHAI_BAO_DIEU_TRA,synthetic,train,điều_tra tai_nạn lao_động
890,c4-019,35,neutral,Thời hạn điều tra tai nạn lao động làm bị thương nhẹ là bao lâu?,4,KHAI_BAO_DIEU_TRA,synthetic,train,thời_hạn điều_tra tai_nạn lao_động làm bị_thương nhẹ bao_lâu
891,c4-019,35,worker,"Em bị đứt tay nhẹ ở xưởng may, công ty điều tra bao nhiêu ngày thì phải xong?",4,KHAI_BAO_DIEU_TRA,synthetic,train,đứt tay nhẹ xưởng may công_ty điều_tra bao_nhiêu ngày phải xong
892,c4-019,35,hr,"Đối với tai nạn lao động làm bị thương nhẹ, thời hạn tối đa từ khi nhận khai báo đến khi công bố biên bản điều tra là bao nhiêu ngày?",4,KHAI_BAO_DIEU_TRA,synthetic,train,đối_với tai_nạn lao_động làm bị_thương nhẹ thời_hạn tối_đa khi nhận khai_báo đến khi công_bố biên_bản điều_tra bao_nhiêu ngày
893,c4-019,35,complaint,"Tôi chỉ bị thương nhẹ mà công ty điều tra hai tuần chưa có biên bản, thời hạn điều tra tối đa là bao nhiêu ngày?",4,KHAI_BAO_DIEU_TRA,synthetic,train,chỉ bị_thương nhẹ công_ty điều_tra hai tuần chưa có biên_bản thời_hạn điều_tra tối_đa bao_nhiêu ngày
894,c4-019,35,short,Thời hạn điều tra thương nhẹ,4,KHAI_BAO_DIEU_TRA,synthetic,train,thời_hạn điều_tra thương nhẹ
895,c4-020,35,neutral,Thời hạn điều tra vụ tai nạn lao động làm bị thương nặng một người là bao nhiêu ngày?,4,KHAI_BAO_DIEU_TRA,synthetic,train,thời_hạn điều_tra vụ tai_nạn lao_động làm bị_thương nặng người bao_nhiêu ngày
896,c4-020,35,worker,"Em bị gãy chân do té thang ở kho, đoàn điều tra có bao nhiêu ngày để làm xong biên bản?",4,KHAI_BAO_DIEU_TRA,synthetic,train,gãy chân do té_thang kho đoàn điều_tra có bao_nhiêu ngày làm xong biên_bản
897,c4-020,35,hr,Thời hạn điều tra áp dụng cho tai nạn lao động làm bị thương nặng một người lao động được quy định là không quá bao nhiêu ngày?,4,KHAI_BAO_DIEU_TRA,synthetic,train,thời_hạn điều_tra áp_dụng tai_nạn lao_động làm bị_thương nặng người lao_động được quy_định không quá bao_nhiêu ngày
898,c4-020,35,complaint,"Chồng tôi bị thương nặng một mình trong vụ tai nạn mà đã mười ngày chưa có kết quả điều tra, vậy có quá hạn không?",4,KHAI_BAO_DIEU_TRA,synthetic,train,chồng bị_thương nặng một_mình vụ tai_nạn mười ngày chưa có kết_quả điều_tra có quá hạn không
899,c4-020,35,short,Điều tra thương nặng mấy ngày?,4,KHAI_BAO_DIEU_TRA,synthetic,train,điều_tra thương nặng mấy ngày
900,c4-021,35,neutral,"Thời hạn điều tra tai nạn lao động chết người là bao lâu, có trường hợp nào được kéo dài không?",4,KHAI_BAO_DIEU_TRA,synthetic,train,thời_hạn điều_tra tai_nạn lao_động chết người bao_lâu có trường_hợp nào được kéo_dài không
901,c4-021,35,worker,"Anh em trong đội bị điện giật chết, bao lâu thì đoàn điều tra phải có kết luận vậy?",4,KHAI_BAO_DIEU_TRA,synthetic,train,anh_em đội điện giật chết bao_lâu đoàn điều_tra phải có kết_luận
902,c4-021,35,hr,"Thời hạn điều tra tai nạn lao động chết người và tai nạn cần giám định kỹ thuật, giám định pháp y tối đa là bao nhiêu ngày?",4,KHAI_BAO_DIEU_TRA,synthetic,train,thời_hạn điều_tra tai_nạn lao_động chết người tai_nạn cần giám_định kỹ_thuật giám_định pháp_y tối_đa bao_nhiêu ngày
903,c4-021,35,complaint,"Con tôi chết vì tai nạn ở công trường đã hơn hai tháng mà đoàn điều tra chưa công bố biên bản, như vậy có quá thời hạn không?",4,KHAI_BAO_DIEU_TRA,synthetic,train,con chết vì tai_nạn công_trường hơn hai tháng đoàn điều_tra chưa công_bố biên_bản như_vậy có quá thời_hạn không
904,c4-021,35,short,Điều tra tai nạn chết người bao lâu?,4,KHAI_BAO_DIEU_TRA,synthetic,train,điều_tra tai_nạn chết người bao_lâu
905,c4-022,35,neutral,Thời hạn điều tra tai nạn lao động có được gia hạn không và gia hạn tối đa bao lâu?,4,KHAI_BAO_DIEU_TRA,synthetic,test,thời_hạn điều_tra tai_nạn lao_động có được gia_hạn không gia_hạn tối_đa bao_lâu
906,c4-022,35,worker,"Đoàn điều tra nói vụ này phức tạp nên kéo dài thêm, vậy họ được kéo thêm mấy lần?",4,KHAI_BAO_DIEU_TRA,synthetic,test,đoàn điều_tra nói vụ phức_tạp nên kéo_dài thêm họ được kéo thêm mấy lần
907,c4-022,35,hr,Điều kiện và thủ tục gia hạn thời hạn điều tra đối với tai nạn lao động có tình tiết phức tạp được quy định như thế nào?,4,KHAI_BAO_DIEU_TRA,synthetic,test,điều_kiện thủ_tục gia_hạn thời_hạn điều_tra đối_với tai_nạn lao_động có tình_tiết phức_tạp được quy_định như_thế_nào
908,c4-022,35,complaint,"Đoàn điều tra gia hạn tới hai lần vụ tai nạn của bố tôi, như vậy có đúng quy định về gia hạn không?",4,KHAI_BAO_DIEU_TRA,synthetic,test,đoàn điều_tra gia_hạn tới hai lần vụ tai_nạn bố như_vậy có đúng quy_định gia_hạn không
909,c4-022,35,short,Gia hạn điều tra tai nạn,4,KHAI_BAO_DIEU_TRA,synthetic,test,gia_hạn điều_tra tai_nạn
910,c4-023,35,neutral,Tai nạn giao thông trên đường đi làm thì cơ quan nhà nước phải cung cấp giấy tờ gì cho Đoàn điều tra?,4,KHAI_BAO_DIEU_TRA,synthetic,val,tai_nạn giao_thông đường đi làm cơ_quan nhà_nước phải cung_cấp giấy_tờ gì đoàn điều_tra
911,c4-023,35,worker,"Em bị xe tông trên đường đi làm, đoàn điều tra đòi giấy tờ bên công an, cần những giấy gì?",4,KHAI_BAO_DIEU_TRA,synthetic,val,xe tông đường đi làm đoàn điều_tra đòi giấy_tờ bên công_an cần giấy gì
912,c4-023,35,hr,"Đối với tai nạn trên tuyến đường đi và về từ nơi ở đến nơi làm việc, Đoàn điều tra cần một trong những tài liệu nào từ cơ quan có thẩm quyền?",4,KHAI_BAO_DIEU_TRA,synthetic,val,đối_với tai_nạn tuyến đường đi nơi đến_nơi làm_việc đoàn điều_tra cần tài_liệu nào cơ_quan có thẩm_quyền
913,c4-023,35,complaint,"Tôi bị tai nạn trên đường về nhà mà công an không lập biên bản hiện trường, vậy tôi phải xin giấy xác nhận gì để phục vụ điều tra?",4,KHAI_BAO_DIEU_TRA,synthetic,val,tai_nạn đường nhà công_an không lập biên_bản hiện_trường phải giấy xác_nhận gì phục_vụ điều_tra
914,c4-023,35,short,Giấy tờ điều tra tai nạn giao thông,4,KHAI_BAO_DIEU_TRA,synthetic,val,giấy_tờ điều_tra tai_nạn giao_thông
915,c4-024,35,neutral,Người sử dụng lao động có nghĩa vụ gì đối với Đoàn điều tra tai nạn lao động?,4,KHAI_BAO_DIEU_TRA,synthetic,train,người sử_dụng lao_động có nghĩa_vụ gì đối_với đoàn điều_tra tai_nạn lao_động
916,c4-024,35,worker,"Sếp em giấu camera không đưa cho đoàn điều tra, vậy sếp có phải hợp tác với đoàn không?",4,KHAI_BAO_DIEU_TRA,synthetic,train,sếp giấu camera không đưa đoàn điều_tra sếp có phải hợp_tác đoàn không
917,c4-024,35,hr,"Nghĩa vụ hợp tác, cung cấp thông tin, tài liệu của doanh nghiệp và cá nhân liên quan với Đoàn điều tra tai nạn lao động được quy định ra sao?",4,KHAI_BAO_DIEU_TRA,synthetic,train,nghĩa_vụ hợp_tác cung_cấp thông_tin tài_liệu doanh_nghiệp cá_nhân liên_quan đoàn điều_tra tai_nạn lao_động được quy_định sao
918,c4-024,35,complaint,"Công ty không chịu cung cấp sổ nhật ký vận hành máy cho đoàn điều tra vụ tai nạn, họ có nghĩa vụ phải cung cấp không?",4,KHAI_BAO_DIEU_TRA,synthetic,train,công_ty không chịu cung_cấp sổ nhật_ký vận_hành máy đoàn điều_tra vụ tai_nạn họ có nghĩa_vụ phải cung_cấp không
919,c4-024,35,short,Nghĩa vụ hợp tác đoàn điều tra,4,KHAI_BAO_DIEU_TRA,synthetic,train,nghĩa_vụ hợp_tác_đoàn điều_tra
920,c4-025,35,neutral,Trong quá trình điều tra tai nạn lao động mà phát hiện dấu hiệu tội phạm thì Đoàn điều tra phải làm gì?,4,KHAI_BAO_DIEU_TRA,synthetic,train,quá_trình điều_tra tai_nạn lao_động phát_hiện dấu_hiệu tội_phạm đoàn điều_tra phải làm gì
921,c4-025,35,worker,"Điều tra vụ sập giàn giáo thấy có dấu hiệu làm ẩu cố ý, đoàn điều tra có chuyển qua công an không?",4,KHAI_BAO_DIEU_TRA,synthetic,train,điều_tra vụ sập giàn_giáo thấy có dấu_hiệu làm ẩu cố_ý đoàn điều_tra có chuyển qua công_an không
922,c4-025,35,hr,"Khi phát hiện dấu hiệu tội phạm trong vụ tai nạn lao động, Đoàn điều tra phải chuyển giao hồ sơ, tài liệu, đồ vật cho cơ quan nào?",4,KHAI_BAO_DIEU_TRA,synthetic,train,khi phát_hiện dấu_hiệu tội_phạm vụ tai_nạn lao_động đoàn điều_tra phải chuyển_giao hồ_sơ tài_liệu đồ_vật cơ_quan nào
923,c4-025,35,complaint,"Vụ tai nạn của anh tôi rõ ràng có dấu hiệu hình sự mà đoàn điều tra vẫn tự xử lý, vậy họ có phải chuyển cho cơ quan điều tra không?",4,KHAI_BAO_DIEU_TRA,synthetic,train,vụ tai_nạn rõ_ràng có dấu_hiệu hình_sự đoàn điều_tra vẫn tự xử_lý họ có phải chuyển cơ_quan điều_tra không
924,c4-025,35,short,Tai nạn có dấu hiệu tội phạm,4,KHAI_BAO_DIEU_TRA,synthetic,train,tai_nạn có dấu_hiệu tội_phạm
925,c4-026,35,neutral,Cuộc họp công bố biên bản điều tra tai nạn lao động gồm những thành phần nào tham dự?,4,KHAI_BAO_DIEU_TRA,synthetic,train,cuộc họp công_bố biên_bản điều_tra tai_nạn lao_động gồm thành_phần_nào tham_dự
926,c4-026,35,worker,Họp công bố kết quả điều tra vụ tai nạn thì người nhà nạn nhân có được vô dự không?,4,KHAI_BAO_DIEU_TRA,synthetic,train,họp công_bố kết_quả điều_tra vụ tai_nạn người_nhà nạn_nhân có được vô_dự không
927,c4-026,35,hr,Thành phần tham dự cuộc họp công bố biên bản điều tra tai nạn lao động chết người được quy định như thế nào?,4,KHAI_BAO_DIEU_TRA,synthetic,train,thành_phần tham_dự cuộc họp công_bố biên_bản điều_tra tai_nạn lao_động chết người được quy_định như_thế_nào
928,c4-026,35,complaint,"Công ty họp công bố biên bản điều tra vụ tai nạn mà không mời gia đình tôi, như vậy có đúng thủ tục công bố không?",4,KHAI_BAO_DIEU_TRA,synthetic,train,công_ty họp công_bố biên_bản điều_tra vụ tai_nạn không mời gia_đình như_vậy có đúng thủ_tục công_bố không
929,c4-026,35,short,Họp công bố biên bản điều tra,4,KHAI_BAO_DIEU_TRA,synthetic,train,họp công_bố biên_bản điều_tra
930,c4-027,35,neutral,Biên bản điều tra tai nạn lao động phải được gửi đến những ai?,4,KHAI_BAO_DIEU_TRA,synthetic,train,biên_bản điều_tra tai_nạn lao_động phải được gửi đến những_ai
931,c4-027,35,worker,Em là người bị nạn thì có được nhận một bản biên bản điều tra không?,4,KHAI_BAO_DIEU_TRA,synthetic,train,người nạn có được nhận bản biên_bản điều_tra không
932,c4-027,35,hr,"Biên bản điều tra tai nạn lao động và biên bản cuộc họp công bố phải được gửi cho những cơ quan, cá nhân nào?",4,KHAI_BAO_DIEU_TRA,synthetic,train,biên_bản điều_tra tai_nạn lao_động biên_bản cuộc họp công_bố phải được gửi cơ_quan cá_nhân nào
933,c4-027,35,complaint,"Tôi xin bản biên bản điều tra vụ tai nạn của mình mà công ty không đưa, nạn nhân có thuộc diện được gửi biên bản không?",4,KHAI_BAO_DIEU_TRA,synthetic,train,bản biên_bản điều_tra vụ tai_nạn công_ty không đưa nạn_nhân có thuộc diện được gửi biên_bản không
934,c4-027,35,short,Biên bản điều tra gửi ai?,4,KHAI_BAO_DIEU_TRA,synthetic,train,biên_bản điều_tra gửi ai
935,c4-028,35,neutral,"Sau khi có biên bản điều tra tai nạn lao động, người sử dụng lao động phải công khai thông tin như thế nào?",4,KHAI_BAO_DIEU_TRA,synthetic,test,sau khi có biên_bản điều_tra tai_nạn lao_động người sử_dụng lao_động phải công_khai thông_tin như_thế_nào
936,c4-028,35,worker,"Vụ tai nạn ở xưởng điều tra xong rồi, công ty có phải dán thông báo cho anh em biết không?",4,KHAI_BAO_DIEU_TRA,synthetic,test,vụ tai_nạn xưởng điều_tra xong công_ty có phải dán thông_báo anh_em biết không
937,c4-028,35,hr,Trách nhiệm niêm yết công khai thông tin về tai nạn lao động tại cơ sở sau khi nhận biên bản điều tra được quy định ra sao?,4,KHAI_BAO_DIEU_TRA,synthetic,test,trách_nhiệm niêm_yết công_khai thông_tin tai_nạn lao_động cơ_sở sau khi nhận biên_bản điều_tra được quy_định sao
938,c4-028,35,complaint,"Có vụ tai nạn nghiêm trọng mà công ty giữ kín biên bản, không niêm yết cho công nhân biết, họ có trách nhiệm công khai không?",4,KHAI_BAO_DIEU_TRA,synthetic,test,có vụ tai_nạn nghiêm_trọng công_ty giữ kín biên_bản không niêm_yết công_nhân biết họ có trách_nhiệm công_khai không
939,c4-028,35,short,Niêm yết kết quả điều tra tai nạn,4,KHAI_BAO_DIEU_TRA,synthetic,test,niêm_yết kết_quả điều_tra tai_nạn
940,c4-029,35,neutral,Người làm việc không theo hợp đồng lao động bị tai nạn làm bị thương nặng thì ai lập biên bản ghi nhận sự việc?,4,KHAI_BAO_DIEU_TRA,synthetic,val,người làm_việc không hợp_đồng lao_động tai_nạn làm bị_thương nặng ai lập biên_bản ghi_nhận sự_việc
941,c4-029,35,worker,"Anh hàng xóm đi làm thuê cắt cỏ bị máy cắt vào chân nặng lắm, ai sẽ lập biên bản vụ này?",4,KHAI_BAO_DIEU_TRA,synthetic,val,hàng_xóm đi làm_thuê cắt cỏ máy cắt chân nặng lắm ai lập biên_bản vụ
942,c4-029,35,hr,Trách nhiệm lập biên bản và báo cáo đối với tai nạn làm bị thương nặng một người lao động không có hợp đồng lao động thuộc về cơ quan nào?,4,KHAI_BAO_DIEU_TRA,synthetic,val,trách_nhiệm lập biên_bản báo_cáo đối_với tai_nạn làm bị_thương nặng người lao_động không có hợp_đồng lao_động thuộc cơ_quan nào
943,c4-029,35,complaint,"Tôi làm thợ tự do bị tai nạn nặng mà xã không lập biên bản gì, vậy xã có trách nhiệm lập biên bản không?",4,KHAI_BAO_DIEU_TRA,synthetic,val,làm thợ tự_do tai_nạn nặng xã không lập biên_bản gì xã có trách_nhiệm lập biên_bản không
944,c4-029,35,short,Ai lập biên bản nạn thợ tự do?,4,KHAI_BAO_DIEU_TRA,synthetic,val,ai lập biên_bản nạn thợ tự_do
945,c4-030,35,neutral,Trách nhiệm công bố thông tin về vụ tai nạn lao động do cấp cơ sở điều tra thuộc về ai?,4,KHAI_BAO_DIEU_TRA,synthetic,train,trách_nhiệm công_bố thông_tin vụ tai_nạn lao_động do cấp cơ_sở điều_tra thuộc ai
946,c4-030,35,worker,Vụ tai nạn công ty tự điều tra thì ai là người đứng ra thông báo kết quả?,4,KHAI_BAO_DIEU_TRA,synthetic,train,vụ tai_nạn công_ty tự điều_tra ai người đứng thông_báo kết_quả
947,c4-030,35,hr,Chủ thể có trách nhiệm công bố biên bản điều tra và các thông tin liên quan đối với vụ tai nạn thuộc thẩm quyền Đoàn điều tra cấp cơ sở là ai?,4,KHAI_BAO_DIEU_TRA,synthetic,train,chủ_thể có trách_nhiệm công_bố biên_bản điều_tra thông_tin liên_quan đối_với vụ tai_nạn thuộc thẩm_quyền đoàn điều_tra cấp cơ_sở ai
948,c4-030,35,complaint,"Công ty điều tra vụ tai nạn xong không công bố thông tin gì, trách nhiệm công bố thuộc về ai?",4,KHAI_BAO_DIEU_TRA,synthetic,train,công_ty điều_tra vụ tai_nạn xong không công_bố thông_tin gì trách_nhiệm công_bố thuộc ai
949,c4-030,35,short,Ai công bố biên bản điều tra?,4,KHAI_BAO_DIEU_TRA,synthetic,train,ai công_bố biên_bản điều_tra
950,c4-031,36,neutral,Người sử dụng lao động phải báo cáo tai nạn lao động định kỳ cho cơ quan nào và bao lâu một lần?,4,KHAI_BAO_DIEU_TRA,synthetic,train,người sử_dụng lao_động phải báo_cáo tai_nạn lao_động định_kỳ cơ_quan nào bao_lâu lần
951,c4-031,36,worker,"Phòng nhân sự bên em nói phải gửi báo cáo tai nạn lên sở mỗi sáu tháng, đúng không?",4,KHAI_BAO_DIEU_TRA,synthetic,train,phòng nhân_sự bên nói phải gửi báo_cáo tai_nạn sở mỗi sáu tháng đúng không
952,c4-031,36,hr,"Chế độ thống kê, báo cáo định kỳ về tai nạn lao động và sự cố kỹ thuật nghiêm trọng của doanh nghiệp gửi cơ quan quản lý nhà nước về lao động cấp tỉnh được quy định thế nào?",4,KHAI_BAO_DIEU_TRA,synthetic,train,chế_độ thống_kê báo_cáo định_kỳ tai_nạn lao_động sự_cố kỹ_thuật nghiêm_trọng doanh_nghiệp gửi cơ_quan quản_lý_nhà_nước lao_động cấp tỉnh được quy_định
953,c4-031,36,complaint,"Công ty tôi xảy ra nhiều tai nạn nhưng không bao giờ lập báo cáo thống kê gửi sở lao động, vậy họ có nghĩa vụ báo cáo định kỳ không?",4,KHAI_BAO_DIEU_TRA,synthetic,train,công_ty xảy nhiều tai_nạn không bao_giờ lập báo_cáo thống_kê gửi sở lao_động họ có nghĩa_vụ báo_cáo định_kỳ không
954,c4-031,36,short,Báo cáo tai nạn định kỳ,4,KHAI_BAO_DIEU_TRA,synthetic,train,báo_cáo tai_nạn định_kỳ
955,c4-032,36,neutral,Ủy ban nhân dân cấp xã có phải thống kê tai nạn lao động của người làm việc không theo hợp đồng lao động không?,4,KHAI_BAO_DIEU_TRA,synthetic,train,ủy ban_nhân_dân cấp xã có phải thống_kê tai_nạn lao_động người làm_việc không hợp_đồng lao_động không
956,c4-032,36,worker,Mấy vụ thợ tự do bị tai nạn trong xã thì xã có ghi sổ thống kê rồi báo lên huyện không?,4,KHAI_BAO_DIEU_TRA,synthetic,train,mấy vụ thợ tự_do tai_nạn xã xã có ghi sổ thống_kê báo huyện không
957,c4-032,36,hr,"Trách nhiệm thống kê, báo cáo định kỳ của Ủy ban nhân dân cấp xã đối với tai nạn lao động của lao động phi chính thức được quy định ra sao?",4,KHAI_BAO_DIEU_TRA,synthetic,train,trách_nhiệm thống_kê báo_cáo định_kỳ ủy ban_nhân_dân cấp xã đối_với tai_nạn lao_động lao_động phi_chính_thức được quy_định sao
958,c4-032,36,complaint,"Xã tôi có mấy vụ tai nạn của thợ làm thuê mà không thấy xã thống kê báo cáo lên huyện, xã có trách nhiệm đó không?",4,KHAI_BAO_DIEU_TRA,synthetic,train,xã có mấy vụ tai_nạn thợ làm_thuê không thấy xã thống_kê báo_cáo huyện xã có trách_nhiệm không
959,c4-032,36,short,Xã thống kê tai nạn thợ tự do,4,KHAI_BAO_DIEU_TRA,synthetic,train,xã thống_kê tai_nạn thợ tự_do
960,c4-033,36,neutral,Cơ quan quản lý nhà nước về lao động cấp tỉnh phải báo cáo nhanh những vụ tai nạn nào lên Bộ Lao động - Thương binh và Xã hội?,4,KHAI_BAO_DIEU_TRA,synthetic,train,cơ_quan quản_lý_nhà_nước lao_động cấp tỉnh phải báo_cáo nhanh vụ tai_nạn nào bộ lao_động thương_binh xã_hội
961,c4-033,36,worker,Vụ tai nạn chết người ở tỉnh thì sở lao động có phải báo gấp lên bộ không?,4,KHAI_BAO_DIEU_TRA,synthetic,train,vụ tai_nạn chết người tỉnh sở lao_động có phải báo gấp bộ không
962,c4-033,36,hr,Nghĩa vụ báo cáo nhanh và báo cáo định kỳ của sở lao động cấp tỉnh với Bộ Lao động - Thương binh và Xã hội về tai nạn lao động được quy định thế nào?,4,KHAI_BAO_DIEU_TRA,synthetic,train,nghĩa_vụ báo_cáo nhanh báo_cáo định_kỳ sở lao_động cấp tỉnh bộ lao_động thương_binh xã_hội tai_nạn lao_động được quy_định
963,c4-033,36,complaint,"Tỉnh xảy ra vụ tai nạn chết người mà sở lao động không báo cáo lên bộ, như vậy có đúng trách nhiệm báo cáo không?",4,KHAI_BAO_DIEU_TRA,synthetic,train,tỉnh xảy vụ tai_nạn chết người sở lao_động không báo_cáo bộ như_vậy có đúng trách_nhiệm báo_cáo không
964,c4-033,36,short,Sở báo cáo nhanh tai nạn lên Bộ,4,KHAI_BAO_DIEU_TRA,synthetic,train,sở báo_cáo nhanh tai_nạn bộ
965,c4-034,36,neutral,Bộ Y tế có trách nhiệm thống kê những trường hợp tai nạn lao động nào?,4,KHAI_BAO_DIEU_TRA,synthetic,train,bộ y_tế có trách_nhiệm thống_kê trường_hợp tai_nạn lao_động nào
966,c4-034,36,worker,Bệnh viện chữa cho người bị tai nạn lao động thì có ai tổng hợp số liệu này không?,4,KHAI_BAO_DIEU_TRA,synthetic,train,bệnh_viện chữa người tai_nạn lao_động có ai tổng_hợp số_liệu không
967,c4-034,36,hr,"Trách nhiệm thống kê định kỳ của Bộ Y tế đối với người bị tai nạn lao động khám, điều trị tại cơ sở khám bệnh, chữa bệnh là gì?",4,KHAI_BAO_DIEU_TRA,synthetic,train,trách_nhiệm thống_kê định_kỳ bộ y_tế đối_với người tai_nạn lao_động khám điều_trị cơ_sở khám bệnh chữa bệnh gì
968,c4-034,36,complaint,"Số liệu người bị tai nạn lao động vào viện không được ai tổng hợp, vậy Bộ Y tế có trách nhiệm thống kê không?",4,KHAI_BAO_DIEU_TRA,synthetic,train,số_liệu người tai_nạn lao_động viện không được ai tổng_hợp bộ y_tế có trách_nhiệm thống_kê không
969,c4-034,36,short,Bộ Y tế thống kê tai nạn,4,KHAI_BAO_DIEU_TRA,synthetic,train,bộ y_tế thống_kê tai_nạn
970,c4-035,36,neutral,Cơ quan nào xây dựng và quản lý cơ sở dữ liệu về an toàn lao động trên phạm vi cả nước?,4,KHAI_BAO_DIEU_TRA,synthetic,train,cơ_quan nào xây_dựng quản_lý cơ_sở_dữ_liệu an_toàn_lao_động phạm_vi cả nước
971,c4-035,36,worker,Số liệu tai nạn lao động cả nước thì cơ quan nào giữ và công bố vậy?,4,KHAI_BAO_DIEU_TRA,synthetic,train,số_liệu tai_nạn lao_động cả nước cơ_quan nào giữ công_bố
972,c4-035,36,hr,"Cơ quan chịu trách nhiệm thu thập, lưu trữ, tổng hợp, công bố tình hình tai nạn lao động và quản lý cơ sở dữ liệu an toàn lao động quốc gia là cơ quan nào?",4,KHAI_BAO_DIEU_TRA,synthetic,train,cơ_quan chịu trách_nhiệm thu_thập lưu_trữ tổng_hợp công_bố tình_hình tai_nạn lao_động quản_lý cơ_sở_dữ_liệu an_toàn_lao_động quốc_gia cơ_quan nào
973,c4-035,36,complaint,"Tôi muốn tra số liệu tai nạn lao động toàn quốc mà không biết cơ quan nào có trách nhiệm công bố, đó là ai?",4,KHAI_BAO_DIEU_TRA,synthetic,train,muốn tra số_liệu tai_nạn lao_động toàn_quốc không biết cơ_quan nào có trách_nhiệm công_bố ai
974,c4-035,36,short,Dữ liệu an toàn lao động quốc gia,4,KHAI_BAO_DIEU_TRA,synthetic,train,dữ_liệu an_toàn_lao_động quốc_gia
975,c4-036,36,neutral,"Sự cố kỹ thuật gây mất an toàn, vệ sinh lao động nghiêm trọng có phải đưa vào báo cáo thống kê định kỳ của doanh nghiệp không?",4,KHAI_BAO_DIEU_TRA,synthetic,test,sự_cố kỹ_thuật gây mất an_toàn vệ_sinh lao_động nghiêm_trọng có phải đưa báo_cáo thống_kê định_kỳ doanh_nghiệp không
976,c4-036,36,worker,"Máy nén khí trong xưởng nổ nhưng may không ai bị gì, vụ này có phải ghi vào báo cáo gửi sở không?",4,KHAI_BAO_DIEU_TRA,synthetic,test,máy nén khí xưởng nổ may không ai gì vụ có phải ghi báo_cáo gửi sở không
977,c4-036,36,hr,"Doanh nghiệp có phải thống kê và báo cáo định kỳ 06 tháng, hằng năm các sự cố kỹ thuật gây mất an toàn nghiêm trọng dù không có người bị nạn không?",4,KHAI_BAO_DIEU_TRA,synthetic,test,doanh_nghiệp có phải thống_kê báo_cáo định_kỳ 06 tháng hằng năm sự_cố kỹ_thuật gây mất an_toàn nghiêm_trọng dù không có người nạn không
978,c4-036,36,complaint,"Nhà máy bị sập bồn chứa nghiêm trọng mà công ty không đưa vào báo cáo thống kê gửi sở, như vậy có đúng không?",4,KHAI_BAO_DIEU_TRA,synthetic,test,nhà_máy sập bồn chứa nghiêm_trọng công_ty không đưa báo_cáo thống_kê gửi sở như_vậy có đúng không
979,c4-036,36,short,Thống kê sự cố kỹ thuật nghiêm trọng,4,KHAI_BAO_DIEU_TRA,synthetic,test,thống_kê sự_cố kỹ_thuật nghiêm_trọng
980,c4-037,37,neutral,"Người lao động mắc bệnh nghề nghiệp có phải được thống kê, báo cáo không và theo quy định của ai?",4,KHAI_BAO_DIEU_TRA,synthetic,train,người lao_động mắc bệnh nghề_nghiệp có phải được thống_kê báo_cáo không quy_định ai
981,c4-037,37,worker,"Em bị bụi phổi do làm mỏ đá, vậy có ai phải ghi tên em vô danh sách báo cáo bệnh nghề nghiệp không?",4,KHAI_BAO_DIEU_TRA,synthetic,train,bụi phổi do làm mỏ đá có ai phải ghi tên vô_danh_sách báo_cáo bệnh nghề_nghiệp không
982,c4-037,37,hr,"Việc thống kê, báo cáo toàn bộ người lao động mắc bệnh nghề nghiệp được thực hiện theo quy định của cơ quan nào?",4,KHAI_BAO_DIEU_TRA,synthetic,train,việc thống_kê báo_cáo toàn_bộ người lao_động mắc bệnh nghề_nghiệp được thực_hiện quy_định cơ_quan nào
983,c4-037,37,complaint,"Xưởng có mấy người bị điếc nghề nghiệp mà công ty không thống kê báo cáo, vậy họ có phải báo cáo không?",4,KHAI_BAO_DIEU_TRA,synthetic,train,xưởng có mấy người điếc nghề_nghiệp công_ty không thống_kê báo_cáo họ có phải báo_cáo không
984,c4-037,37,short,Thống kê người mắc bệnh nghề nghiệp,4,KHAI_BAO_DIEU_TRA,synthetic,train,thống_kê người mắc bệnh nghề_nghiệp
985,c4-038,37,neutral,Danh mục bệnh nghề nghiệp do cơ quan nào ban hành?,4,KHAI_BAO_DIEU_TRA,synthetic,train,danh_mục bệnh nghề_nghiệp do cơ_quan nào ban_hành
986,c4-038,37,worker,Bệnh nào được coi là bệnh nghề nghiệp thì ai quyết định cái danh sách đó vậy?,4,KHAI_BAO_DIEU_TRA,synthetic,train,bệnh nào được coi bệnh nghề_nghiệp ai quyết_định cái danh_sách
987,c4-038,37,hr,"Thẩm quyền ban hành và rà soát, sửa đổi Danh mục bệnh nghề nghiệp thuộc về ai và phải lấy ý kiến những tổ chức nào?",4,KHAI_BAO_DIEU_TRA,synthetic,train,thẩm_quyền ban_hành rà_soát sửa_đổi danh_mục bệnh nghề_nghiệp thuộc ai phải lấy ý_kiến tổ_chức nào
988,c4-038,37,complaint,"Bệnh của tôi rõ ràng do nghề mà không có trong danh mục, vậy cơ quan nào ban hành và sửa đổi danh mục bệnh nghề nghiệp?",4,KHAI_BAO_DIEU_TRA,synthetic,train,bệnh rõ_ràng do nghề không có danh_mục cơ_quan nào ban_hành sửa_đổi danh_mục bệnh nghề_nghiệp
989,c4-038,37,short,Ai ban hành danh mục bệnh nghề nghiệp?,4,KHAI_BAO_DIEU_TRA,synthetic,train,ai ban_hành danh_mục bệnh nghề_nghiệp
990,c4-039,37,neutral,"Hằng năm người sử dụng lao động phải báo cáo về phòng, chống bệnh nghề nghiệp cho cơ quan nào?",4,KHAI_BAO_DIEU_TRA,synthetic,train,hằng năm người sử_dụng lao_động phải báo_cáo phòng_chống bệnh nghề_nghiệp cơ_quan nào
991,c4-039,37,worker,"Công ty em làm hóa chất, mỗi năm có phải nộp báo cáo bệnh nghề nghiệp cho sở y tế không?",4,KHAI_BAO_DIEU_TRA,synthetic,train,công_ty làm hóa chất mỗi năm có phải nộp báo_cáo bệnh nghề_nghiệp sở y_tế không
992,c4-039,37,hr,"Nghĩa vụ báo cáo, thống kê hằng năm về công tác phòng, chống bệnh nghề nghiệp của doanh nghiệp gửi cơ quan quản lý nhà nước về y tế cấp tỉnh được quy định thế nào?",4,KHAI_BAO_DIEU_TRA,synthetic,train,nghĩa_vụ báo_cáo thống_kê hằng năm công_tác phòng_chống bệnh nghề_nghiệp doanh_nghiệp gửi cơ_quan quản_lý_nhà_nước y_tế cấp tỉnh được quy_định
993,c4-039,37,complaint,"Công ty tôi chưa từng báo cáo phòng chống bệnh nghề nghiệp lên sở y tế, như vậy có sai nghĩa vụ báo cáo hằng năm không?",4,KHAI_BAO_DIEU_TRA,synthetic,train,công_ty chưa từng báo_cáo phòng_chống bệnh nghề_nghiệp sở y_tế như_vậy có sai nghĩa_vụ báo_cáo hằng năm không
994,c4-039,37,short,Báo cáo bệnh nghề nghiệp hằng năm,4,KHAI_BAO_DIEU_TRA,synthetic,train,báo_cáo bệnh nghề_nghiệp hằng năm
995,c4-040,37,neutral,"Cơ quan nào tổ chức điều tra bệnh nghề nghiệp và quản lý cơ sở dữ liệu về phòng, chống bệnh nghề nghiệp?",4,KHAI_BAO_DIEU_TRA,synthetic,test,cơ_quan nào tổ_chức điều_tra bệnh nghề_nghiệp quản_lý cơ_sở_dữ_liệu phòng_chống bệnh nghề_nghiệp
996,c4-040,37,worker,Muốn biết cả nước có bao nhiêu người bị bệnh nghề nghiệp thì hỏi cơ quan nào?,4,KHAI_BAO_DIEU_TRA,synthetic,test,muốn biết cả nước có bao_nhiêu người bệnh nghề_nghiệp cơ_quan nào
997,c4-040,37,hr,"Trách nhiệm thu thập, công bố, đánh giá tình hình bệnh nghề nghiệp và tổ chức điều tra bệnh nghề nghiệp thuộc về bộ nào?",4,KHAI_BAO_DIEU_TRA,synthetic,test,trách_nhiệm thu_thập công_bố đánh_giá tình_hình bệnh nghề_nghiệp tổ_chức điều_tra bệnh nghề_nghiệp thuộc bộ nào
998,c4-040,37,complaint,"Tôi đề nghị điều tra bệnh nghề nghiệp ở nhà máy mà không biết cơ quan nào có trách nhiệm tổ chức, đó là ai?",4,KHAI_BAO_DIEU_TRA,synthetic,test,đề_nghị điều_tra bệnh nghề_nghiệp nhà_máy không biết cơ_quan nào có trách_nhiệm tổ_chức ai
999,c4-040,37,short,Ai điều tra bệnh nghề nghiệp?,4,KHAI_BAO_DIEU_TRA,synthetic,test,ai điều_tra bệnh nghề_nghiệp
1000,c5-001,38,neutral,"Khi người lao động bị tai nạn lao động, ai phải tạm ứng chi phí sơ cứu, cấp cứu?",5,CHE_DO_BOI_THUONG,synthetic,train,khi người lao_động tai_nạn lao_động ai phải tạm_ứng chi_phí sơ_cứu cấp_cứu
1001,c5-001,38,worker,"Em bị máy dập kẹp tay phải chở đi cấp cứu, tiền cấp cứu lúc đó sếp có phải ứng trước không?",5,CHE_DO_BOI_THUONG,synthetic,train,máy dập kẹp tay_phải chở đi cấp_cứu tiền cấp_cứu lúc sếp có phải ứng trước không
1002,c5-001,38,hr,"Trách nhiệm tạm ứng chi phí sơ cứu, cấp cứu và điều trị cho người lao động bị tai nạn lao động thuộc về người sử dụng lao động như thế nào?",5,CHE_DO_BOI_THUONG,synthetic,train,trách_nhiệm tạm_ứng chi_phí sơ_cứu cấp_cứu điều_trị người lao_động tai_nạn lao_động thuộc người sử_dụng lao_động như_thế_nào
1003,c5-001,38,complaint,"Tôi bị té giàn giáo, công ty không chịu ứng tiền cấp cứu mà bắt gia đình tự lo, như vậy có đúng không?",5,CHE_DO_BOI_THUONG,synthetic,train,té giàn_giáo công_ty không chịu ứng tiền cấp_cứu bắt gia_đình tự lo như_vậy có đúng không
1004,c5-001,38,short,Ai ứng tiền cấp cứu tai nạn?,5,CHE_DO_BOI_THUONG,synthetic,train,ai ứng tiền cấp_cứu tai_nạn
1005,c5-002,38,neutral,Người lao động có bảo hiểm y tế bị tai nạn lao động thì công ty phải thanh toán những chi phí y tế nào?,5,CHE_DO_BOI_THUONG,synthetic,train,người lao_động có bảo_hiểm_y_tế tai_nạn lao_động công_ty phải thanh_toán chi_phí y_tế nào
1006,c5-002,38,worker,"Em có thẻ bảo hiểm y tế, bị bỏng ở xưởng, phần tiền viện mà thẻ không trả thì công ty có đền không?",5,CHE_DO_BOI_THUONG,synthetic,train,có thẻ bảo_hiểm_y_tế bỏng xưởng phần tiền_viện thẻ không trả công_ty có đền không
1007,c5-002,38,hr,"Đối với người lao động tham gia bảo hiểm y tế, người sử dụng lao động phải chi trả phần đồng chi trả và chi phí ngoài danh mục bảo hiểm y tế ra sao?",5,CHE_DO_BOI_THUONG,synthetic,train,đối_với người lao_động tham_gia bảo_hiểm_y_tế người sử_dụng lao_động phải chi_trả phần đồng chi_trả chi_phí ngoài danh_mục bảo_hiểm_y_tế sao
1008,c5-002,38,complaint,"Công ty chỉ đưa tôi đi viện rồi bỏ mặc phần tiền thuốc ngoài danh mục bảo hiểm y tế, tôi có đòi công ty trả được không?",5,CHE_DO_BOI_THUONG,synthetic,train,công_ty chỉ đưa đi viện bỏ mặc phần tiền thuốc ngoài danh_mục bảo_hiểm_y_tế có đòi công_ty trả được không
1009,c5-002,38,short,Công ty trả phần BHYT không chi?,5,CHE_DO_BOI_THUONG,synthetic,train,công_ty trả phần bhyt không chi
1010,c5-003,38,neutral,Người lao động không có bảo hiểm y tế bị tai nạn lao động thì chi phí điều trị do ai trả?,5,CHE_DO_BOI_THUONG,synthetic,train,người lao_động không có bảo_hiểm_y_tế tai_nạn lao_động chi_phí điều_trị do ai trả
1011,c5-003,38,worker,"Em chưa có thẻ bảo hiểm y tế mà bị cưa cắt vô chân ở xưởng gỗ, tiền viện ai chịu?",5,CHE_DO_BOI_THUONG,synthetic,train,chưa có thẻ bảo_hiểm_y_tế cưa cắt vô_chân xưởng gỗ tiền_viện ai chịu
1012,c5-003,38,hr,"Trường hợp người lao động không tham gia bảo hiểm y tế, người sử dụng lao động có phải thanh toán toàn bộ chi phí y tế đến khi điều trị ổn định không?",5,CHE_DO_BOI_THUONG,synthetic,train,trường_hợp người lao_động không tham_gia bảo_hiểm_y_tế người sử_dụng lao_động có phải thanh_toán toàn_bộ chi_phí y_tế đến khi điều_trị ổn_định không
1013,c5-003,38,complaint,"Tôi không có bảo hiểm y tế, bị tai nạn ở công trường, công ty bảo tự lo viện phí, vậy có kiện được không?",5,CHE_DO_BOI_THUONG,synthetic,train,không có bảo_hiểm_y_tế tai_nạn công_trường công_ty bảo_tự lo viện_phí có kiện được không
1014,c5-003,38,short,Không có BHYT ai trả viện phí?,5,CHE_DO_BOI_THUONG,synthetic,train,không có bhyt ai trả viện_phí
1015,c5-004,38,neutral,Người sử dụng lao động phải thanh toán chi phí y tế cho người bị tai nạn lao động từ thời điểm nào đến thời điểm nào?,5,CHE_DO_BOI_THUONG,synthetic,train,người sử_dụng lao_động phải thanh_toán chi_phí y_tế người tai_nạn lao_động thời_điểm nào đến thời_điểm nào
1016,c5-004,38,worker,"Công ty trả tiền thuốc cho em tới khi nào thì thôi, hết cấp cứu là hết hả anh?",5,CHE_DO_BOI_THUONG,synthetic,train,công_ty trả tiền thuốc tới khi nào thôi hết cấp_cứu hết
1017,c5-004,38,hr,Phạm vi thời gian mà người sử dụng lao động có nghĩa vụ thanh toán chi phí y tế cho người lao động bị tai nạn lao động được xác định thế nào?,5,CHE_DO_BOI_THUONG,synthetic,train,phạm_vi thời_gian người sử_dụng lao_động có nghĩa_vụ thanh_toán chi_phí y_tế người lao_động tai_nạn lao_động được xác_định
1018,c5-004,38,complaint,"Công ty chỉ trả tiền cấp cứu rồi ngưng, không trả tiền điều trị tiếp theo, như vậy có đúng trách nhiệm không?",5,CHE_DO_BOI_THUONG,synthetic,train,công_ty chỉ trả tiền cấp_cứu ngưng không trả tiền điều_trị tiếp_theo như_vậy có đúng trách_nhiệm không
1019,c5-004,38,short,Công ty trả viện phí đến khi nào?,5,CHE_DO_BOI_THUONG,synthetic,train,công_ty trả viện_phí đến khi nào
1020,c5-005,38,neutral,Người lao động bị bệnh nghề nghiệp thì công ty có phải thanh toán chi phí điều trị không?,5,CHE_DO_BOI_THUONG,synthetic,test,người lao_động bệnh nghề_nghiệp công_ty có phải thanh_toán chi_phí điều_trị không
1021,c5-005,38,worker,"Em bị bệnh bụi phổi do làm xưởng đá, tiền chữa bệnh công ty có phải chi không?",5,CHE_DO_BOI_THUONG,synthetic,test,bệnh bụi phổi do làm xưởng đá tiền chữa bệnh công_ty có phải_chi không
1022,c5-005,38,hr,Nghĩa vụ thanh toán chi phí y tế của người sử dụng lao động đối với người lao động mắc bệnh nghề nghiệp đến khi điều trị ổn định được quy định ra sao?,5,CHE_DO_BOI_THUONG,synthetic,test,nghĩa_vụ thanh_toán chi_phí y_tế người sử_dụng lao_động đối_với người lao_động mắc bệnh nghề_nghiệp đến khi điều_trị ổn_định được quy_định sao
1023,c5-005,38,complaint,"Tôi bị nhiễm độc chì do làm ở nhà máy pin mà công ty không chịu trả tiền điều trị, tôi có quyền đòi không?",5,CHE_DO_BOI_THUONG,synthetic,test,nhiễm_độc chì do làm nhà_máy pin công_ty không chịu trả tiền điều_trị có quyền đòi không
1024,c5-005,38,short,Bệnh nghề nghiệp công ty trả tiền chữa?,5,CHE_DO_BOI_THUONG,synthetic,test,bệnh nghề_nghiệp công_ty trả tiền chữa
1025,c5-006,38,neutral,Người lao động nghỉ việc để điều trị tai nạn lao động có được công ty trả lương không?,5,CHE_DO_BOI_THUONG,synthetic,test,người lao_động nghỉ_việc điều_trị tai_nạn lao_động có được công_ty trả lương không
1026,c5-006,38,worker,"Em nằm viện hai tháng vì gãy chân ở công trường, mấy tháng đó sếp có phải trả lương không?",5,CHE_DO_BOI_THUONG,synthetic,test,nằm viện hai tháng vì gãy chân công_trường mấy tháng sếp có phải trả lương không
1027,c5-006,38,hr,"Trong thời gian người lao động nghỉ điều trị, phục hồi chức năng do tai nạn lao động, người sử dụng lao động có nghĩa vụ trả đủ tiền lương không?",5,CHE_DO_BOI_THUONG,synthetic,test,thời_gian người lao_động nghỉ điều_trị phục_hồi chức_năng do tai_nạn lao_động người sử_dụng lao_động có nghĩa_vụ trả đủ tiền_lương không
1028,c5-006,38,complaint,"Tôi nghỉ điều trị vì tai nạn lao động mà công ty trừ hết lương những ngày nghỉ, như vậy có đúng luật không?",5,CHE_DO_BOI_THUONG,synthetic,test,nghỉ điều_trị vì tai_nạn lao_động công_ty trừ hết lương ngày nghỉ như_vậy có đúng luật không
1029,c5-006,38,short,Nghỉ điều trị tai nạn có lương?,5,CHE_DO_BOI_THUONG,synthetic,test,nghỉ điều_trị tai_nạn có lương
1030,c5-007,38,neutral,Người lao động bị suy giảm từ 5% đến 10% khả năng lao động do tai nạn lao động được công ty bồi thường bao nhiêu?,5,CHE_DO_BOI_THUONG,synthetic,train,người lao_động suy_giảm 5 đến 10 khả_năng lao_động do tai_nạn lao_động được công_ty bồi_thường bao_nhiêu
1031,c5-007,38,worker,"Em bị giám định mất 8% sức lao động vì dập ngón tay, công ty đền ít nhất mấy tháng lương?",5,CHE_DO_BOI_THUONG,synthetic,train,giám_định mất 8 sức_lao_động vì dập ngón tay công_ty đền ít_nhất mấy tháng lương
1032,c5-007,38,hr,Mức bồi thường tối thiểu của người sử dụng lao động đối với người lao động bị suy giảm khả năng lao động từ 5% đến 10% được tính như thế nào?,5,CHE_DO_BOI_THUONG,synthetic,train,mức bồi_thường tối_thiểu người sử_dụng lao_động đối_với người lao_động suy_giảm khả_năng lao_động 5 đến 10 được tính như_thế_nào
1033,c5-007,38,complaint,"Tôi bị suy giảm 10% do tai nạn ở xưởng mà công ty chỉ đưa một tháng lương, như vậy có thấp hơn mức luật định không?",5,CHE_DO_BOI_THUONG,synthetic,train,suy_giảm 10 do tai_nạn xưởng công_ty chỉ đưa tháng lương như_vậy có thấp hơn mức luật_định không
1034,c5-007,38,short,Suy giảm 5-10% đền bao nhiêu?,5,CHE_DO_BOI_THUONG,synthetic,train,suy_giảm 5 10 đền bao_nhiêu
1035,c5-008,38,neutral,Mức bồi thường của công ty cho người bị suy giảm khả năng lao động từ 11% đến 80% được tính thế nào?,5,CHE_DO_BOI_THUONG,synthetic,train,mức bồi_thường công_ty người suy_giảm khả_năng lao_động 11 đến 80 được tính
1036,c5-008,38,worker,"Em bị giám định 40% do mất một bàn tay, công ty phải đền cho em bao nhiêu tháng lương?",5,CHE_DO_BOI_THUONG,synthetic,train,giám_định 40 do mất bàn_tay công_ty phải đền bao_nhiêu tháng lương
1037,c5-008,38,hr,Cách tính mức bồi thường tai nạn lao động của người sử dụng lao động khi mức suy giảm khả năng lao động nằm trong khoảng 11% đến 80% là gì?,5,CHE_DO_BOI_THUONG,synthetic,train,cách tính mức bồi_thường tai_nạn lao_động người sử_dụng lao_động khi mức suy_giảm khả_năng lao_động nằm khoảng 11 đến 80 gì
1038,c5-008,38,complaint,"Tôi bị suy giảm 35% khả năng lao động mà công ty bồi thường chỉ bằng người suy giảm 10%, vậy tính như thế có đúng không?",5,CHE_DO_BOI_THUONG,synthetic,train,suy_giảm 35 khả_năng lao_động công_ty bồi_thường chỉ bằng người suy_giảm 10 tính như_thế có đúng không
1039,c5-008,38,short,Công thức bồi thường suy giảm 11-80%,5,CHE_DO_BOI_THUONG,synthetic,train,công_thức bồi_thường suy_giảm 11 80
1040,c5-009,38,neutral,Người lao động bị suy giảm khả năng lao động từ 81% trở lên được công ty bồi thường ít nhất bao nhiêu?,5,CHE_DO_BOI_THUONG,synthetic,train,người lao_động suy_giảm khả_năng lao_động 81 trở được công_ty bồi_thường ít_nhất bao_nhiêu
1041,c5-009,38,worker,"Anh em bị liệt nửa người do té từ tầng cao, giám định trên 81%, sếp đền ít nhất bao nhiêu tháng lương?",5,CHE_DO_BOI_THUONG,synthetic,train,anh_em liệt nửa người do té tầng cao giám_định 81 sếp đền ít_nhất bao_nhiêu tháng lương
1042,c5-009,38,hr,Mức bồi thường tối thiểu mà người sử dụng lao động phải trả cho người lao động suy giảm khả năng lao động từ 81% trở lên là bao nhiêu tháng tiền lương?,5,CHE_DO_BOI_THUONG,synthetic,train,mức bồi_thường tối_thiểu người sử_dụng lao_động phải trả người lao_động suy_giảm khả_năng lao_động 81 trở bao_nhiêu tháng tiền_lương
1043,c5-009,38,complaint,"Chồng tôi bị liệt hoàn toàn do tai nạn ở mỏ mà công ty chỉ đền mười tháng lương, tôi có kiện đòi thêm được không?",5,CHE_DO_BOI_THUONG,synthetic,train,chồng liệt hoàn_toàn do tai_nạn mỏ công_ty chỉ đền mười tháng lương có kiện đòi thêm được không
1044,c5-009,38,short,Suy giảm trên 81% đền mấy tháng?,5,CHE_DO_BOI_THUONG,synthetic,train,suy_giảm 81 đền mấy tháng
1045,c5-010,38,neutral,Người lao động chết do tai nạn lao động thì thân nhân được công ty bồi thường bao nhiêu?,5,CHE_DO_BOI_THUONG,synthetic,test,người lao_động chết do tai_nạn lao_động thân_nhân được công_ty bồi_thường bao_nhiêu
1046,c5-010,38,worker,"Ba em chết vì bị điện giật lúc sửa trạm điện, công ty phải đền cho nhà em ít nhất bao nhiêu?",5,CHE_DO_BOI_THUONG,synthetic,test,ba chết vì điện_giật lúc sửa trạm điện công_ty phải đền nhà ít_nhất bao_nhiêu
1047,c5-010,38,hr,Mức bồi thường tối thiểu người sử dụng lao động phải trả cho thân nhân người lao động bị chết do tai nạn lao động được quy định ra sao?,5,CHE_DO_BOI_THUONG,synthetic,test,mức bồi_thường tối_thiểu người sử_dụng lao_động phải trả thân_nhân người lao_động chết do tai_nạn lao_động được quy_định sao
1048,c5-010,38,complaint,"Anh trai tôi chết khi đang làm ở công trường mà công ty chỉ phúng điếu vài triệu rồi thôi, gia đình có đòi công ty bồi thường được không?",5,CHE_DO_BOI_THUONG,synthetic,test,anh_trai chết khi làm công_trường công_ty chỉ phúng điếu vài triệu thôi gia_đình có đòi công_ty bồi_thường được không
1049,c5-010,38,short,Công ty bồi thường người chết bao nhiêu?,5,CHE_DO_BOI_THUONG,synthetic,test,công_ty bồi_thường người chết bao_nhiêu
1050,c5-011,38,neutral,Người lao động bị tai nạn lao động do lỗi của chính mình thì có được công ty trợ cấp không?,5,CHE_DO_BOI_THUONG,synthetic,train,người lao_động tai_nạn lao_động do lỗi chính có được công_ty trợ_cấp không
1051,c5-011,38,worker,"Em tự bất cẩn không tắt máy trước khi lau nên bị cuốn tay, vậy sếp có phải trả gì cho em không?",5,CHE_DO_BOI_THUONG,synthetic,train,tự bất_cẩn không tắt máy trước khi lau nên cuốn tay sếp có phải trả gì không
1052,c5-011,38,hr,"Đối với tai nạn lao động do lỗi của chính người lao động, mức trợ cấp tối thiểu của người sử dụng lao động được tính bằng bao nhiêu phần trăm mức bồi thường?",5,CHE_DO_BOI_THUONG,synthetic,train,đối_với tai_nạn lao_động do lỗi chính người lao_động mức trợ_cấp tối_thiểu người sử_dụng lao_động được tính bằng bao_nhiêu phần_trăm mức bồi_thường
1053,c5-011,38,complaint,"Công ty bảo tôi bị tai nạn do lỗi của tôi nên không trả đồng nào, vậy tôi có được trợ cấp gì từ công ty không?",5,CHE_DO_BOI_THUONG,synthetic,train,công_ty bảo tai_nạn do lỗi nên không trả đồng nào có được trợ_cấp gì công_ty không
1054,c5-011,38,short,Tự gây lỗi tai nạn có trợ cấp?,5,CHE_DO_BOI_THUONG,synthetic,train,tự gây lỗi tai_nạn có trợ_cấp
1055,c5-012,38,neutral,Người lao động bị bệnh nghề nghiệp có được người sử dụng lao động bồi thường không?,5,CHE_DO_BOI_THUONG,synthetic,test,người lao_động bệnh nghề_nghiệp có được người sử_dụng lao_động bồi_thường không
1056,c5-012,38,worker,"Em bị điếc nghề nghiệp do làm xưởng dệt mười năm, công ty có phải đền tiền cho em không?",5,CHE_DO_BOI_THUONG,synthetic,test,điếc nghề_nghiệp do làm xưởng dệt mười năm công_ty có phải đền tiền không
1057,c5-012,38,hr,Nghĩa vụ bồi thường của người sử dụng lao động đối với người lao động mắc bệnh nghề nghiệp được tính theo mức suy giảm khả năng lao động như thế nào?,5,CHE_DO_BOI_THUONG,synthetic,test,nghĩa_vụ bồi_thường người sử_dụng lao_động đối_với người lao_động mắc bệnh nghề_nghiệp được tính mức suy_giảm khả_năng lao_động như_thế_nào
1058,c5-012,38,complaint,"Tôi bị bệnh da nghề nghiệp do tiếp xúc hóa chất mà công ty nói bệnh thì tự chịu, vậy công ty có phải bồi thường không?",5,CHE_DO_BOI_THUONG,synthetic,test,bệnh da nghề_nghiệp do tiếp_xúc hóa_chất công_ty nói bệnh tự chịu công_ty có phải bồi_thường không
1059,c5-012,38,short,Bệnh nghề nghiệp công ty có bồi thường?,5,CHE_DO_BOI_THUONG,synthetic,test,bệnh nghề_nghiệp công_ty có bồi_thường
1060,c5-013,38,neutral,Công ty phải trả tiền bồi thường tai nạn lao động trong thời hạn bao lâu?,5,CHE_DO_BOI_THUONG,synthetic,train,công_ty phải trả tiền bồi_thường tai_nạn lao_động thời_hạn bao_lâu
1061,c5-013,38,worker,"Có kết quả giám định rồi mà sếp hẹn hoài chưa đưa tiền đền, luật cho công ty mấy ngày vậy?",5,CHE_DO_BOI_THUONG,synthetic,train,có kết_quả giám_định sếp hẹn hoài chưa đưa tiền đền_luật công_ty mấy ngày
1062,c5-013,38,hr,"Thời hạn người sử dụng lao động thực hiện bồi thường, trợ cấp tai nạn lao động kể từ ngày có kết luận của Hội đồng giám định y khoa là bao lâu?",5,CHE_DO_BOI_THUONG,synthetic,train,thời_hạn người sử_dụng lao_động thực_hiện bồi_thường trợ_cấp tai_nạn lao_động kể ngày có kết_luận hội_đồng giám_định y_khoa bao_lâu
1063,c5-013,38,complaint,"Đã hai tháng từ khi có kết luận giám định mà công ty chưa trả tiền bồi thường cho tôi, như vậy có vi phạm thời hạn không?",5,CHE_DO_BOI_THUONG,synthetic,train,hai tháng khi có kết_luận giám_định công_ty chưa trả tiền bồi_thường như_vậy có vi_phạm thời_hạn không
1064,c5-013,38,short,Hạn công ty trả bồi thường,5,CHE_DO_BOI_THUONG,synthetic,train,hạn công_ty trả bồi_thường
1065,c5-014,38,neutral,"Đối với tai nạn lao động chết người, thời hạn công ty trả tiền bồi thường cho thân nhân được tính từ khi nào?",5,CHE_DO_BOI_THUONG,synthetic,train,đối_với tai_nạn lao_động chết người thời_hạn công_ty trả tiền bồi_thường thân_nhân được tính khi nào
1066,c5-014,38,worker,"Nhà em có người chết do tai nạn ở nhà máy, bao lâu thì công ty phải đưa tiền đền cho gia đình?",5,CHE_DO_BOI_THUONG,synthetic,train,nhà có người chết do tai_nạn nhà_máy bao_lâu công_ty phải đưa tiền đền gia_đình
1067,c5-014,38,hr,Mốc tính thời hạn 05 ngày chi trả bồi thường cho thân nhân trong vụ tai nạn lao động chết người là thời điểm nào?,5,CHE_DO_BOI_THUONG,synthetic,train,mốc tính thời_hạn 05 ngày chi_trả bồi_thường thân_nhân vụ tai_nạn lao_động chết người thời_điểm nào
1068,c5-014,38,complaint,"Biên bản điều tra vụ bố tôi chết đã công bố lâu rồi mà công ty vẫn chưa bồi thường, tôi có kiện được không?",5,CHE_DO_BOI_THUONG,synthetic,train,biên_bản điều_tra vụ bố chết công_bố lâu công_ty vẫn chưa bồi_thường có kiện được không
1069,c5-014,38,short,Hạn bồi thường tai nạn chết người,5,CHE_DO_BOI_THUONG,synthetic,train,hạn bồi_thường tai_nạn chết người
1070,c5-015,38,neutral,Người lao động bị tai nạn lao động có được công ty giới thiệu đi giám định y khoa không?,5,CHE_DO_BOI_THUONG,synthetic,train,người lao_động tai_nạn lao_động có được công_ty giới_thiệu đi giám_định y_khoa không
1071,c5-015,38,worker,"Em bị gãy tay đã lành nhưng còn yếu, sếp có phải giới thiệu em đi giám định không hay em tự đi?",5,CHE_DO_BOI_THUONG,synthetic,train,gãy tay lành còn yếu_sếp có phải giới_thiệu đi giám_định không tự đi
1072,c5-015,38,hr,"Người sử dụng lao động có trách nhiệm giới thiệu người lao động bị tai nạn lao động đi giám định mức suy giảm khả năng lao động và điều dưỡng, phục hồi chức năng như thế nào?",5,CHE_DO_BOI_THUONG,synthetic,train,người sử_dụng lao_động có trách_nhiệm giới_thiệu người lao_động tai_nạn lao_động đi giám_định_mức suy_giảm khả_năng lao_động điều_dưỡng phục_hồi chức_năng như_thế_nào
1073,c5-015,38,complaint,"Công ty không chịu làm giấy giới thiệu cho tôi đi giám định thương tật sau tai nạn, họ có nghĩa vụ phải giới thiệu không?",5,CHE_DO_BOI_THUONG,synthetic,train,công_ty không chịu làm giấy giới_thiệu đi giám_định thương_tật sau tai_nạn họ có nghĩa_vụ phải giới_thiệu không
1074,c5-015,38,short,Công ty giới thiệu đi giám định?,5,CHE_DO_BOI_THUONG,synthetic,train,công_ty giới_thiệu đi giám_định
1075,c5-016,38,neutral,Nếu kết quả giám định mức suy giảm khả năng lao động dưới 5% thì ai trả phí khám giám định?,5,CHE_DO_BOI_THUONG,synthetic,train,nếu kết_quả giám_định_mức suy_giảm khả_năng lao_động 5 ai trả phí khám giám_định
1076,c5-016,38,worker,"Em đi giám định do công ty giới thiệu, ra có 3% thôi, vậy tiền giám định ai trả?",5,CHE_DO_BOI_THUONG,synthetic,train,đi giám_định do công_ty giới_thiệu có 3 thôi tiền giám_định ai trả
1077,c5-016,38,hr,"Trường hợp người lao động được người sử dụng lao động giới thiệu đi giám định và kết luận suy giảm dưới 5%, phí khám giám định do bên nào chi trả?",5,CHE_DO_BOI_THUONG,synthetic,train,trường_hợp người lao_động được người sử_dụng lao_động giới_thiệu đi giám_định kết_luận suy_giảm 5 phí khám giám_định do bên nào chi_trả
1078,c5-016,38,complaint,"Công ty giới thiệu tôi đi giám định, kết quả dưới 5% rồi công ty bắt tôi tự trả phí giám định, như vậy có đúng không?",5,CHE_DO_BOI_THUONG,synthetic,train,công_ty giới_thiệu đi giám_định kết_quả 5 công_ty bắt tự trả phí giám_định như_vậy có đúng không
1079,c5-016,38,short,Giám định dưới 5% ai trả phí?,5,CHE_DO_BOI_THUONG,synthetic,train,giám_định 5 ai trả phí
1080,c5-017,38,neutral,"Sau khi điều trị tai nạn lao động, người lao động quay lại làm việc thì công ty có phải bố trí công việc phù hợp không?",5,CHE_DO_BOI_THUONG,synthetic,train,sau khi điều_trị tai_nạn lao_động người lao_động quay làm_việc công_ty có phải bố_trí công_việc phù_hợp không
1081,c5-017,38,worker,"Em bị mất hai ngón tay nên đứng máy không nổi nữa, đi làm lại sếp có phải đổi việc nhẹ hơn cho em không?",5,CHE_DO_BOI_THUONG,synthetic,train,mất hai ngón tay nên đứng máy không nổi nữa đi làm sếp có phải đổi việc nhẹ hơn không
1082,c5-017,38,hr,Nghĩa vụ sắp xếp công việc phù hợp với sức khỏe theo kết luận của Hội đồng giám định y khoa cho người lao động sau tai nạn lao động được quy định ra sao?,5,CHE_DO_BOI_THUONG,synthetic,train,nghĩa_vụ sắp_xếp công_việc phù_hợp sức khỏe kết_luận hội_đồng giám_định y_khoa người lao_động sau tai_nạn lao_động được quy_định sao
1083,c5-017,38,complaint,"Tôi bị tai nạn yếu chân mà quay lại làm công ty vẫn bắt khuân vác như cũ, họ có phải sắp xếp việc phù hợp cho tôi không?",5,CHE_DO_BOI_THUONG,synthetic,train,tai_nạn yếu_chân quay làm công_ty vẫn bắt khuân_vác cũ họ có phải sắp_xếp việc phù_hợp không
1084,c5-017,38,short,Bố trí việc phù hợp sau tai nạn,5,CHE_DO_BOI_THUONG,synthetic,train,bố_trí việc phù_hợp sau tai_nạn
1085,c5-018,38,neutral,Tiền lương làm căn cứ tính bồi thường tai nạn lao động gồm những khoản nào?,5,CHE_DO_BOI_THUONG,synthetic,train,tiền_lương làm căn_cứ tính bồi_thường tai_nạn lao_động gồm khoản nào
1086,c5-018,38,worker,"Công ty tính tiền đền cho em theo lương cơ bản thôi, còn phụ cấp thì không tính, vậy đúng không?",5,CHE_DO_BOI_THUONG,synthetic,train,công_ty tính tiền đền lương cơ_bản thôi còn phụ_cấp không tính đúng không
1087,c5-018,38,hr,"Tiền lương làm cơ sở tính bồi thường, trợ cấp và tiền lương trả cho người lao động nghỉ việc do tai nạn lao động bao gồm những thành phần nào?",5,CHE_DO_BOI_THUONG,synthetic,train,tiền_lương làm cơ_sở tính bồi_thường trợ_cấp tiền_lương trả người lao_động nghỉ_việc do tai_nạn lao_động bao_gồm thành_phần_nào
1088,c5-018,38,complaint,"Công ty chỉ lấy lương cơ bản để tính bồi thường cho tôi, bỏ qua phụ cấp và các khoản bổ sung, tôi có khiếu nại được không?",5,CHE_DO_BOI_THUONG,synthetic,train,công_ty chỉ lấy lương cơ_bản tính bồi_thường bỏ_qua phụ_cấp khoản bổ_sung có khiếu_nại được không
1089,c5-018,38,short,Lương tính bồi thường gồm gì?,5,CHE_DO_BOI_THUONG,synthetic,train,lương tính bồi_thường gồm gì
1090,c5-019,38,neutral,Người lao động bị tai nạn lao động thì được hưởng những chế độ gì?,5,CHE_DO_BOI_THUONG,synthetic,val,người lao_động tai_nạn lao_động được hưởng chế_độ gì
1091,c5-019,38,worker,"Em bị tai nạn lúc làm ca đêm ở xưởng, giờ em được hưởng những quyền lợi gì vậy?",5,CHE_DO_BOI_THUONG,synthetic,val,tai_nạn lúc làm ca đêm xưởng giờ được hưởng quyền_lợi gì
1092,c5-019,38,hr,"Người lao động bị tai nạn lao động được người sử dụng lao động đảm bảo những chế độ, quyền lợi nào theo quy định?",5,CHE_DO_BOI_THUONG,synthetic,val,người lao_động tai_nạn lao_động được người sử_dụng lao_động đảm_bảo chế_độ quyền_lợi nào quy_định
1093,c5-019,38,complaint,"Tôi bị tai nạn lao động mà công ty không nói gì về quyền lợi, tôi phải đòi công ty những chế độ gì?",5,CHE_DO_BOI_THUONG,synthetic,val,tai_nạn lao_động công_ty không nói gì quyền_lợi phải đòi công_ty chế_độ gì
1094,c5-019,38,short,Bị tai nạn lao động hưởng gì?,5,CHE_DO_BOI_THUONG,synthetic,val,tai_nạn lao_động hưởng gì
1095,c5-020,38,neutral,Tai nạn lao động không hoàn toàn do lỗi của người lao động thì công ty có trách nhiệm bồi thường không?,5,CHE_DO_BOI_THUONG,synthetic,val,tai_nạn lao_động không hoàn_toàn do lỗi người lao_động công_ty có trách_nhiệm bồi_thường không
1096,c5-020,38,worker,"Em làm đúng quy trình mà máy hỏng văng mảnh vô mắt, vậy công ty có phải đền không?",5,CHE_DO_BOI_THUONG,synthetic,val,làm đúng quy_trình máy hỏng văng mảnh vô_mắt công_ty có phải đền không
1097,c5-020,38,hr,Điều kiện để người sử dụng lao động có nghĩa vụ bồi thường là tai nạn lao động không hoàn toàn do lỗi của chính người lao động gây ra được hiểu thế nào?,5,CHE_DO_BOI_THUONG,synthetic,val,điều_kiện người sử_dụng lao_động có nghĩa_vụ bồi_thường tai_nạn lao_động không hoàn_toàn do lỗi chính người lao_động gây được hiểu
1098,c5-020,38,complaint,"Công ty nói tôi cũng có một phần lỗi nên không bồi thường, trong khi máy móc hư hỏng, như vậy có đúng không?",5,CHE_DO_BOI_THUONG,synthetic,val,công_ty nói có phần lỗi nên không bồi_thường khi máy_móc hư_hỏng như_vậy có đúng không
1099,c5-020,38,short,Không do lỗi mình có được bồi thường?,5,CHE_DO_BOI_THUONG,synthetic,val,không do lỗi có được bồi_thường
1100,c5-021,38,neutral,"Công ty có phải kịp thời sơ cứu, cấp cứu cho người lao động bị tai nạn lao động không?",5,CHE_DO_BOI_THUONG,synthetic,test,công_ty có phải kịp_thời sơ_cứu cấp_cứu người lao_động tai_nạn lao_động không
1101,c5-021,38,worker,"Anh em té từ xe nâng xuống, quản lý có phải lo đưa đi cấp cứu ngay không hay để tụi em tự lo?",5,CHE_DO_BOI_THUONG,synthetic,test,anh_em té xe nâng quản_lý có phải lo đưa đi cấp_cứu ngay không tụi tự lo
1102,c5-021,38,hr,"Trách nhiệm của người sử dụng lao động trong việc kịp thời sơ cứu, cấp cứu người bị tai nạn lao động và chi trả các chi phí này được quy định ra sao?",5,CHE_DO_BOI_THUONG,synthetic,test,trách_nhiệm người sử_dụng lao_động việc kịp_thời sơ_cứu cấp_cứu người tai_nạn lao_động chi_trả chi_phí được quy_định sao
1103,c5-021,38,complaint,"Tôi bị thương ở xưởng mà quản lý bắt tự bắt xe đi viện, tự trả tiền, công ty có trách nhiệm cấp cứu và chịu chi phí không?",5,CHE_DO_BOI_THUONG,synthetic,test,bị_thương xưởng quản_lý bắt tự bắt xe đi viện tự trả tiền công_ty có trách_nhiệm cấp_cứu chịu chi_phí không
1104,c5-021,38,short,Công ty có phải lo cấp cứu?,5,CHE_DO_BOI_THUONG,synthetic,test,công_ty có phải lo cấp_cứu
1105,c5-022,38,neutral,Người lao động bị tai nạn lao động do lỗi của chính mình và bị suy giảm 50% khả năng lao động thì công ty trợ cấp ít nhất bao nhiêu?,5,CHE_DO_BOI_THUONG,synthetic,train,người lao_động tai_nạn lao_động do lỗi chính suy_giảm 50 khả_năng lao_động công_ty trợ_cấp ít_nhất bao_nhiêu
1106,c5-022,38,worker,"Em tự leo lên máy không đeo dây nên té, giám định 50%, công ty trợ cấp cho em tính sao?",5,CHE_DO_BOI_THUONG,synthetic,train,tự leo máy không đeo dây nên té giám_định 50 công_ty trợ_cấp tính sao
1107,c5-022,38,hr,Cách xác định khoản trợ cấp tối thiểu bằng 40% mức bồi thường tương ứng cho người lao động bị tai nạn do lỗi của bản thân được áp dụng thế nào?,5,CHE_DO_BOI_THUONG,synthetic,train,cách xác_định khoản trợ_cấp tối_thiểu bằng 40 mức bồi_thường tương_ứng người lao_động tai_nạn do lỗi bản_thân được áp_dụng
1108,c5-022,38,complaint,"Công ty chỉ cho tôi một triệu vì tai nạn do lỗi tôi, dù tôi mất 50% sức lao động, số tiền đó có thấp hơn mức luật định không?",5,CHE_DO_BOI_THUONG,synthetic,train,công_ty chỉ một_triệu vì tai_nạn do lỗi dù mất 50 sức_lao_động số tiền có thấp hơn mức luật_định không
1109,c5-022,38,short,Trợ cấp khi tai nạn do lỗi mình,5,CHE_DO_BOI_THUONG,synthetic,train,trợ_cấp khi tai_nạn do lỗi
1110,c5-023,38,neutral,Người lao động bị tai nạn lao động có được công ty trả lương trong thời gian phục hồi chức năng lao động không?,5,CHE_DO_BOI_THUONG,synthetic,train,người lao_động tai_nạn lao_động có được công_ty trả lương thời_gian phục_hồi chức_năng lao_động không
1111,c5-023,38,worker,"Em ra viện rồi còn phải tập vật lý trị liệu cả tháng, thời gian đó sếp có trả lương không?",5,CHE_DO_BOI_THUONG,synthetic,train,viện còn phải tập vật_lý_trị_liệu cả tháng thời_gian sếp có trả lương không
1112,c5-023,38,hr,Thời gian phục hồi chức năng lao động sau tai nạn lao động có được người sử dụng lao động trả đủ tiền lương như thời gian điều trị không?,5,CHE_DO_BOI_THUONG,synthetic,train,thời_gian phục_hồi chức_năng lao_động sau tai_nạn lao_động có được người sử_dụng lao_động trả đủ tiền_lương thời_gian điều_trị không
1113,c5-023,38,complaint,"Tôi đang tập phục hồi chức năng sau tai nạn mà công ty cắt lương, bảo chỉ trả lúc nằm viện, như vậy có đúng không?",5,CHE_DO_BOI_THUONG,synthetic,train,tập phục_hồi chức_năng sau tai_nạn công_ty cắt lương bảo chỉ trả lúc nằm viện như_vậy có đúng không
1114,c5-023,38,short,Lương thời gian phục hồi chức năng,5,CHE_DO_BOI_THUONG,synthetic,train,lương thời_gian phục_hồi chức_năng
1115,c5-024,38,neutral,Người lao động bị bệnh nghề nghiệp phải nghỉ việc điều trị có được trả đủ lương không?,5,CHE_DO_BOI_THUONG,synthetic,train,người lao_động bệnh nghề_nghiệp phải nghỉ_việc điều_trị có được trả đủ lương không
1116,c5-024,38,worker,"Em bị viêm phế quản nghề nghiệp phải nghỉ điều trị một tháng, sếp có trả đủ lương tháng đó không?",5,CHE_DO_BOI_THUONG,synthetic,train,viêm phế_quản nghề_nghiệp phải nghỉ điều_trị tháng sếp có trả đủ lương tháng không
1117,c5-024,38,hr,Nghĩa vụ trả đủ tiền lương cho người lao động mắc bệnh nghề nghiệp trong thời gian nghỉ việc để điều trị được quy định thế nào?,5,CHE_DO_BOI_THUONG,synthetic,train,nghĩa_vụ trả đủ tiền_lương người lao_động mắc bệnh nghề_nghiệp thời_gian nghỉ_việc điều_trị được quy_định
1118,c5-024,38,complaint,"Tôi nghỉ điều trị bệnh nghề nghiệp mà công ty tính là nghỉ không lương, tôi có đòi lại được không?",5,CHE_DO_BOI_THUONG,synthetic,train,nghỉ điều_trị bệnh nghề_nghiệp công_ty tính nghỉ không lương có đòi được không
1119,c5-024,38,short,Nghỉ điều trị bệnh nghề nghiệp có lương?,5,CHE_DO_BOI_THUONG,synthetic,train,nghỉ điều_trị bệnh nghề_nghiệp có lương
1120,c5-025,39,neutral,Người lao động bị tai nạn khi đi công tác ngoài doanh nghiệp do người khác gây ra thì công ty có phải bồi thường không?,5,CHE_DO_BOI_THUONG,synthetic,train,người lao_động tai_nạn khi đi công_tác ngoài doanh_nghiệp do người khác gây công_ty có phải bồi_thường không
1121,c5-025,39,worker,"Em được sếp cử đi giao hàng, bị xe khác tông, vậy công ty có phải đền cho em không hay người tông đền?",5,CHE_DO_BOI_THUONG,synthetic,train,được sếp_cử đi giao hàng xe khác tông công_ty có phải đền không người tông đền
1122,c5-025,39,hr,"Trường hợp người lao động bị tai nạn khi thực hiện nhiệm vụ ngoài phạm vi doanh nghiệp do lỗi của người khác gây ra, người sử dụng lao động có nghĩa vụ bồi thường không?",5,CHE_DO_BOI_THUONG,synthetic,train,trường_hợp người lao_động tai_nạn khi thực_hiện nhiệm_vụ ngoài phạm_vi doanh_nghiệp do lỗi người khác gây người sử_dụng lao_động có nghĩa_vụ bồi_thường không
1123,c5-025,39,complaint,"Tôi đi lắp máy cho khách theo lệnh công ty thì bị người khác làm đổ thiết bị trúng, công ty bảo không liên quan, tôi có kiện được không?",5,CHE_DO_BOI_THUONG,synthetic,train,đi lắp máy khách lệnh công_ty người khác làm đổ thiết_bị trúng công_ty bảo không liên_quan có kiện được không
1124,c5-025,39,short,Đi công tác bị người khác tông,5,CHE_DO_BOI_THUONG,synthetic,train,đi công_tác người khác tông
1125,c5-026,39,neutral,Tai nạn khi thực hiện nhiệm vụ ngoài doanh nghiệp mà không xác định được người gây ra thì công ty có phải bồi thường không?,5,CHE_DO_BOI_THUONG,synthetic,val,tai_nạn khi thực_hiện nhiệm_vụ ngoài doanh_nghiệp không xác_định được người gây công_ty có phải bồi_thường không
1126,c5-026,39,worker,"Em đi sửa đường dây điện cho công ty bị ai đó đụng rồi bỏ chạy, sếp có phải đền cho em không?",5,CHE_DO_BOI_THUONG,synthetic,val,đi sửa đường dây_điện công_ty ai đụng bỏ chạy sếp có phải đền không
1127,c5-026,39,hr,"Khi không xác định được người gây tai nạn trong lúc người lao động làm nhiệm vụ ngoài cơ quan, trách nhiệm bồi thường của người sử dụng lao động thế nào?",5,CHE_DO_BOI_THUONG,synthetic,val,khi không xác_định được người gây tai_nạn lúc người lao_động làm nhiệm_vụ ngoài cơ_quan trách_nhiệm bồi_thường người sử_dụng lao_động
1128,c5-026,39,complaint,"Tôi đi thu nợ cho công ty bị tai nạn mà không tìm ra người gây ra, công ty từ chối bồi thường vì không phải lỗi họ, có đúng không?",5,CHE_DO_BOI_THUONG,synthetic,val,đi thu nợ công_ty tai_nạn không tìm người gây công_ty từ_chối bồi_thường vì không phải lỗi họ có đúng không
1129,c5-026,39,short,"Không rõ thủ phạm, công ty đền?",5,CHE_DO_BOI_THUONG,synthetic,val,không rõ thủ_phạm công_ty đền
1130,c5-027,39,neutral,Người lao động bị tai nạn trên đường đi làm do người khác gây ra thì công ty có phải trợ cấp không?,5,CHE_DO_BOI_THUONG,synthetic,train,người lao_động tai_nạn đường đi làm do người khác gây công_ty có phải trợ_cấp không
1131,c5-027,39,worker,"Sáng em chạy xe tới xưởng bị người ta tông, công ty có phải trả tiền gì cho em không?",5,CHE_DO_BOI_THUONG,synthetic,train,sáng chạy xe tới xưởng người ta tông công_ty có phải trả tiền gì không
1132,c5-027,39,hr,"Đối với tai nạn trên tuyến đường hợp lý từ nơi ở đến nơi làm việc do lỗi người khác, người sử dụng lao động có trách nhiệm trợ cấp theo mức nào?",5,CHE_DO_BOI_THUONG,synthetic,train,đối_với tai_nạn tuyến đường hợp_lý nơi đến_nơi làm_việc do lỗi người khác người sử_dụng lao_động có trách_nhiệm trợ_cấp mức nào
1133,c5-027,39,complaint,"Tôi bị xe tải tông trên đường đi làm, công ty nói tai nạn ngoài công ty nên không trả gì, như vậy có đúng không?",5,CHE_DO_BOI_THUONG,synthetic,train,xe_tải tông đường đi làm công_ty nói tai_nạn ngoài công_ty nên không trả gì như_vậy có đúng không
1134,c5-027,39,short,"Tai nạn đường đi làm, công ty trả?",5,CHE_DO_BOI_THUONG,synthetic,train,tai_nạn đường đi làm công_ty trả
1135,c5-028,39,neutral,Tai nạn trên đường đi làm về mà không xác định được người gây ra thì công ty có phải trợ cấp cho người lao động không?,5,CHE_DO_BOI_THUONG,synthetic,val,tai_nạn đường đi làm không xác_định được người gây công_ty có phải trợ_cấp người lao_động không
1136,c5-028,39,worker,"Tan ca về bị té do ai đó quẹt xe rồi chạy mất, công ty có phải hỗ trợ tiền cho em không?",5,CHE_DO_BOI_THUONG,synthetic,val,tan ca té do ai quẹt xe chạy mất công_ty có phải hỗ_trợ tiền không
1137,c5-028,39,hr,"Trường hợp tai nạn trên đường từ nơi làm việc về nơi ở mà không xác định được người gây ra, nghĩa vụ trợ cấp của người sử dụng lao động được xác định thế nào?",5,CHE_DO_BOI_THUONG,synthetic,val,trường_hợp tai_nạn đường nơi làm_việc nơi không xác_định được người gây nghĩa_vụ trợ_cấp người sử_dụng lao_động được xác_định
1138,c5-028,39,complaint,"Tôi bị tai nạn lúc về nhà sau ca, không tìm ra người gây tai nạn, công ty từ chối hỗ trợ, tôi có đòi được không?",5,CHE_DO_BOI_THUONG,synthetic,val,tai_nạn lúc nhà sau ca không tìm người gây tai_nạn công_ty từ_chối hỗ_trợ có đòi được không
1139,c5-028,39,short,Tai nạn đường về không rõ thủ phạm,5,CHE_DO_BOI_THUONG,synthetic,val,tai_nạn đường không rõ thủ_phạm
1140,c5-029,39,neutral,Nếu công ty đã mua bảo hiểm tai nạn thương mại cho người lao động thì người lao động được bồi thường thế nào?,5,CHE_DO_BOI_THUONG,synthetic,train,nếu công_ty mua bảo_hiểm tai_nạn thương_mại người lao_động người lao_động được bồi_thường
1141,c5-029,39,worker,"Sếp nói đã mua bảo hiểm tai nạn bên công ty bảo hiểm cho tụi em, vậy bị tai nạn thì lấy tiền bên đó hay công ty đền?",5,CHE_DO_BOI_THUONG,synthetic,train,sếp nói mua bảo_hiểm tai_nạn bên công_ty bảo_hiểm tụi tai_nạn lấy tiền bên công_ty đền
1142,c5-029,39,hr,"Khi người sử dụng lao động đã mua bảo hiểm tai nạn tại doanh nghiệp bảo hiểm, người lao động được hưởng các khoản chi trả theo cơ chế nào?",5,CHE_DO_BOI_THUONG,synthetic,train,khi người sử_dụng lao_động mua bảo_hiểm tai_nạn doanh_nghiệp bảo_hiểm người lao_động được hưởng khoản chi_trả cơ_chế nào
1143,c5-029,39,complaint,"Công ty mua bảo hiểm tai nạn tư nhân cho tôi rồi bảo chỉ nhận tiền bên bảo hiểm là xong, như vậy công ty có hết trách nhiệm không?",5,CHE_DO_BOI_THUONG,synthetic,train,công_ty mua bảo_hiểm tai_nạn tư_nhân bảo chỉ nhận tiền bên bảo_hiểm xong như_vậy công_ty có hết trách_nhiệm không
1144,c5-029,39,short,Công ty mua bảo hiểm tư nhân,5,CHE_DO_BOI_THUONG,synthetic,train,công_ty mua bảo_hiểm tư_nhân
1145,c5-030,39,neutral,Số tiền công ty bảo hiểm thương mại trả thấp hơn mức bồi thường theo luật thì ai trả phần còn thiếu?,5,CHE_DO_BOI_THUONG,synthetic,val,số tiền công_ty bảo_hiểm thương_mại trả thấp hơn mức bồi_thường luật ai trả phần còn thiếu
1146,c5-030,39,worker,"Bên bảo hiểm tư nhân chỉ trả em có mười triệu, ít hơn mức luật, phần còn lại công ty có phải bù không?",5,CHE_DO_BOI_THUONG,synthetic,val,bên bảo_hiểm tư_nhân chỉ trả có mười triệu ít hơn mức luật phần còn công_ty có phải bù không
1147,c5-030,39,hr,"Trách nhiệm bù phần chênh lệch của người sử dụng lao động khi số tiền doanh nghiệp bảo hiểm chi trả thấp hơn mức bồi thường, trợ cấp theo luật được quy định ra sao?",5,CHE_DO_BOI_THUONG,synthetic,val,trách_nhiệm bù phần chênh_lệch người sử_dụng lao_động khi số tiền doanh_nghiệp bảo_hiểm chi_trả thấp hơn mức bồi_thường trợ_cấp luật được quy_định sao
1148,c5-030,39,complaint,"Tiền bảo hiểm thương mại trả cho tôi thấp hơn mức luật định mà công ty không chịu bù thêm, tôi có kiện được không?",5,CHE_DO_BOI_THUONG,synthetic,val,tiền bảo_hiểm thương_mại trả thấp hơn mức luật_định công_ty không chịu bù thêm có kiện được không
1149,c5-030,39,short,Bảo hiểm tư nhân trả thiếu ai bù?,5,CHE_DO_BOI_THUONG,synthetic,val,bảo_hiểm tư_nhân trả thiếu ai bù
1150,c5-031,39,neutral,Công ty không đóng bảo hiểm tai nạn lao động cho người lao động thì khi bị tai nạn ai trả chế độ bảo hiểm?,5,CHE_DO_BOI_THUONG,synthetic,train,công_ty không đóng bảo_hiểm tai_nạn lao_động người lao_động khi tai_nạn ai trả chế_độ bảo_hiểm
1151,c5-031,39,worker,"Sếp không đóng bảo hiểm cho em, giờ em bị tai nạn thì ai trả tiền trợ cấp đây?",5,CHE_DO_BOI_THUONG,synthetic,train,sếp không đóng bảo_hiểm giờ tai_nạn ai trả tiền trợ_cấp đây
1152,c5-031,39,hr,"Trường hợp người sử dụng lao động không đóng bảo hiểm tai nạn lao động, bệnh nghề nghiệp cho người lao động thuộc diện bắt buộc thì trách nhiệm chi trả khoản tiền tương ứng chế độ bảo hiểm thuộc về ai?",5,CHE_DO_BOI_THUONG,synthetic,train,trường_hợp người sử_dụng lao_động không đóng bảo_hiểm tai_nạn lao_động bệnh nghề_nghiệp người lao_động thuộc diện bắt_buộc trách_nhiệm chi_trả khoản tiền tương_ứng chế_độ bảo_hiểm thuộc ai
1153,c5-031,39,complaint,"Công ty trốn đóng bảo hiểm tai nạn lao động cho tôi, giờ tôi bị tai nạn thì bảo hiểm không trả, tôi đòi công ty được không?",5,CHE_DO_BOI_THUONG,synthetic,train,công_ty trốn đóng bảo_hiểm tai_nạn lao_động giờ tai_nạn bảo_hiểm không trả đòi công_ty được không
1154,c5-031,39,short,Công ty không đóng bảo hiểm ai trả?,5,CHE_DO_BOI_THUONG,synthetic,train,công_ty không đóng bảo_hiểm ai trả
1155,c5-032,39,neutral,Công ty không đóng bảo hiểm tai nạn lao động thì khoản tiền tương ứng chế độ bảo hiểm được trả một lần hay hằng tháng?,5,CHE_DO_BOI_THUONG,synthetic,val,công_ty không đóng bảo_hiểm tai_nạn lao_động khoản tiền tương_ứng chế_độ bảo_hiểm được trả lần hằng tháng
1156,c5-032,39,worker,"Công ty không đóng bảo hiểm nên phải tự trả thay cho em, vậy em đòi trả một cục hay trả hằng tháng được?",5,CHE_DO_BOI_THUONG,synthetic,val,công_ty không đóng bảo_hiểm nên phải tự trả thay đòi trả cục trả hằng tháng được
1157,c5-032,39,hr,Hình thức chi trả khoản tiền tương ứng chế độ bảo hiểm tai nạn lao động mà người sử dụng lao động phải trả khi không đóng bảo hiểm được thỏa thuận thế nào?,5,CHE_DO_BOI_THUONG,synthetic,val,hình_thức chi_trả khoản tiền tương_ứng chế_độ bảo_hiểm tai_nạn lao_động người sử_dụng lao_động phải trả khi không đóng bảo_hiểm được thỏa_thuận
1158,c5-032,39,complaint,"Công ty không đóng bảo hiểm cho tôi, giờ đòi trả dần hằng tháng trong khi tôi muốn nhận một lần, ai quyết định?",5,CHE_DO_BOI_THUONG,synthetic,val,công_ty không đóng bảo_hiểm giờ đòi trả dần hằng tháng khi muốn nhận lần ai quyết_định
1159,c5-032,39,short,Công ty trốn bảo hiểm: trả một lần?,5,CHE_DO_BOI_THUONG,synthetic,val,công_ty trốn bảo_hiểm trả lần
1160,c5-033,39,neutral,"Ngoài bồi thường theo trách nhiệm của công ty, người lao động còn được công ty trả thêm gì nếu công ty không đóng bảo hiểm tai nạn lao động?",5,CHE_DO_BOI_THUONG,synthetic,train,ngoài bồi_thường trách_nhiệm công_ty người lao_động còn được công_ty trả thêm gì nếu công_ty không đóng bảo_hiểm tai_nạn lao_động
1161,c5-033,39,worker,"Công ty em không đóng bảo hiểm, ngoài tiền đền tai nạn ra sếp còn phải trả thêm khoản nào không?",5,CHE_DO_BOI_THUONG,synthetic,train,công_ty không đóng bảo_hiểm ngoài tiền đền tai_nạn sếp còn phải trả thêm khoản nào không
1162,c5-033,39,hr,"Người sử dụng lao động không tham gia bảo hiểm tai nạn lao động, bệnh nghề nghiệp phải chịu những khoản chi trả nào ngoài bồi thường, trợ cấp theo Điều 38?",5,CHE_DO_BOI_THUONG,synthetic,train,người sử_dụng lao_động không tham_gia bảo_hiểm tai_nạn lao_động bệnh nghề_nghiệp phải chịu khoản chi_trả nào ngoài bồi_thường trợ_cấp điều 38
1163,c5-033,39,complaint,"Công ty không đóng bảo hiểm tai nạn lao động mà chỉ trả tôi tiền bồi thường, còn khoản bảo hiểm lẽ ra được hưởng thì không, tôi có đòi được không?",5,CHE_DO_BOI_THUONG,synthetic,train,công_ty không đóng bảo_hiểm tai_nạn lao_động chỉ trả tiền bồi_thường còn khoản bảo_hiểm_lẽ_ra được hưởng không có đòi được không
1164,c5-033,39,short,"Không đóng bảo hiểm, trả thêm gì?",5,CHE_DO_BOI_THUONG,synthetic,train,không đóng bảo_hiểm trả thêm gì
1165,c5-034,39,neutral,Người lao động bị bệnh nghề nghiệp nhưng công ty chưa từng đóng bảo hiểm tai nạn lao động thì ai trả trợ cấp hằng tháng?,5,CHE_DO_BOI_THUONG,synthetic,train,người lao_động bệnh nghề_nghiệp công_ty chưa từng đóng bảo_hiểm tai_nạn lao_động ai trả trợ_cấp hằng tháng
1166,c5-034,39,worker,"Em bị bụi phổi mà công ty chưa đóng bảo hiểm ngày nào, trợ cấp hằng tháng giờ ai trả cho em?",5,CHE_DO_BOI_THUONG,synthetic,train,bụi phổi công_ty chưa đóng bảo_hiểm ngày nào trợ_cấp hằng tháng giờ ai trả
1167,c5-034,39,hr,"Khi người lao động mắc bệnh nghề nghiệp mà người sử dụng lao động không đóng bảo hiểm tai nạn lao động, bệnh nghề nghiệp, khoản trợ cấp tương ứng do ai chi trả?",5,CHE_DO_BOI_THUONG,synthetic,train,khi người lao_động mắc bệnh nghề_nghiệp người sử_dụng lao_động không đóng bảo_hiểm tai_nạn lao_động bệnh nghề_nghiệp khoản trợ_cấp tương_ứng do ai chi_trả
1168,c5-034,39,complaint,"Công ty không đóng bảo hiểm nên cơ quan bảo hiểm từ chối trả trợ cấp bệnh nghề nghiệp cho tôi, giờ tôi phải đòi ai?",5,CHE_DO_BOI_THUONG,synthetic,train,công_ty không đóng bảo_hiểm nên cơ_quan bảo_hiểm từ_chối trả trợ_cấp bệnh nghề_nghiệp giờ phải đòi ai
1169,c5-034,39,short,"Bệnh nghề nghiệp, công ty trốn bảo hiểm",5,CHE_DO_BOI_THUONG,synthetic,train,bệnh nghề_nghiệp công_ty trốn bảo_hiểm
1170,c5-035,40,neutral,Những trường hợp nào người lao động bị tai nạn nhưng không được hưởng chế độ từ người sử dụng lao động?,5,CHE_DO_BOI_THUONG,synthetic,train,trường_hợp nào người lao_động tai_nạn không được hưởng chế_độ người sử_dụng lao_động
1171,c5-035,40,worker,Bị tai nạn trong trường hợp nào thì sếp khỏi phải đền cho mình vậy anh?,5,CHE_DO_BOI_THUONG,synthetic,train,tai_nạn trường_hợp nào sếp khỏi phải đền
1172,c5-035,40,hr,"Các nguyên nhân tai nạn khiến người lao động không được hưởng chế độ bồi thường, trợ cấp từ người sử dụng lao động gồm những trường hợp nào?",5,CHE_DO_BOI_THUONG,synthetic,train,nguyên_nhân tai_nạn khiến người lao_động không được hưởng chế_độ bồi_thường trợ_cấp người sử_dụng lao_động gồm trường_hợp nào
1173,c5-035,40,complaint,"Công ty từ chối bồi thường tai nạn cho tôi và nói tôi thuộc trường hợp không được hưởng, vậy luật quy định những trường hợp nào?",5,CHE_DO_BOI_THUONG,synthetic,train,công_ty từ_chối bồi_thường tai_nạn nói thuộc trường_hợp không được hưởng luật quy_định trường_hợp nào
1174,c5-035,40,short,Khi nào công ty không phải bồi thường?,5,CHE_DO_BOI_THUONG,synthetic,train,khi nào công_ty không phải bồi_thường
1175,c5-036,40,neutral,Người lao động bị tai nạn do đánh nhau với người khác vì mâu thuẫn cá nhân tại nơi làm việc thì có được công ty bồi thường không?,5,CHE_DO_BOI_THUONG,synthetic,train,người lao_động tai_nạn do đánh nhau người khác vì mâu_thuẫn cá_nhân nơi làm_việc có được công_ty bồi_thường không
1176,c5-036,40,worker,"Em cự cãi chuyện riêng với thằng cùng xưởng rồi bị nó đánh gãy tay, công ty có đền cho em không?",5,CHE_DO_BOI_THUONG,synthetic,train,cự_cãi chuyện riêng thằng cùng xưởng nó đánh gãy tay công_ty có đền không
1177,c5-036,40,hr,"Tai nạn phát sinh do mâu thuẫn cá nhân của chính nạn nhân với người gây ra, không liên quan đến công việc, có thuộc trường hợp được người sử dụng lao động bồi thường không?",5,CHE_DO_BOI_THUONG,synthetic,train,tai_nạn phát_sinh do mâu_thuẫn cá_nhân chính nạn_nhân người gây không liên_quan đến công_việc có thuộc trường_hợp được người sử_dụng lao_động bồi_thường không
1178,c5-036,40,complaint,"Tôi bị đồng nghiệp đánh vì chuyện nợ nần trong giờ làm, công ty không bồi thường, tôi có kiện công ty được không?",5,CHE_DO_BOI_THUONG,synthetic,train,đồng_nghiệp đánh vì chuyện nợ_nần giờ làm công_ty không bồi_thường có kiện công_ty được không
1179,c5-036,40,short,Đánh nhau mâu thuẫn riêng có bồi thường?,5,CHE_DO_BOI_THUONG,synthetic,train,đánh nhau mâu_thuẫn riêng có bồi_thường
1180,c5-037,40,neutral,Người lao động cố ý tự gây thương tích cho bản thân có được công ty bồi thường tai nạn lao động không?,5,CHE_DO_BOI_THUONG,synthetic,train,người lao_động cố_ý tự gây thương_tích bản_thân có được công_ty bồi_thường tai_nạn lao_động không
1181,c5-037,40,worker,"Có người trong xưởng cố tình tự làm mình bị thương để đòi tiền, vậy công ty có phải đền không?",5,CHE_DO_BOI_THUONG,synthetic,train,có người xưởng cố_tình tự làm bị_thương đòi tiền công_ty có phải đền không
1182,c5-037,40,hr,"Trường hợp người lao động cố ý tự hủy hoại sức khỏe của bản thân thì người sử dụng lao động có nghĩa vụ bồi thường, trợ cấp không?",5,CHE_DO_BOI_THUONG,synthetic,train,trường_hợp người lao_động cố_ý tự hủy_hoại sức_khỏe bản_thân người sử_dụng lao_động có nghĩa_vụ bồi_thường trợ_cấp không
1183,c5-037,40,complaint,"Công ty cho rằng tôi cố ý tự làm mình bị thương nên không bồi thường, nếu đúng vậy thì tôi có được hưởng gì từ công ty không?",5,CHE_DO_BOI_THUONG,synthetic,train,công_ty cố_ý tự làm bị_thương nên không bồi_thường nếu đúng có được hưởng gì công_ty không
1184,c5-037,40,short,Tự gây thương tích có được bồi thường?,5,CHE_DO_BOI_THUONG,synthetic,train,tự gây thương_tích có được bồi_thường
1185,c5-038,40,neutral,Người lao động bị tai nạn do sử dụng ma túy thì có được công ty bồi thường không?,5,CHE_DO_BOI_THUONG,synthetic,test,người lao_động tai_nạn do sử_dụng ma_túy có được công_ty bồi_thường không
1186,c5-038,40,worker,"Anh kia chơi ma túy rồi vô làm bị té máy, công ty có phải đền cho ảnh không?",5,CHE_DO_BOI_THUONG,synthetic,test,chơi ma_túy vô làm té máy công_ty có phải đền ảnh không
1187,c5-038,40,hr,"Tai nạn xảy ra do người lao động sử dụng ma túy, chất gây nghiện trái phép có được người sử dụng lao động bồi thường, trợ cấp không?",5,CHE_DO_BOI_THUONG,synthetic,test,tai_nạn xảy do người lao_động sử_dụng ma túy_chất gây nghiện trái_phép có được người sử_dụng lao_động bồi_thường trợ_cấp không
1188,c5-038,40,complaint,"Xét nghiệm ra tôi có chất gây nghiện nên công ty từ chối bồi thường tai nạn, như vậy công ty có đúng không?",5,CHE_DO_BOI_THUONG,synthetic,test,xét_nghiệm có chất gây nghiện nên công_ty từ_chối bồi_thường tai_nạn như_vậy công_ty có đúng không
1189,c5-038,40,short,"Dùng ma túy bị tai nạn, bồi thường?",5,CHE_DO_BOI_THUONG,synthetic,test,dùng ma túy tai_nạn bồi_thường
1190,c5-039,40,neutral,Người lao động dùng chất gây nghiện trái phép rồi bị tai nạn trên đường đi làm thì công ty có phải trợ cấp không?,5,CHE_DO_BOI_THUONG,synthetic,train,người lao_động dùng chất gây nghiện trái_phép tai_nạn đường đi làm công_ty có phải trợ_cấp không
1191,c5-039,40,worker,"Em lỡ dùng chất kích thích rồi chạy xe đi làm bị té, sếp có phải trả tiền gì không?",5,CHE_DO_BOI_THUONG,synthetic,train,lỡ dùng chất kích_thích chạy xe đi làm té sếp có phải trả tiền gì không
1192,c5-039,40,hr,Người lao động sử dụng chất gây nghiện trái quy định dẫn tới tai nạn trên đường đi làm có bị loại trừ khỏi chế độ trợ cấp từ người sử dụng lao động không?,5,CHE_DO_BOI_THUONG,synthetic,train,người lao_động sử_dụng chất gây nghiện trái quy_định dẫn tới tai_nạn đường đi làm có loại_trừ khỏi chế_độ trợ_cấp người sử_dụng lao_động không
1193,c5-039,40,complaint,"Tôi bị tai nạn trên đường đi làm, công ty viện lý do tôi dùng chất gây nghiện để không trợ cấp, như vậy có đúng không?",5,CHE_DO_BOI_THUONG,synthetic,train,tai_nạn đường đi làm công_ty viện lý_do dùng chất gây nghiện không trợ_cấp như_vậy có đúng không
1194,c5-039,40,short,Chất gây nghiện tai nạn đường đi làm,5,CHE_DO_BOI_THUONG,synthetic,train,chất gây nghiện tai_nạn đường đi làm
1195,c5-040,40,neutral,Tai nạn do mâu thuẫn cá nhân nhưng xảy ra khi đang đi công tác thì người lao động có được công ty bồi thường không?,5,CHE_DO_BOI_THUONG,synthetic,train,tai_nạn do mâu_thuẫn cá_nhân xảy khi đi công_tác người lao_động có được công_ty bồi_thường không
1196,c5-040,40,worker,"Đi công tác mà cãi nhau chuyện riêng với người ta rồi bị đánh, về công ty có đền không?",5,CHE_DO_BOI_THUONG,synthetic,train,đi công_tác cãi nhau chuyện riêng người ta đánh công_ty có đền không
1197,c5-040,40,hr,"Trường hợp người lao động đi làm nhiệm vụ bên ngoài nhưng bị thương do mâu thuẫn riêng không liên quan công việc, có được hưởng chế độ từ người sử dụng lao động không?",5,CHE_DO_BOI_THUONG,synthetic,train,trường_hợp người lao_động đi làm nhiệm_vụ bên ngoài bị_thương do mâu_thuẫn riêng không liên_quan công_việc có được hưởng chế_độ người sử_dụng lao_động không
1198,c5-040,40,complaint,"Tôi bị hành hung khi đi công tác vì chuyện riêng, công ty từ chối bồi thường, tôi có khiếu nại được không?",5,CHE_DO_BOI_THUONG,synthetic,train,hành_hung khi đi công_tác vì chuyện riêng công_ty từ_chối bồi_thường có khiếu_nại được không
1199,c5-040,40,short,Mâu thuẫn riêng khi đi công tác,5,CHE_DO_BOI_THUONG,synthetic,train,mâu_thuẫn riêng khi đi công_tác
1200,c6-001,14,neutral,"Người quản lý phụ trách an toàn, vệ sinh lao động có phải tham dự khóa huấn luyện an toàn không?",6,HUAN_LUYEN_ATLD,synthetic,train,người_quản_lý phụ_trách an_toàn vệ_sinh lao_động có phải tham_dự khóa huấn_luyện an_toàn không
1201,c6-001,14,worker,Anh quản đốc lo mảng an toàn ở xưởng thì có phải đi học lớp an toàn lao động không?,6,HUAN_LUYEN_ATLD,synthetic,train,quản_đốc lo mảng an_toàn xưởng có phải đi học lớp an_toàn_lao_động không
1202,c6-001,14,hr,"Cán bộ quản lý phụ trách công tác an toàn, vệ sinh lao động tại doanh nghiệp có thuộc đối tượng bắt buộc tham gia huấn luyện không?",6,HUAN_LUYEN_ATLD,synthetic,train,cán_bộ quản_lý phụ_trách công_tác an_toàn vệ_sinh lao_động doanh_nghiệp có thuộc đối_tượng bắt_buộc tham_gia huấn_luyện không
1203,c6-001,14,complaint,"Giám đốc sản xuất bên tôi phụ trách an toàn mà chưa từng đi huấn luyện, công ty không cho đi, vậy có đúng không?",6,HUAN_LUYEN_ATLD,synthetic,train,giám_đốc sản_xuất bên phụ_trách an_toàn chưa từng đi huấn_luyện công_ty không đi có đúng không
1204,c6-001,14,short,Quản lý an toàn có phải huấn luyện?,6,HUAN_LUYEN_ATLD,synthetic,train,quản_lý an_toàn có phải huấn_luyện
1205,c6-002,14,neutral,"An toàn, vệ sinh viên có phải được huấn luyện về an toàn, vệ sinh lao động không?",6,HUAN_LUYEN_ATLD,synthetic,test,an_toàn vệ_sinh_viên có phải được huấn_luyện an_toàn vệ_sinh lao_động không
1206,c6-002,14,worker,"Em mới được tổ bầu làm an toàn vệ sinh viên, vậy em có phải đi học lớp gì không?",6,HUAN_LUYEN_ATLD,synthetic,test,mới được tổ bầu làm an_toàn vệ_sinh_viên có phải đi học lớp gì không
1207,c6-002,14,hr,"An toàn, vệ sinh viên trong cơ sở sản xuất, kinh doanh có nghĩa vụ tham dự khóa huấn luyện và nhận giấy chứng nhận không?",6,HUAN_LUYEN_ATLD,synthetic,test,an_toàn vệ_sinh_viên cơ_sở sản_xuất kinh_doanh có nghĩa_vụ tham_dự khóa huấn_luyện nhận giấy chứng_nhận không
1208,c6-002,14,complaint,"Tôi làm an toàn vệ sinh viên hai năm nay mà công ty chưa bao giờ cho đi huấn luyện, tôi có quyền yêu cầu không?",6,HUAN_LUYEN_ATLD,synthetic,test,làm an_toàn vệ_sinh_viên hai năm nay công_ty chưa bao_giờ đi huấn_luyện có quyền yêu_cầu không
1209,c6-002,14,short,An toàn vệ sinh viên huấn luyện,6,HUAN_LUYEN_ATLD,synthetic,test,an_toàn vệ_sinh_viên huấn_luyện
1210,c6-003,14,neutral,"Người làm công tác y tế trong doanh nghiệp có phải học huấn luyện an toàn, vệ sinh lao động không?",6,HUAN_LUYEN_ATLD,synthetic,train,người làm công_tác y_tế doanh_nghiệp có phải học huấn_luyện an_toàn vệ_sinh lao_động không
1211,c6-003,14,worker,Chị y tá ở phòng y tế nhà máy có phải đi học an toàn lao động như tụi em không?,6,HUAN_LUYEN_ATLD,synthetic,train,y_tá phòng y_tế nhà_máy có phải đi học an_toàn_lao_động tụi không
1212,c6-003,14,hr,"Nhân viên y tế cơ sở tại doanh nghiệp có thuộc nhóm đối tượng phải tham dự huấn luyện an toàn, vệ sinh lao động không?",6,HUAN_LUYEN_ATLD,synthetic,train,nhân_viên y_tế cơ_sở_tại doanh_nghiệp có thuộc nhóm đối_tượng phải tham_dự huấn_luyện an_toàn vệ_sinh lao_động không
1213,c6-003,14,complaint,"Tôi làm y tế ở công ty mà bị bắt tự học an toàn lao động, không có khóa huấn luyện nào, như vậy có đúng không?",6,HUAN_LUYEN_ATLD,synthetic,train,làm y_tế công_ty bắt tự học an_toàn_lao_động không có khóa huấn_luyện nào như_vậy có đúng không
1214,c6-003,14,short,Nhân viên y tế có phải huấn luyện?,6,HUAN_LUYEN_ATLD,synthetic,train,nhân_viên y_tế có phải huấn_luyện
1215,c6-004,14,neutral,"Sau khi hoàn thành khóa huấn luyện, người làm công tác an toàn, vệ sinh lao động được cấp giấy tờ gì?",6,HUAN_LUYEN_ATLD,synthetic,train,sau khi hoàn_thành khóa huấn_luyện người làm công_tác an_toàn vệ_sinh lao_động được cấp giấy_tờ gì
1216,c6-004,14,worker,"Em làm bên an toàn, học xong lớp huấn luyện thì được cấp giấy gì vậy anh?",6,HUAN_LUYEN_ATLD,synthetic,train,làm bên an_toàn học xong lớp huấn_luyện được cấp giấy gì
1217,c6-004,14,hr,"Người làm công tác an toàn, vệ sinh lao động sau khi kiểm tra, sát hạch đạt yêu cầu được tổ chức huấn luyện cấp loại văn bằng nào?",6,HUAN_LUYEN_ATLD,synthetic,train,người làm công_tác an_toàn vệ_sinh lao_động sau khi kiểm_tra sát_hạch đạt yêu_cầu được tổ_chức huấn_luyện cấp loại văn_bằng nào
1218,c6-004,14,complaint,"Tôi học xong khóa huấn luyện an toàn cho cán bộ an toàn mà đơn vị huấn luyện không cấp giấy chứng nhận, tôi có đòi được không?",6,HUAN_LUYEN_ATLD,synthetic,train,học xong khóa huấn_luyện an_toàn cán_bộ an_toàn đơn_vị huấn_luyện không cấp giấy chứng_nhận có đòi được không
1219,c6-004,14,short,Huấn luyện xong được cấp gì?,6,HUAN_LUYEN_ATLD,synthetic,train,huấn_luyện xong được cấp gì
1220,c6-005,14,neutral,"Muốn được cấp giấy chứng nhận huấn luyện an toàn, vệ sinh lao động thì phải làm gì?",6,HUAN_LUYEN_ATLD,synthetic,train,muốn được cấp giấy chứng_nhận huấn_luyện an_toàn vệ_sinh lao_động phải làm gì
1221,c6-005,14,worker,"Em đi học lớp an toàn rồi, phải thi đậu mới có giấy chứng nhận hả anh?",6,HUAN_LUYEN_ATLD,synthetic,train,đi học lớp an_toàn phải thi đậu mới có giấy chứng_nhận
1222,c6-005,14,hr,"Điều kiện để người học được tổ chức huấn luyện cấp giấy chứng nhận huấn luyện an toàn, vệ sinh lao động là gì?",6,HUAN_LUYEN_ATLD,synthetic,train,điều_kiện người học được tổ_chức huấn_luyện cấp giấy chứng_nhận huấn_luyện an_toàn vệ_sinh lao_động gì
1223,c6-005,14,complaint,"Tôi đi học đủ buổi mà trung tâm không cấp giấy chứng nhận vì bảo phải sát hạch, như vậy có đúng không?",6,HUAN_LUYEN_ATLD,synthetic,train,đi học đủ buổi trung_tâm không cấp giấy chứng_nhận vì bảo phải sát_hạch như_vậy có đúng không
1224,c6-005,14,short,Điều kiện cấp giấy chứng nhận huấn luyện,6,HUAN_LUYEN_ATLD,synthetic,train,điều_kiện cấp giấy chứng_nhận huấn_luyện
1225,c6-006,14,neutral,"Khi pháp luật về an toàn lao động thay đổi, người làm công tác an toàn có phải được huấn luyện cập nhật không?",6,HUAN_LUYEN_ATLD,synthetic,train,khi pháp_luật an_toàn_lao_động thay_đổi người làm công_tác an_toàn có phải được huấn_luyện cập_nhật không
1226,c6-006,14,worker,"Luật an toàn mới sửa, anh cán bộ an toàn bên em có phải đi học lại cho biết không?",6,HUAN_LUYEN_ATLD,synthetic,train,luật an_toàn mới sửa cán_bộ an_toàn bên có phải đi học biết không
1227,c6-006,14,hr,"Trường hợp có thay đổi về chính sách, pháp luật hoặc khoa học, công nghệ, người làm công tác an toàn, vệ sinh lao động có phải được bồi dưỡng, cập nhật kiến thức không?",6,HUAN_LUYEN_ATLD,synthetic,train,trường_hợp có thay_đổi chính_sách pháp_luật khoa_học công_nghệ người làm công_tác an_toàn vệ_sinh lao_động có phải được bồi_dưỡng cập_nhật kiến_thức không
1228,c6-006,14,complaint,"Công ty đổi dây chuyền công nghệ mới mà không cho cán bộ an toàn đi cập nhật kiến thức, như vậy có sai không?",6,HUAN_LUYEN_ATLD,synthetic,train,công_ty đổi dây_chuyền công_nghệ mới không cán_bộ an_toàn đi cập_nhật kiến_thức như_vậy có sai không
1229,c6-006,14,short,"Luật đổi, cập nhật huấn luyện an toàn",6,HUAN_LUYEN_ATLD,synthetic,train,luật đổi cập_nhật huấn_luyện an_toàn
1230,c6-007,14,neutral,Người lao động làm công việc có yêu cầu nghiêm ngặt về an toàn có phải được huấn luyện trước khi làm không?,6,HUAN_LUYEN_ATLD,synthetic,train,người lao_động làm công_việc có yêu_cầu nghiêm_ngặt an_toàn có phải được huấn_luyện trước khi làm không
1231,c6-007,14,worker,"Em mới được chuyển qua vận hành nồi hơi, vậy có phải được học an toàn trước rồi mới làm không?",6,HUAN_LUYEN_ATLD,synthetic,train,mới được chuyển qua vận_hành nồi hơi có phải được học an_toàn trước mới làm không
1232,c6-007,14,hr,"Người sử dụng lao động phải tổ chức huấn luyện cho người lao động làm công việc có yêu cầu nghiêm ngặt về an toàn, vệ sinh lao động vào thời điểm nào?",6,HUAN_LUYEN_ATLD,synthetic,train,người sử_dụng lao_động phải tổ_chức huấn_luyện người lao_động làm công_việc có yêu_cầu nghiêm_ngặt an_toàn vệ_sinh lao_động thời_điểm nào
1233,c6-007,14,complaint,"Công ty bắt tôi vận hành cần trục ngay ngày đầu mà không huấn luyện gì, vậy công ty phải huấn luyện tôi trước không?",6,HUAN_LUYEN_ATLD,synthetic,train,công_ty bắt vận_hành cần trục ngay ngày đầu không huấn_luyện gì công_ty phải huấn_luyện trước không
1234,c6-007,14,short,Công việc nghiêm ngặt phải huấn luyện trước?,6,HUAN_LUYEN_ATLD,synthetic,train,công_việc nghiêm_ngặt phải huấn_luyện trước
1235,c6-008,14,neutral,Thẻ an toàn được cấp cho người lao động trong trường hợp nào?,6,HUAN_LUYEN_ATLD,synthetic,train,thẻ an_toàn được cấp người lao_động trường_hợp nào
1236,c6-008,14,worker,"Thẻ an toàn là cái gì, làm việc gì mới được cấp vậy anh?",6,HUAN_LUYEN_ATLD,synthetic,train,thẻ an_toàn cái gì làm_việc gì mới được cấp
1237,c6-008,14,hr,Đối tượng được cấp thẻ an toàn và thời điểm cấp thẻ an toàn cho người lao động được quy định như thế nào?,6,HUAN_LUYEN_ATLD,synthetic,train,đối_tượng được cấp thẻ an_toàn thời_điểm cấp thẻ an_toàn người lao_động được quy_định như_thế_nào
1238,c6-008,14,complaint,"Tôi làm thợ hàn điện mấy năm mà công ty chưa bao giờ cấp thẻ an toàn, như vậy công ty có sai không?",6,HUAN_LUYEN_ATLD,synthetic,train,làm thợ hàn_điện mấy năm công_ty chưa bao_giờ cấp thẻ an_toàn như_vậy công_ty có sai không
1239,c6-008,14,short,Khi nào được cấp thẻ an toàn?,6,HUAN_LUYEN_ATLD,synthetic,train,khi nào được cấp thẻ an_toàn
1240,c6-009,14,neutral,Ai có trách nhiệm cấp thẻ an toàn cho người lao động làm công việc nghiêm ngặt?,6,HUAN_LUYEN_ATLD,synthetic,train,ai có trách_nhiệm cấp thẻ an_toàn người lao_động làm công_việc nghiêm_ngặt
1241,c6-009,14,worker,Thẻ an toàn cho thợ điện là công ty cấp hay phải lên sở xin vậy?,6,HUAN_LUYEN_ATLD,synthetic,train,thẻ an_toàn thợ điện công_ty cấp phải sở
1242,c6-009,14,hr,Trách nhiệm tổ chức huấn luyện và cấp thẻ an toàn cho người làm công việc có yêu cầu nghiêm ngặt thuộc về chủ thể nào?,6,HUAN_LUYEN_ATLD,synthetic,train,trách_nhiệm tổ_chức huấn_luyện cấp thẻ an_toàn người làm công_việc có yêu_cầu nghiêm_ngặt thuộc chủ_thể nào
1243,c6-009,14,complaint,"Công ty bắt tôi tự đi xin thẻ an toàn ở ngoài và tự trả tiền, trong khi việc cấp thẻ là trách nhiệm của ai?",6,HUAN_LUYEN_ATLD,synthetic,train,công_ty bắt tự đi thẻ an_toàn ngoài tự trả tiền khi việc cấp thẻ trách_nhiệm ai
1244,c6-009,14,short,Ai cấp thẻ an toàn?,6,HUAN_LUYEN_ATLD,synthetic,train,ai cấp thẻ an_toàn
1245,c6-010,14,neutral,Công nhân vận hành xe nâng có phải học huấn luyện và có thẻ an toàn không?,6,HUAN_LUYEN_ATLD,synthetic,val,công_nhân vận_hành xe nâng có phải học huấn_luyện có thẻ an_toàn không
1246,c6-010,14,worker,"Em lái xe nâng trong kho, bên em có cần học an toàn và có thẻ không?",6,HUAN_LUYEN_ATLD,synthetic,val,lái_xe nâng kho bên có cần học an_toàn có thẻ không
1247,c6-010,14,hr,Người lao động vận hành xe nâng hàng thuộc công việc có yêu cầu nghiêm ngặt thì doanh nghiệp phải huấn luyện và cấp thẻ an toàn như thế nào?,6,HUAN_LUYEN_ATLD,synthetic,val,người lao_động vận_hành xe nâng hàng thuộc công_việc có yêu_cầu nghiêm_ngặt doanh_nghiệp phải huấn_luyện cấp thẻ an_toàn như_thế_nào
1248,c6-010,14,complaint,"Công ty giao tôi lái xe nâng mà không cho học an toàn, không có thẻ, tôi có quyền yêu cầu huấn luyện không?",6,HUAN_LUYEN_ATLD,synthetic,val,công_ty giao lái_xe nâng không học an_toàn không có thẻ có quyền yêu_cầu huấn_luyện không
1249,c6-010,14,short,Lái xe nâng cần thẻ an toàn?,6,HUAN_LUYEN_ATLD,synthetic,val,lái_xe nâng cần thẻ an_toàn
1250,c6-011,14,neutral,Thợ hàn làm việc trên cao có phải được huấn luyện an toàn đặc biệt không?,6,HUAN_LUYEN_ATLD,synthetic,train,thợ hàn làm_việc cao có phải được huấn_luyện an_toàn đặc_biệt không
1251,c6-011,14,worker,"Em hàn kết cấu thép trên cao ở công trình, vậy trước khi làm có phải đi học an toàn riêng không?",6,HUAN_LUYEN_ATLD,synthetic,train,hàn kết_cấu thép cao công_trình trước khi làm có phải đi học an_toàn riêng không
1252,c6-011,14,hr,"Đối với người lao động hàn, cắt kim loại trên cao, doanh nghiệp có nghĩa vụ huấn luyện an toàn và cấp thẻ trước khi bố trí công việc không?",6,HUAN_LUYEN_ATLD,synthetic,train,đối_với người lao_động hàn cắt kim_loại cao doanh_nghiệp có nghĩa_vụ huấn_luyện an_toàn cấp thẻ trước khi bố_trí công_việc không
1253,c6-011,14,complaint,"Nhà thầu bắt tôi leo lên hàn giàn thép mà chưa từng được huấn luyện, như vậy họ có làm đúng trách nhiệm huấn luyện không?",6,HUAN_LUYEN_ATLD,synthetic,train,nhà_thầu bắt leo hàn_giàn thép chưa từng được huấn_luyện như_vậy họ có làm đúng trách_nhiệm huấn_luyện không
1254,c6-011,14,short,Thợ hàn trên cao huấn luyện,6,HUAN_LUYEN_ATLD,synthetic,train,thợ hàn cao huấn_luyện
1255,c6-012,14,neutral,"Ai ban hành Danh mục công việc có yêu cầu nghiêm ngặt về an toàn, vệ sinh lao động?",6,HUAN_LUYEN_ATLD,synthetic,train,ai ban_hành danh_mục công_việc có yêu_cầu nghiêm_ngặt an_toàn vệ_sinh lao_động
1256,c6-012,14,worker,"Làm sao biết việc của mình có thuộc loại nghiêm ngặt phải học an toàn không, ai ra danh sách đó?",6,HUAN_LUYEN_ATLD,synthetic,train,làm_sao biết việc có thuộc loại nghiêm_ngặt phải học an_toàn không ai danh_sách
1257,c6-012,14,hr,"Thẩm quyền ban hành Danh mục công việc có yêu cầu nghiêm ngặt về an toàn, vệ sinh lao động thuộc về ai và phải lấy ý kiến cơ quan nào?",6,HUAN_LUYEN_ATLD,synthetic,train,thẩm_quyền ban_hành danh_mục công_việc có yêu_cầu nghiêm_ngặt an_toàn vệ_sinh lao_động thuộc ai phải lấy ý_kiến cơ_quan nào
1258,c6-012,14,complaint,"Công ty nói việc tôi làm không thuộc danh mục nghiêm ngặt nên khỏi huấn luyện, vậy danh mục đó do ai ban hành?",6,HUAN_LUYEN_ATLD,synthetic,train,công_ty nói việc làm không thuộc danh_mục nghiêm_ngặt nên khỏi huấn_luyện danh_mục do ai ban_hành
1259,c6-012,14,short,Ai ban hành danh mục việc nghiêm ngặt?,6,HUAN_LUYEN_ATLD,synthetic,train,ai ban_hành danh_mục việc nghiêm_ngặt
1260,c6-013,14,neutral,"Người vận hành nồi hơi, thiết bị áp lực có phải có thẻ an toàn trước khi làm việc không?",6,HUAN_LUYEN_ATLD,synthetic,train,người vận_hành nồi hơi thiết_bị áp_lực có phải có thẻ an_toàn trước khi làm_việc không
1261,c6-013,14,worker,"Em đứng lò hơi ca đêm mà chưa có thẻ an toàn, vậy em có phải đi học để được cấp thẻ không?",6,HUAN_LUYEN_ATLD,synthetic,train,đứng lò hơi ca đêm chưa có thẻ an_toàn có phải đi học được cấp thẻ không
1262,c6-013,14,hr,"Người lao động vận hành nồi hơi, bình chịu áp lực phải hoàn thành huấn luyện và được cấp thẻ an toàn trước khi được bố trí công việc không?",6,HUAN_LUYEN_ATLD,synthetic,train,người lao_động vận_hành nồi hơi bình_chịu áp_lực phải hoàn_thành huấn_luyện được cấp thẻ an_toàn trước khi được bố_trí công_việc không
1263,c6-013,14,complaint,"Xưởng tôi cho người mới vô đứng lò hơi mà không tổ chức lớp huấn luyện nào, công ty có trách nhiệm huấn luyện và cấp thẻ cho họ không?",6,HUAN_LUYEN_ATLD,synthetic,train,xưởng người mới vô đứng lò_hơi không tổ_chức lớp huấn_luyện nào công_ty có trách_nhiệm huấn_luyện cấp thẻ họ không
1264,c6-013,14,short,Vận hành nồi hơi cần thẻ an toàn,6,HUAN_LUYEN_ATLD,synthetic,train,vận_hành nồi hơi cần thẻ an_toàn
1265,c6-014,14,neutral,Người lao động làm việc không theo hợp đồng lao động có phải được huấn luyện an toàn không?,6,HUAN_LUYEN_ATLD,synthetic,test,người lao_động làm_việc không hợp_đồng lao_động có phải được huấn_luyện an_toàn không
1266,c6-014,14,worker,"Em làm thợ điện tự do, không ký hợp đồng với ai, vậy có phải đi học an toàn không?",6,HUAN_LUYEN_ATLD,synthetic,test,làm thợ điện tự_do không ký hợp_đồng ai có phải đi học an_toàn không
1267,c6-014,14,hr,"Đối với người lao động làm việc không theo hợp đồng lao động thực hiện công việc có yêu cầu nghiêm ngặt, nghĩa vụ huấn luyện an toàn và cấp thẻ được quy định thế nào?",6,HUAN_LUYEN_ATLD,synthetic,test,đối_với người lao_động làm_việc không hợp_đồng lao_động thực_hiện công_việc có yêu_cầu nghiêm_ngặt nghĩa_vụ huấn_luyện an_toàn cấp thẻ được quy_định
1268,c6-014,14,complaint,"Tôi làm thợ xây tự do mà ai cũng nói không có hợp đồng thì khỏi học an toàn, vậy luật có bắt không?",6,HUAN_LUYEN_ATLD,synthetic,test,làm thợ_xây tự_do ai nói không có hợp_đồng khỏi học an_toàn luật có bắt không
1269,c6-014,14,short,Lao động tự do có phải huấn luyện?,6,HUAN_LUYEN_ATLD,synthetic,test,lao_động tự_do có phải huấn_luyện
1270,c6-015,14,neutral,Nhà nước có hỗ trợ học phí huấn luyện an toàn cho người làm việc không theo hợp đồng lao động không?,6,HUAN_LUYEN_ATLD,synthetic,train,nhà_nước có hỗ_trợ học_phí huấn_luyện an_toàn người làm_việc không hợp_đồng lao_động không
1271,c6-015,14,worker,"Em làm thợ hồ tự do, đi học lớp an toàn thì nhà nước có hỗ trợ tiền học không?",6,HUAN_LUYEN_ATLD,synthetic,train,làm thợ_hồ tự_do đi học lớp an_toàn nhà_nước có hỗ_trợ tiền học không
1272,c6-015,14,hr,"Chính sách hỗ trợ học phí khi tham gia khóa huấn luyện an toàn, vệ sinh lao động dành cho người lao động không có hợp đồng lao động được quy định như thế nào?",6,HUAN_LUYEN_ATLD,synthetic,train,chính_sách hỗ_trợ học_phí khi tham_gia khóa huấn_luyện an_toàn vệ_sinh lao_động dành người lao_động không có hợp_đồng lao_động được quy_định như_thế_nào
1273,c6-015,14,complaint,"Tôi làm nghề tự do phải tự bỏ tiền học an toàn lao động, không ai hỗ trợ, vậy nhà nước có chính sách hỗ trợ học phí không?",6,HUAN_LUYEN_ATLD,synthetic,train,làm nghề tự_do phải tự bỏ tiền học an_toàn_lao_động không ai hỗ_trợ nhà_nước có chính_sách hỗ_trợ học_phí không
1274,c6-015,14,short,Hỗ trợ học phí cho thợ tự do,6,HUAN_LUYEN_ATLD,synthetic,train,hỗ_trợ học_phí thợ tự_do
1275,c6-016,14,neutral,Mức và đối tượng hỗ trợ học phí huấn luyện an toàn cho lao động không có hợp đồng do ai quy định?,6,HUAN_LUYEN_ATLD,synthetic,train,mức đối_tượng hỗ_trợ học_phí huấn_luyện an_toàn lao_động không có hợp_đồng do ai quy_định
1276,c6-016,14,worker,"Tiền hỗ trợ học an toàn cho thợ tự do được bao nhiêu, ai quyết định vậy anh?",6,HUAN_LUYEN_ATLD,synthetic,train,tiền hỗ_trợ học an_toàn thợ tự_do được bao_nhiêu ai quyết_định
1277,c6-016,14,hr,"Cơ quan nào có thẩm quyền quy định chi tiết mức, đối tượng và thời gian hỗ trợ học phí huấn luyện an toàn, vệ sinh lao động?",6,HUAN_LUYEN_ATLD,synthetic,train,cơ_quan nào có thẩm_quyền quy_định chi_tiết mức đối_tượng thời_gian hỗ_trợ học_phí huấn_luyện an_toàn vệ_sinh lao_động
1278,c6-016,14,complaint,"Tôi hỏi địa phương mức hỗ trợ học phí huấn luyện an toàn mà không ai trả lời, vậy ai có trách nhiệm quy định mức hỗ trợ đó?",6,HUAN_LUYEN_ATLD,synthetic,train,địa_phương mức hỗ_trợ học_phí huấn_luyện an_toàn không ai trả_lời ai có trách_nhiệm quy_định_mức hỗ_trợ
1279,c6-016,14,short,Ai quy định mức hỗ trợ học phí?,6,HUAN_LUYEN_ATLD,synthetic,train,ai quy_định_mức hỗ_trợ học_phí
1280,c6-017,14,neutral,Thợ điện làm việc tự do không có hợp đồng có được cấp thẻ an toàn không?,6,HUAN_LUYEN_ATLD,synthetic,val,thợ điện làm_việc tự_do không có hợp_đồng có được cấp thẻ an_toàn không
1281,c6-017,14,worker,"Em đi làm thuê lắp điện cho các nhà, không có công ty, vậy có được cấp thẻ an toàn không?",6,HUAN_LUYEN_ATLD,synthetic,val,đi làm_thuê lắp_điện nhà không có công_ty có được cấp thẻ an_toàn không
1282,c6-017,14,hr,Người lao động làm việc không theo hợp đồng lao động sau khi được huấn luyện công việc nghiêm ngặt có được cấp thẻ an toàn không?,6,HUAN_LUYEN_ATLD,synthetic,val,người lao_động làm_việc không hợp_đồng lao_động sau khi được huấn_luyện công_việc nghiêm_ngặt có được cấp thẻ an_toàn không
1283,c6-017,14,complaint,"Tôi học an toàn điện xong mà không được cấp thẻ vì không có hợp đồng lao động, như vậy có đúng không?",6,HUAN_LUYEN_ATLD,synthetic,val,học an_toàn điện xong không được cấp thẻ vì không có hợp_đồng lao_động như_vậy có đúng không
1284,c6-017,14,short,Thợ tự do có được thẻ an toàn?,6,HUAN_LUYEN_ATLD,synthetic,val,thợ tự_do có được thẻ an_toàn
1285,c6-018,14,neutral,Người lao động mới tuyển dụng có phải được huấn luyện an toàn trước khi bố trí làm việc không?,6,HUAN_LUYEN_ATLD,synthetic,train,người lao_động mới tuyển_dụng có phải được huấn_luyện an_toàn trước khi bố_trí làm_việc không
1286,c6-018,14,worker,"Em mới vô công ty may tuần này, có phải học an toàn trước khi ngồi máy không anh?",6,HUAN_LUYEN_ATLD,synthetic,train,mới vô công_ty may tuần có phải học an_toàn trước khi ngồi máy không
1287,c6-018,14,hr,"Người sử dụng lao động có nghĩa vụ huấn luyện an toàn, vệ sinh lao động cho người lao động mới trước khi tuyển dụng hoặc bố trí làm việc không?",6,HUAN_LUYEN_ATLD,synthetic,train,người sử_dụng lao_động có nghĩa_vụ huấn_luyện an_toàn vệ_sinh lao_động người lao_động mới trước khi tuyển_dụng bố_trí làm_việc không
1288,c6-018,14,complaint,"Tôi mới vào làm đã bị đưa thẳng xuống xưởng, không được huấn luyện an toàn buổi nào, công ty có sai không?",6,HUAN_LUYEN_ATLD,synthetic,train,mới làm đưa thẳng xưởng không được huấn_luyện an_toàn buổi nào công_ty có sai không
1289,c6-018,14,short,Nhân viên mới có phải huấn luyện?,6,HUAN_LUYEN_ATLD,synthetic,train,nhân_viên mới có phải huấn_luyện
1290,c6-019,14,neutral,"Người học nghề, tập nghề có phải được huấn luyện an toàn, vệ sinh lao động không?",6,HUAN_LUYEN_ATLD,synthetic,test,người học nghề tập nghề có phải được huấn_luyện an_toàn vệ_sinh lao_động không
1291,c6-019,14,worker,"Em đang học việc ở tiệm cơ khí, chủ có phải dạy an toàn cho em trước không?",6,HUAN_LUYEN_ATLD,synthetic,test,học việc tiệm cơ_khí chủ có phải dạy an_toàn trước không
1292,c6-019,14,hr,"Đối với người học nghề, tập nghề tại cơ sở sản xuất, người sử dụng lao động có trách nhiệm tổ chức huấn luyện an toàn, vệ sinh lao động không?",6,HUAN_LUYEN_ATLD,synthetic,test,đối_với người học nghề tập nghề cơ_sở sản_xuất người sử_dụng lao_động có trách_nhiệm tổ_chức huấn_luyện an_toàn vệ_sinh lao_động không
1293,c6-019,14,complaint,"Tôi đang tập nghề ở xưởng gỗ mà chủ chưa bao giờ hướng dẫn an toàn, vậy chủ có phải huấn luyện cho tôi không?",6,HUAN_LUYEN_ATLD,synthetic,test,tập nghề xưởng gỗ chủ chưa bao_giờ hướng_dẫn an_toàn chủ có phải huấn_luyện không
1294,c6-019,14,short,Học nghề có phải huấn luyện an toàn?,6,HUAN_LUYEN_ATLD,synthetic,test,học nghề có phải huấn_luyện an_toàn
1295,c6-020,14,neutral,"Người thử việc có phải được huấn luyện an toàn, vệ sinh lao động không?",6,HUAN_LUYEN_ATLD,synthetic,train,người thử việc có phải được huấn_luyện an_toàn vệ_sinh lao_động không
1296,c6-020,14,worker,"Em đang thử việc hai tháng ở xưởng in, công ty có phải cho em học an toàn không?",6,HUAN_LUYEN_ATLD,synthetic,train,thử việc hai tháng xưởng in công_ty có phải học an_toàn không
1297,c6-020,14,hr,"Người lao động trong thời gian thử việc có thuộc đối tượng người sử dụng lao động phải tự tổ chức huấn luyện an toàn, vệ sinh lao động không?",6,HUAN_LUYEN_ATLD,synthetic,train,người lao_động thời_gian thử việc có thuộc đối_tượng người sử_dụng lao_động phải tự tổ_chức huấn_luyện an_toàn vệ_sinh lao_động không
1298,c6-020,14,complaint,"Công ty nói tôi mới thử việc nên chưa cần học an toàn, vậy có đúng quy định huấn luyện không?",6,HUAN_LUYEN_ATLD,synthetic,train,công_ty nói mới thử việc nên chưa cần học an_toàn có đúng quy_định huấn_luyện không
1299,c6-020,14,short,Thử việc có huấn luyện an toàn?,6,HUAN_LUYEN_ATLD,synthetic,train,thử việc có huấn_luyện an_toàn
1300,c6-021,14,neutral,"Người lao động có phải được huấn luyện lại định kỳ về an toàn, vệ sinh lao động không?",6,HUAN_LUYEN_ATLD,synthetic,val,người lao_động có phải được huấn_luyện định_kỳ an_toàn vệ_sinh lao_động không
1301,c6-021,14,worker,"Em học an toàn lúc mới vô, mấy năm rồi chưa học lại, vậy có phải học lại định kỳ không?",6,HUAN_LUYEN_ATLD,synthetic,val,học an_toàn lúc mới vô mấy năm chưa học có phải học định_kỳ không
1302,c6-021,14,hr,"Nghĩa vụ tổ chức huấn luyện lại định kỳ về an toàn, vệ sinh lao động của người sử dụng lao động được quy định ra sao?",6,HUAN_LUYEN_ATLD,synthetic,val,nghĩa_vụ tổ_chức huấn_luyện định_kỳ an_toàn vệ_sinh lao_động người sử_dụng lao_động được quy_định sao
1303,c6-021,14,complaint,"Công ty tôi chỉ huấn luyện một lần lúc tuyển dụng rồi thôi, không bao giờ huấn luyện lại, như vậy có đúng không?",6,HUAN_LUYEN_ATLD,synthetic,val,công_ty chỉ huấn_luyện lần lúc tuyển_dụng thôi không bao_giờ huấn_luyện như_vậy có đúng không
1304,c6-021,14,short,Huấn luyện lại định kỳ,6,HUAN_LUYEN_ATLD,synthetic,val,huấn_luyện định_kỳ
1305,c6-022,14,neutral,"Nhân viên văn phòng có phải được huấn luyện an toàn, vệ sinh lao động không?",6,HUAN_LUYEN_ATLD,synthetic,test,nhân_viên văn_phòng có phải được huấn_luyện an_toàn vệ_sinh lao_động không
1306,c6-022,14,worker,"Em làm kế toán ngồi văn phòng thôi, có phải đi học an toàn lao động không?",6,HUAN_LUYEN_ATLD,synthetic,test,làm kế_toán ngồi văn_phòng thôi có phải đi học an_toàn_lao_động không
1307,c6-022,14,hr,Người lao động làm việc văn phòng không thuộc nhóm công việc nghiêm ngặt có thuộc đối tượng được người sử dụng lao động huấn luyện an toàn không?,6,HUAN_LUYEN_ATLD,synthetic,test,người lao_động làm_việc văn_phòng_không thuộc nhóm công_việc nghiêm_ngặt có thuộc đối_tượng được người sử_dụng lao_động huấn_luyện an_toàn không
1308,c6-022,14,complaint,"Phòng nhân sự bảo nhân viên văn phòng không cần huấn luyện an toàn lao động, như vậy có đúng không?",6,HUAN_LUYEN_ATLD,synthetic,test,phòng nhân_sự bảo_nhân_viên văn_phòng_không cần huấn_luyện an_toàn_lao_động như_vậy có đúng không
1309,c6-022,14,short,Nhân viên văn phòng huấn luyện an toàn?,6,HUAN_LUYEN_ATLD,synthetic,test,nhân_viên văn_phòng huấn_luyện an_toàn
1310,c6-023,14,neutral,Ai chịu trách nhiệm về chất lượng huấn luyện an toàn cho người lao động phổ thông trong doanh nghiệp?,6,HUAN_LUYEN_ATLD,synthetic,val,ai chịu trách_nhiệm chất_lượng huấn_luyện an_toàn người lao_động phổ_thông doanh_nghiệp
1311,c6-023,14,worker,"Công ty tự tổ chức lớp an toàn cho công nhân mà học qua loa, vậy ai chịu trách nhiệm chất lượng?",6,HUAN_LUYEN_ATLD,synthetic,val,công_ty tự tổ_chức lớp an_toàn công_nhân học qua_loa ai chịu trách_nhiệm chất_lượng
1312,c6-023,14,hr,"Trách nhiệm về chất lượng huấn luyện an toàn, vệ sinh lao động do người sử dụng lao động tự tổ chức cho người lao động thông thường thuộc về ai?",6,HUAN_LUYEN_ATLD,synthetic,val,trách_nhiệm chất_lượng huấn_luyện an_toàn vệ_sinh lao_động do người sử_dụng lao_động tự tổ_chức người lao_động thông_thường thuộc ai
1313,c6-023,14,complaint,"Buổi huấn luyện an toàn của công ty chỉ ký tên cho có, không dạy gì, công ty có phải chịu trách nhiệm về chất lượng không?",6,HUAN_LUYEN_ATLD,synthetic,val,buổi huấn_luyện an_toàn công_ty chỉ ký_tên có không dạy gì công_ty có phải chịu trách_nhiệm chất_lượng không
1314,c6-023,14,short,Trách nhiệm chất lượng huấn luyện,6,HUAN_LUYEN_ATLD,synthetic,val,trách_nhiệm chất_lượng huấn_luyện
1315,c6-024,14,neutral,Nội dung huấn luyện an toàn cho người lao động phải phù hợp với những yếu tố nào?,6,HUAN_LUYEN_ATLD,synthetic,train,nội_dung huấn_luyện an_toàn người lao_động phải phù_hợp yếu_tố nào
1316,c6-024,14,worker,"Em làm hóa chất mà công ty cho học an toàn giống bên may mặc, vậy có đúng không?",6,HUAN_LUYEN_ATLD,synthetic,train,làm hóa_chất công_ty học an_toàn giống bên may_mặc có đúng không
1317,c6-024,14,hr,"Yêu cầu về sự phù hợp của nội dung huấn luyện an toàn, vệ sinh lao động với vị trí công việc được giao và đặc điểm ngành nghề được quy định ra sao?",6,HUAN_LUYEN_ATLD,synthetic,train,yêu_cầu sự phù_hợp nội_dung huấn_luyện an_toàn vệ_sinh lao_động vị_trí công_việc được giao đặc_điểm ngành_nghề được quy_định sao
1318,c6-024,14,complaint,"Tôi làm hầm lò mà chỉ được huấn luyện an toàn chung chung như văn phòng, như vậy công ty có đúng yêu cầu huấn luyện không?",6,HUAN_LUYEN_ATLD,synthetic,train,làm hầm_lò chỉ được huấn_luyện an_toàn chung_chung văn_phòng như_vậy công_ty có đúng yêu_cầu huấn_luyện không
1319,c6-024,14,short,Huấn luyện phù hợp vị trí công việc,6,HUAN_LUYEN_ATLD,synthetic,train,huấn_luyện phù_hợp vị_trí công_việc
1320,c6-025,14,neutral,Doanh nghiệp có được kết hợp huấn luyện an toàn lao động với huấn luyện phòng cháy chữa cháy không?,6,HUAN_LUYEN_ATLD,synthetic,val,doanh_nghiệp có được kết_hợp huấn_luyện an_toàn_lao_động huấn_luyện phòng cháy chữa_cháy không
1321,c6-025,14,worker,"Công ty em gộp học an toàn chung với học chữa cháy luôn một buổi, vậy có được không?",6,HUAN_LUYEN_ATLD,synthetic,val,công_ty gộp_học an_toàn chung học chữa_cháy luôn buổi có được không
1322,c6-025,14,hr,"Người sử dụng lao động có được tổ chức huấn luyện an toàn, vệ sinh lao động kết hợp với nội dung huấn luyện phòng cháy, chữa cháy không?",6,HUAN_LUYEN_ATLD,synthetic,val,người sử_dụng lao_động có được tổ_chức huấn_luyện an_toàn vệ_sinh lao_động kết_hợp nội_dung huấn_luyện phòng cháy chữa_cháy không
1323,c6-025,14,complaint,"Công ty chỉ cho học phòng cháy rồi nói là đã tính luôn huấn luyện an toàn lao động, như vậy có hợp lệ không?",6,HUAN_LUYEN_ATLD,synthetic,val,công_ty chỉ học phòng cháy nói tính luôn huấn_luyện an_toàn_lao_động như_vậy có hợp_lệ không
1324,c6-025,14,short,Gộp huấn luyện an toàn và PCCC,6,HUAN_LUYEN_ATLD,synthetic,val,gộp huấn_luyện an_toàn pccc
1325,c6-026,14,neutral,"Việc huấn luyện an toàn, vệ sinh lao động có được gây ảnh hưởng đến hoạt động sản xuất kinh doanh không?",6,HUAN_LUYEN_ATLD,synthetic,train,việc huấn_luyện an_toàn vệ_sinh lao_động có được gây ảnh_hưởng đến hoạt_động sản_xuất kinh_doanh không
1326,c6-026,14,worker,"Sếp than học an toàn làm ngưng sản xuất, vậy luật có cho sắp xếp học sao cho không ảnh hưởng không?",6,HUAN_LUYEN_ATLD,synthetic,train,sếp than_học an_toàn làm ngưng sản_xuất luật có sắp_xếp học sao không ảnh_hưởng không
1327,c6-026,14,hr,"Nguyên tắc tổ chức huấn luyện an toàn, vệ sinh lao động phù hợp với quy mô lao động và không gây khó khăn cho hoạt động sản xuất, kinh doanh được hiểu thế nào?",6,HUAN_LUYEN_ATLD,synthetic,train,nguyên_tắc tổ_chức huấn_luyện an_toàn vệ_sinh lao_động phù_hợp quy_mô lao_động không gây khó_khăn hoạt_động sản_xuất kinh_doanh được hiểu
1328,c6-026,14,complaint,"Công ty viện cớ bận sản xuất để hoãn huấn luyện an toàn mãi, vậy luật quy định cách tổ chức huấn luyện thế nào?",6,HUAN_LUYEN_ATLD,synthetic,train,công_ty viện cớ_bận sản_xuất hoãn huấn_luyện an_toàn mãi luật quy_định cách tổ_chức huấn_luyện
1329,c6-026,14,short,Huấn luyện không ảnh hưởng sản xuất,6,HUAN_LUYEN_ATLD,synthetic,train,huấn_luyện không ảnh_hưởng sản_xuất
1330,c6-027,14,neutral,Doanh nghiệp nhỏ có được tự tổ chức huấn luyện an toàn riêng cho nhân viên không?,6,HUAN_LUYEN_ATLD,synthetic,train,doanh_nghiệp nhỏ có được tự tổ_chức huấn_luyện an_toàn riêng nhân_viên không
1331,c6-027,14,worker,"Xưởng em có hai chục người, sếp tự dạy an toàn cho anh em có được không?",6,HUAN_LUYEN_ATLD,synthetic,train,xưởng có hai chục người sếp tự dạy an_toàn anh_em có được không
1332,c6-027,14,hr,"Căn cứ điều kiện cụ thể, người sử dụng lao động có quyền chủ động tổ chức huấn luyện riêng về an toàn, vệ sinh lao động cho người lao động không?",6,HUAN_LUYEN_ATLD,synthetic,train,căn_cứ điều_kiện cụ_thể người sử_dụng lao_động có quyền chủ_động tổ_chức huấn_luyện riêng an_toàn vệ_sinh lao_động người lao_động không
1333,c6-027,14,complaint,"Công ty tôi nhỏ nên không tổ chức huấn luyện an toàn gì, viện lý do không đủ người, như vậy có được miễn không?",6,HUAN_LUYEN_ATLD,synthetic,train,công_ty nhỏ nên không tổ_chức huấn_luyện an_toàn gì viện lý_do không đủ người như_vậy có được miễn không
1334,c6-027,14,short,Doanh nghiệp nhỏ tự huấn luyện,6,HUAN_LUYEN_ATLD,synthetic,train,doanh_nghiệp nhỏ tự huấn_luyện
1335,c6-028,14,neutral,"Tổ chức huấn luyện an toàn, vệ sinh lao động gồm những loại đơn vị nào?",6,HUAN_LUYEN_ATLD,synthetic,val,tổ_chức huấn_luyện an_toàn vệ_sinh lao_động gồm loại đơn_vị nào
1336,c6-028,14,worker,Muốn đi học an toàn lao động thì học ở trung tâm nào mới được công nhận vậy anh?,6,HUAN_LUYEN_ATLD,synthetic,val,muốn đi học an_toàn_lao_động học trung_tâm nào mới được công_nhận
1337,c6-028,14,hr,"Tổ chức huấn luyện an toàn, vệ sinh lao động được xác định là những loại hình đơn vị nào theo quy định?",6,HUAN_LUYEN_ATLD,synthetic,val,tổ_chức huấn_luyện an_toàn vệ_sinh lao_động được xác_định loại_hình đơn_vị nào quy_định
1338,c6-028,14,complaint,"Công ty gửi tôi học ở một chỗ không rõ tư cách, vậy tổ chức huấn luyện an toàn hợp pháp phải là đơn vị như thế nào?",6,HUAN_LUYEN_ATLD,synthetic,val,công_ty gửi học chỗ không rõ tư_cách tổ_chức huấn_luyện an_toàn hợp_pháp phải đơn_vị như_thế_nào
1339,c6-028,14,short,Tổ chức huấn luyện an toàn là gì?,6,HUAN_LUYEN_ATLD,synthetic,val,tổ_chức huấn_luyện an_toàn gì
1340,c6-029,14,neutral,Doanh nghiệp tự huấn luyện cho người làm công việc nghiêm ngặt thì phải đáp ứng điều kiện gì?,6,HUAN_LUYEN_ATLD,synthetic,train,doanh_nghiệp tự huấn_luyện người làm công_việc nghiêm_ngặt phải đáp_ứng điều_kiện gì
1341,c6-029,14,worker,"Công ty em tự mở lớp dạy an toàn cho thợ điện, vậy công ty có cần giấy phép gì không?",6,HUAN_LUYEN_ATLD,synthetic,train,công_ty tự mở lớp dạy an_toàn thợ điện công_ty có cần giấy_phép gì không
1342,c6-029,14,hr,"Trường hợp doanh nghiệp tự huấn luyện cho đối tượng khoản 1, 2, 3 thì phải đáp ứng điều kiện hoạt động như tổ chức huấn luyện an toàn không?",6,HUAN_LUYEN_ATLD,synthetic,train,trường_hợp doanh_nghiệp tự huấn_luyện đối_tượng khoản 1 2 3 phải đáp_ứng điều_kiện hoạt_động tổ_chức huấn_luyện an_toàn không
1343,c6-029,14,complaint,"Công ty tự huấn luyện rồi cấp thẻ an toàn cho thợ vận hành cẩu mà chưa đủ điều kiện như tổ chức huấn luyện, như vậy có hợp lệ không?",6,HUAN_LUYEN_ATLD,synthetic,train,công_ty tự huấn_luyện cấp thẻ an_toàn thợ vận_hành cẩu chưa đủ điều_kiện tổ_chức huấn_luyện như_vậy có hợp_lệ không
1344,c6-029,14,short,Tự huấn luyện cần điều kiện gì?,6,HUAN_LUYEN_ATLD,synthetic,train,tự huấn_luyện cần điều_kiện gì
1345,c6-030,14,neutral,"Doanh nghiệp kinh doanh dịch vụ huấn luyện an toàn, vệ sinh lao động có phải được cấp giấy chứng nhận đủ điều kiện hoạt động không?",6,HUAN_LUYEN_ATLD,synthetic,train,doanh_nghiệp kinh_doanh dịch_vụ huấn_luyện an_toàn vệ_sinh lao_động có phải được cấp giấy chứng_nhận đủ điều_kiện hoạt_động không
1346,c6-030,14,worker,Trung tâm dạy an toàn lao động thì có phải xin giấy phép hoạt động không anh?,6,HUAN_LUYEN_ATLD,synthetic,train,trung_tâm dạy an_toàn_lao_động có phải giấy_phép hoạt_động không
1347,c6-030,14,hr,"Việc cấp mới, cấp lại, gia hạn, thu hồi Giấy chứng nhận đủ điều kiện hoạt động của tổ chức huấn luyện an toàn, vệ sinh lao động do cơ quan nào quy định chi tiết?",6,HUAN_LUYEN_ATLD,synthetic,train,việc cấp mới cấp gia_hạn thu_hồi giấy chứng_nhận đủ điều_kiện hoạt_động tổ_chức huấn_luyện an_toàn vệ_sinh lao_động do cơ_quan nào quy_định chi_tiết
1348,c6-030,14,complaint,"Trung tâm huấn luyện cấp chứng chỉ cho tôi mà không có giấy chứng nhận đủ điều kiện hoạt động, vậy chứng chỉ đó có giá trị không?",6,HUAN_LUYEN_ATLD,synthetic,train,trung_tâm huấn_luyện cấp chứng_chỉ không có giấy chứng_nhận đủ điều_kiện hoạt_động chứng_chỉ có giá_trị không
1349,c6-030,14,short,Giấy phép tổ chức huấn luyện an toàn,6,HUAN_LUYEN_ATLD,synthetic,train,giấy_phép tổ_chức huấn_luyện an_toàn
1350,c6-031,14,neutral,"Người huấn luyện an toàn, vệ sinh lao động phải đáp ứng tiêu chuẩn gì?",6,HUAN_LUYEN_ATLD,synthetic,train,người huấn_luyện an_toàn vệ_sinh lao_động phải đáp_ứng tiêu_chuẩn gì
1351,c6-031,14,worker,Người đứng lớp dạy an toàn cho tụi em có cần bằng cấp gì không?,6,HUAN_LUYEN_ATLD,synthetic,train,người đứng_lớp dạy an_toàn tụi có cần bằng_cấp gì không
1352,c6-031,14,hr,"Tiêu chuẩn đối với người huấn luyện an toàn, vệ sinh lao động và điều kiện cơ sở vật chất của tổ chức huấn luyện do ai quy định?",6,HUAN_LUYEN_ATLD,synthetic,train,tiêu_chuẩn đối_với người huấn_luyện an_toàn vệ_sinh lao_động điều_kiện cơ_sở vật_chất tổ_chức huấn_luyện do ai quy_định
1353,c6-031,14,complaint,"Người dạy lớp an toàn ở công ty tôi không có chuyên môn gì cả, vậy người huấn luyện phải đạt tiêu chuẩn như thế nào?",6,HUAN_LUYEN_ATLD,synthetic,train,người dạy lớp an_toàn công_ty không có chuyên_môn gì cả người huấn_luyện phải đạt tiêu_chuẩn như_thế_nào
1354,c6-031,14,short,Tiêu chuẩn người huấn luyện an toàn,6,HUAN_LUYEN_ATLD,synthetic,train,tiêu_chuẩn người huấn_luyện an_toàn
1355,c6-032,14,neutral,Công nhân làm việc trong không gian hạn chế như bồn chứa có phải được huấn luyện trước không?,6,HUAN_LUYEN_ATLD,synthetic,train,công_nhân làm_việc không_gian hạn_chế bồn chứa có phải được huấn_luyện trước không
1356,c6-032,14,worker,"Em hay chui vô bồn chứa để vệ sinh, việc này có phải học an toàn và có thẻ không?",6,HUAN_LUYEN_ATLD,synthetic,train,chui vô_bồn chứa vệ_sinh việc có phải học an_toàn có thẻ không
1357,c6-032,14,hr,Người lao động làm việc trong không gian hạn chế thuộc danh mục công việc nghiêm ngặt phải được huấn luyện và cấp thẻ an toàn trước khi làm không?,6,HUAN_LUYEN_ATLD,synthetic,train,người lao_động làm_việc không_gian hạn_chế thuộc danh_mục công_việc nghiêm_ngặt phải được huấn_luyện cấp thẻ an_toàn trước khi làm không
1358,c6-032,14,complaint,"Công ty bắt tôi xuống hầm chứa làm vệ sinh mà không cho học an toàn, tôi có quyền đòi được huấn luyện trước không?",6,HUAN_LUYEN_ATLD,synthetic,train,công_ty bắt hầm chứa làm vệ_sinh không học an_toàn có quyền đòi được huấn_luyện trước không
1359,c6-032,14,short,Làm trong bồn kín cần huấn luyện,6,HUAN_LUYEN_ATLD,synthetic,train,làm bồn kín cần huấn_luyện
1360,c6-033,14,neutral,Người lao động được chuyển sang vị trí công việc mới có phải được huấn luyện lại về an toàn không?,6,HUAN_LUYEN_ATLD,synthetic,test,người lao_động được chuyển sang vị_trí công_việc mới có phải được huấn_luyện an_toàn không
1361,c6-033,14,worker,"Em bị điều từ đóng gói qua đứng máy cắt, có được học an toàn cho việc mới không?",6,HUAN_LUYEN_ATLD,synthetic,test,điều đóng_gói qua đứng máy cắt có được học an_toàn việc mới không
1362,c6-033,14,hr,"Khi người lao động được bố trí sang vị trí công việc khác, việc huấn luyện an toàn phù hợp với vị trí được giao được thực hiện thế nào?",6,HUAN_LUYEN_ATLD,synthetic,test,khi người lao_động được bố_trí sang vị_trí công_việc khác việc huấn_luyện an_toàn phù_hợp vị_trí được giao được thực_hiện
1363,c6-033,14,complaint,"Tôi bị chuyển sang làm máy ép thủy lực mà công ty không huấn luyện gì thêm, như vậy công ty có sai không?",6,HUAN_LUYEN_ATLD,synthetic,test,chuyển sang làm máy ép thủy_lực công_ty không huấn_luyện gì thêm như_vậy công_ty có sai không
1364,c6-033,14,short,Đổi công việc có huấn luyện lại?,6,HUAN_LUYEN_ATLD,synthetic,test,đổi công_việc có huấn_luyện
1365,c6-034,14,neutral,Nhân viên an toàn lao động trong công ty xây dựng phải có giấy chứng nhận huấn luyện không?,6,HUAN_LUYEN_ATLD,synthetic,train,nhân_viên an_toàn_lao_động công_ty xây_dựng phải có giấy chứng_nhận huấn_luyện không
1366,c6-034,14,worker,"Em làm giám sát an toàn ở công trường, có cần có giấy chứng nhận học an toàn không?",6,HUAN_LUYEN_ATLD,synthetic,train,làm giám_sát an_toàn công_trường có cần có giấy chứng_nhận học an_toàn không
1367,c6-034,14,hr,"Người làm công tác an toàn, vệ sinh lao động tại doanh nghiệp xây dựng có bắt buộc phải có giấy chứng nhận huấn luyện sau sát hạch không?",6,HUAN_LUYEN_ATLD,synthetic,train,người làm công_tác an_toàn vệ_sinh lao_động doanh_nghiệp xây_dựng có bắt_buộc phải có giấy chứng_nhận huấn_luyện sau sát_hạch không
1368,c6-034,14,complaint,"Công ty cử tôi làm giám sát an toàn công trường mà chưa từng cho tôi đi học lấy giấy chứng nhận, như vậy có đúng không?",6,HUAN_LUYEN_ATLD,synthetic,train,công_ty cử làm giám_sát an_toàn công_trường chưa từng đi học lấy giấy chứng_nhận như_vậy có đúng không
1369,c6-034,14,short,Giám sát an toàn cần giấy chứng nhận?,6,HUAN_LUYEN_ATLD,synthetic,train,giám_sát an_toàn cần giấy chứng_nhận
1370,c6-035,14,neutral,Công nhân làm việc với hóa chất độc hại có phải được huấn luyện an toàn trước khi làm không?,6,HUAN_LUYEN_ATLD,synthetic,train,công_nhân làm_việc hóa_chất độc_hại có phải được huấn_luyện an_toàn trước khi làm không
1371,c6-035,14,worker,"Em pha hóa chất nhuộm vải mỗi ngày, công ty có phải dạy an toàn cho em trước không?",6,HUAN_LUYEN_ATLD,synthetic,train,pha hóa chất nhuộm vải mỗi ngày công_ty có phải dạy an_toàn trước không
1372,c6-035,14,hr,"Doanh nghiệp có nghĩa vụ huấn luyện an toàn, vệ sinh lao động cho người lao động tiếp xúc hóa chất nguy hiểm trước khi bố trí công việc như thế nào?",6,HUAN_LUYEN_ATLD,synthetic,train,doanh_nghiệp có nghĩa_vụ huấn_luyện an_toàn vệ_sinh lao_động người lao_động tiếp_xúc hóa_chất nguy_hiểm trước khi bố_trí công_việc như_thế_nào
1373,c6-035,14,complaint,"Tôi làm pha sơn có dung môi mà chưa bao giờ được huấn luyện an toàn hóa chất, tôi có thể yêu cầu công ty huấn luyện không?",6,HUAN_LUYEN_ATLD,synthetic,train,làm pha sơn có dung_môi chưa bao_giờ được huấn_luyện an_toàn hóa chất yêu_cầu công_ty huấn_luyện không
1374,c6-035,14,short,Làm hóa chất có huấn luyện?,6,HUAN_LUYEN_ATLD,synthetic,train,làm hóa_chất có huấn_luyện
1375,c6-036,14,neutral,Thợ lắp đặt điện có thuộc đối tượng phải huấn luyện công việc nghiêm ngặt không?,6,HUAN_LUYEN_ATLD,synthetic,train,thợ lắp_đặt điện có thuộc đối_tượng phải huấn_luyện công_việc nghiêm_ngặt không
1376,c6-036,14,worker,"Em đi kéo dây điện trung thế cho công ty, vậy có phải học an toàn loại đặc biệt không?",6,HUAN_LUYEN_ATLD,synthetic,train,đi kéo dây_điện trung_thế công_ty có phải học an_toàn loại đặc_biệt không
1377,c6-036,14,hr,"Người lao động lắp đặt, sửa chữa hệ thống điện có thuộc nhóm phải được huấn luyện và cấp thẻ an toàn theo khoản 2 không?",6,HUAN_LUYEN_ATLD,synthetic,train,người lao_động lắp_đặt sửa_chữa hệ_thống điện có thuộc nhóm phải được huấn_luyện cấp thẻ an_toàn khoản 2 không
1378,c6-036,14,complaint,"Tôi sửa chữa đường dây điện mà chỉ được học an toàn như công nhân thường, không có thẻ, công ty có phải huấn luyện riêng và cấp thẻ cho tôi không?",6,HUAN_LUYEN_ATLD,synthetic,train,sửa_chữa đường dây_điện chỉ được học an_toàn công_nhân thường không có thẻ công_ty có phải huấn_luyện riêng cấp thẻ không
1379,c6-036,14,short,Thợ điện có phải huấn luyện nghiêm ngặt?,6,HUAN_LUYEN_ATLD,synthetic,train,thợ điện có phải huấn_luyện nghiêm_ngặt
1380,c6-037,14,neutral,Công ty có phải tổ chức huấn luyện an toàn cho người lao động làm việc ở độ cao không?,6,HUAN_LUYEN_ATLD,synthetic,test,công_ty có phải tổ_chức huấn_luyện an_toàn người lao_động làm_việc độ cao không
1381,c6-037,14,worker,"Em lau kính nhà cao tầng, đu dây suốt, vậy công ty có phải cho em học an toàn không?",6,HUAN_LUYEN_ATLD,synthetic,test,lau kính nhà cao_tầng đu_dây suốt công_ty có phải học an_toàn không
1382,c6-037,14,hr,"Đối với người lao động làm việc trên cao, người sử dụng lao động có trách nhiệm tổ chức huấn luyện an toàn và cấp thẻ trước khi giao việc không?",6,HUAN_LUYEN_ATLD,synthetic,test,đối_với người lao_động làm_việc cao người sử_dụng lao_động có trách_nhiệm tổ_chức huấn_luyện an_toàn cấp thẻ trước khi giao việc không
1383,c6-037,14,complaint,"Công ty dịch vụ vệ sinh bắt tôi đu dây lau kính mà không huấn luyện gì, họ có trách nhiệm phải huấn luyện tôi không?",6,HUAN_LUYEN_ATLD,synthetic,test,công_ty dịch_vụ vệ_sinh bắt đu_dây lau kính không huấn_luyện gì họ có trách_nhiệm phải huấn_luyện không
1384,c6-037,14,short,Làm trên cao có huấn luyện?,6,HUAN_LUYEN_ATLD,synthetic,test,làm cao có huấn_luyện
1385,c6-038,14,neutral,"Người vận hành cần trục, cầu trục có phải được cấp thẻ an toàn không?",6,HUAN_LUYEN_ATLD,synthetic,train,người vận_hành cần trục cầu trục có phải được cấp thẻ an_toàn không
1386,c6-038,14,worker,"Em lái cầu trục trong xưởng thép, có cần thẻ an toàn không hay chỉ cần bằng lái?",6,HUAN_LUYEN_ATLD,synthetic,train,lái cầu trục xưởng thép có cần thẻ an_toàn không chỉ cần bằng lái
1387,c6-038,14,hr,"Người điều khiển cần trục, cầu trục trong nhà xưởng có phải hoàn thành huấn luyện an toàn và được cấp thẻ trước khi vận hành không?",6,HUAN_LUYEN_ATLD,synthetic,train,người điều_khiển cần trục cầu trục nhà_xưởng có phải hoàn_thành huấn_luyện an_toàn được cấp thẻ trước khi vận_hành không
1388,c6-038,14,complaint,"Công ty chỉ dặn miệng vài buổi rồi giao cầu trục cho tôi, không cấp thẻ, tôi có quyền đòi được huấn luyện bài bản và cấp thẻ không?",6,HUAN_LUYEN_ATLD,synthetic,train,công_ty chỉ dặn miệng vài buổi giao cầu trục không cấp thẻ có quyền đòi được huấn_luyện bài_bản cấp thẻ không
1389,c6-038,14,short,Vận hành cầu trục cần thẻ an toàn,6,HUAN_LUYEN_ATLD,synthetic,train,vận_hành cầu trục cần thẻ an_toàn
1390,c6-039,14,neutral,Doanh nghiệp có phải huấn luyện an toàn cho người lao động làm theo mùa vụ không?,6,HUAN_LUYEN_ATLD,synthetic,train,doanh_nghiệp có phải huấn_luyện an_toàn người lao_động làm mùa_vụ không
1391,c6-039,14,worker,"Em làm mùa vụ ba tháng ở nhà máy đường, công ty có phải cho em học an toàn không?",6,HUAN_LUYEN_ATLD,synthetic,train,làm mùa_vụ ba tháng nhà_máy đường công_ty có phải học an_toàn không
1392,c6-039,14,hr,"Người lao động làm việc theo mùa vụ tại cơ sở sản xuất có được người sử dụng lao động huấn luyện an toàn, vệ sinh lao động trước khi bố trí làm việc không?",6,HUAN_LUYEN_ATLD,synthetic,train,người lao_động làm_việc mùa_vụ cơ_sở sản_xuất có được người sử_dụng lao_động huấn_luyện an_toàn vệ_sinh lao_động trước khi bố_trí làm_việc không
1393,c6-039,14,complaint,"Công ty nói tôi chỉ làm thời vụ nên không cần huấn luyện an toàn, như vậy có đúng không?",6,HUAN_LUYEN_ATLD,synthetic,train,công_ty nói chỉ làm thời_vụ nên không cần huấn_luyện an_toàn như_vậy có đúng không
1394,c6-039,14,short,Lao động thời vụ có huấn luyện?,6,HUAN_LUYEN_ATLD,synthetic,train,lao_động thời_vụ có huấn_luyện
1395,c6-040,14,neutral,Thợ đào hầm lò trong mỏ than có phải được huấn luyện và cấp thẻ an toàn trước khi xuống lò không?,6,HUAN_LUYEN_ATLD,synthetic,train,thợ đào hầm_lò mỏ than có phải được huấn_luyện cấp thẻ an_toàn trước khi lò không
1396,c6-040,14,worker,"Em mới vô làm thợ lò ở mỏ than Quảng Ninh, trước khi xuống lò có phải học an toàn lấy thẻ không?",6,HUAN_LUYEN_ATLD,synthetic,train,mới vô làm thợ_lò mỏ than quảng_ninh trước khi lò có phải học an_toàn lấy thẻ không
1397,c6-040,14,hr,Người lao động khai thác hầm lò thuộc công việc có yêu cầu nghiêm ngặt thì doanh nghiệp mỏ phải tổ chức huấn luyện và cấp thẻ an toàn vào thời điểm nào?,6,HUAN_LUYEN_ATLD,synthetic,train,người lao_động khai_thác hầm_lò thuộc công_việc có yêu_cầu nghiêm_ngặt doanh_nghiệp mỏ phải tổ_chức huấn_luyện cấp thẻ an_toàn thời_điểm nào
1398,c6-040,14,complaint,"Mỏ than nơi tôi làm cho thợ mới xuống lò luôn mà không mở lớp huấn luyện, mỏ có nghĩa vụ huấn luyện và cấp thẻ trước không?",6,HUAN_LUYEN_ATLD,synthetic,train,mỏ than nơi làm thợ mới lò luôn không mở lớp huấn_luyện mỏ có nghĩa_vụ huấn_luyện cấp thẻ trước không
1399,c6-040,14,short,Thợ lò có cần thẻ an toàn?,6,HUAN_LUYEN_ATLD,synthetic,train,thợ lò có cần thẻ an_toàn
1400,c7-001,41,neutral,"Quỹ bảo hiểm tai nạn lao động, bệnh nghề nghiệp hoạt động theo những nguyên tắc nào?",7,BAO_HIEM_TNLD,synthetic,val,quỹ bảo_hiểm tai_nạn lao_động bệnh nghề_nghiệp hoạt_động nguyên_tắc nào
1401,c7-001,41,worker,Tiền bảo hiểm tai nạn lao động là quỹ riêng hay nằm chung trong bảo hiểm xã hội vậy anh?,7,BAO_HIEM_TNLD,synthetic,val,tiền bảo_hiểm tai_nạn lao_động quỹ riêng nằm chung bảo_hiểm_xã_hội
1402,c7-001,41,hr,"Nguyên tắc đóng, hưởng, quản lý và sử dụng Quỹ bảo hiểm tai nạn lao động, bệnh nghề nghiệp được quy định như thế nào?",7,BAO_HIEM_TNLD,synthetic,val,nguyên_tắc đóng_hưởng quản_lý sử_dụng quỹ bảo_hiểm tai_nạn lao_động bệnh nghề_nghiệp được quy_định như_thế_nào
1403,c7-001,41,complaint,"Cơ quan bảo hiểm làm thủ tục rườm rà mãi không trả chế độ tai nạn cho tôi, vậy nguyên tắc thực hiện bảo hiểm tai nạn lao động là gì?",7,BAO_HIEM_TNLD,synthetic,val,cơ_quan bảo_hiểm làm thủ_tục rườm_rà mãi không trả chế_độ tai_nạn nguyên_tắc thực_hiện bảo_hiểm tai_nạn lao_động gì
1404,c7-001,41,short,Nguyên tắc quỹ bảo hiểm TNLĐ,7,BAO_HIEM_TNLD,synthetic,val,nguyên_tắc quỹ bảo_hiểm tnlđ
1405,c7-002,42,neutral,"Quỹ bảo hiểm tai nạn lao động, bệnh nghề nghiệp được dùng để chi cho những khoản nào?",7,BAO_HIEM_TNLD,synthetic,test,quỹ bảo_hiểm tai_nạn lao_động bệnh nghề_nghiệp được dùng chi khoản nào
1406,c7-002,42,worker,Tiền quỹ bảo hiểm tai nạn lao động thì được xài vào những việc gì vậy?,7,BAO_HIEM_TNLD,synthetic,test,tiền quỹ bảo_hiểm tai_nạn lao_động được xài việc gì
1407,c7-002,42,hr,"Các nội dung chi từ Quỹ bảo hiểm tai nạn lao động, bệnh nghề nghiệp theo quy định gồm những khoản nào?",7,BAO_HIEM_TNLD,synthetic,test,nội_dung chi quỹ bảo_hiểm tai_nạn lao_động bệnh nghề_nghiệp quy_định gồm khoản nào
1408,c7-002,42,complaint,"Tôi hỏi bảo hiểm xã hội quỹ tai nạn lao động có chi đóng bảo hiểm y tế cho người hưởng trợ cấp hằng tháng không mà họ không trả lời, vậy quỹ chi những gì?",7,BAO_HIEM_TNLD,synthetic,test,bảo_hiểm_xã_hội quỹ tai_nạn lao_động có chi đóng bảo_hiểm_y_tế người hưởng trợ_cấp hằng tháng không họ không trả_lời quỹ chi gì
1409,c7-002,42,short,Quỹ tai nạn lao động chi gì?,7,BAO_HIEM_TNLD,synthetic,test,quỹ tai_nạn lao_động chi gì
1410,c7-003,43,neutral,"Những đối tượng nào được áp dụng chế độ bảo hiểm tai nạn lao động, bệnh nghề nghiệp?",7,BAO_HIEM_TNLD,synthetic,train,đối_tượng nào được áp_dụng chế_độ bảo_hiểm tai_nạn lao_động bệnh nghề_nghiệp
1411,c7-003,43,worker,"Em làm hợp đồng một năm ở công ty điện tử, vậy em có được hưởng bảo hiểm tai nạn lao động không?",7,BAO_HIEM_TNLD,synthetic,train,làm hợp_đồng năm công_ty điện_tử có được hưởng bảo_hiểm tai_nạn lao_động không
1412,c7-003,43,hr,"Phạm vi đối tượng người lao động và người sử dụng lao động tham gia chế độ bảo hiểm tai nạn lao động, bệnh nghề nghiệp được xác định thế nào?",7,BAO_HIEM_TNLD,synthetic,train,phạm_vi đối_tượng người lao_động người sử_dụng lao_động tham_gia chế_độ bảo_hiểm tai_nạn lao_động bệnh nghề_nghiệp được xác_định
1413,c7-003,43,complaint,"Bảo hiểm xã hội nói tôi không thuộc diện tham gia bảo hiểm tai nạn lao động, vậy những ai thuộc đối tượng áp dụng?",7,BAO_HIEM_TNLD,synthetic,train,bảo_hiểm_xã_hội nói không thuộc diện tham_gia bảo_hiểm tai_nạn lao_động những_ai thuộc đối_tượng áp_dụng
1414,c7-003,43,short,Ai được bảo hiểm tai nạn lao động?,7,BAO_HIEM_TNLD,synthetic,train,ai được bảo_hiểm tai_nạn lao_động
1415,c7-004,43,neutral,Người lao động ký hợp đồng với nhiều công ty thì bảo hiểm tai nạn lao động được đóng thế nào?,7,BAO_HIEM_TNLD,synthetic,train,người lao_động ký hợp_đồng nhiều công_ty bảo_hiểm tai_nạn lao_động được đóng
1416,c7-004,43,worker,"Em làm hai chỗ, sáng công ty này tối công ty kia, vậy bảo hiểm tai nạn lao động ai đóng cho em?",7,BAO_HIEM_TNLD,synthetic,train,làm hai chỗ sáng công_ty tối công_ty bảo_hiểm tai_nạn lao_động ai đóng
1417,c7-004,43,hr,"Trường hợp người lao động giao kết hợp đồng lao động với nhiều người sử dụng lao động, nghĩa vụ đóng bảo hiểm tai nạn lao động, bệnh nghề nghiệp được thực hiện ra sao?",7,BAO_HIEM_TNLD,synthetic,train,trường_hợp người lao_động giao_kết hợp_đồng lao_động nhiều người sử_dụng lao_động nghĩa_vụ đóng bảo_hiểm tai_nạn lao_động bệnh nghề_nghiệp được thực_hiện sao
1418,c7-004,43,complaint,"Tôi làm cho hai công ty mà công ty thứ hai bảo công ty kia đóng bảo hiểm tai nạn lao động rồi nên họ khỏi đóng, như vậy có đúng không?",7,BAO_HIEM_TNLD,synthetic,train,làm hai công_ty công_ty thứ hai bảo công_ty đóng bảo_hiểm tai_nạn lao_động nên họ khỏi đóng như_vậy có đúng không
1419,c7-004,43,short,"Nhiều hợp đồng, đóng bảo hiểm TNLĐ sao?",7,BAO_HIEM_TNLD,synthetic,train,nhiều hợp_đồng đóng bảo_hiểm tnlđ sao
1420,c7-005,44,neutral,"Mức đóng bảo hiểm tai nạn lao động, bệnh nghề nghiệp là bao nhiêu và ai phải đóng?",7,BAO_HIEM_TNLD,synthetic,train,mức đóng bảo_hiểm tai_nạn lao_động bệnh nghề_nghiệp bao_nhiêu ai phải đóng
1421,c7-005,44,worker,Tiền bảo hiểm tai nạn lao động có trừ vô lương em không hay công ty đóng hết?,7,BAO_HIEM_TNLD,synthetic,train,tiền bảo_hiểm tai_nạn lao_động có trừ vô lương không công_ty đóng hết
1422,c7-005,44,hr,"Tỷ lệ đóng vào Quỹ bảo hiểm tai nạn lao động, bệnh nghề nghiệp của người sử dụng lao động tính trên quỹ tiền lương được quy định tối đa là bao nhiêu?",7,BAO_HIEM_TNLD,synthetic,train,tỷ_lệ đóng quỹ bảo_hiểm tai_nạn lao_động bệnh nghề_nghiệp người sử_dụng lao_động tính quỹ tiền_lương được quy_định tối_đa bao_nhiêu
1423,c7-005,44,complaint,"Công ty trừ lương tôi để đóng bảo hiểm tai nạn lao động, trong khi khoản này ai mới là người phải đóng?",7,BAO_HIEM_TNLD,synthetic,train,công_ty trừ lương đóng bảo_hiểm tai_nạn lao_động khi khoản ai mới người phải đóng
1424,c7-005,44,short,Mức đóng bảo hiểm tai nạn lao động,7,BAO_HIEM_TNLD,synthetic,train,mức đóng bảo_hiểm tai_nạn lao_động
1425,c7-006,44,neutral,"Quỹ bảo hiểm tai nạn lao động, bệnh nghề nghiệp được hình thành từ những nguồn nào?",7,BAO_HIEM_TNLD,synthetic,train,quỹ bảo_hiểm tai_nạn lao_động bệnh nghề_nghiệp được hình_thành nguồn nào
1426,c7-006,44,worker,"Tiền trong quỹ bảo hiểm tai nạn lao động từ đâu ra vậy, chỉ có công ty đóng thôi hả?",7,BAO_HIEM_TNLD,synthetic,train,tiền quỹ bảo_hiểm tai_nạn lao_động đâu chỉ có công_ty đóng thôi
1427,c7-006,44,hr,"Nguồn hình thành Quỹ bảo hiểm tai nạn lao động, bệnh nghề nghiệp bao gồm những khoản thu nào?",7,BAO_HIEM_TNLD,synthetic,train,nguồn hình_thành quỹ bảo_hiểm tai_nạn lao_động bệnh nghề_nghiệp bao_gồm khoản thu nào
1428,c7-006,44,complaint,"Người ta nói quỹ tai nạn lao động lấy tiền của người lao động, tôi không đồng ý, vậy quỹ này hình thành từ nguồn nào?",7,BAO_HIEM_TNLD,synthetic,train,người ta nói quỹ tai_nạn lao_động lấy tiền người lao_động không đồng_ý quỹ hình_thành nguồn nào
1429,c7-006,44,short,Nguồn quỹ bảo hiểm tai nạn lao động,7,BAO_HIEM_TNLD,synthetic,train,nguồn quỹ bảo_hiểm tai_nạn lao_động
1430,c7-007,45,neutral,Người lao động cần đáp ứng điều kiện gì để được hưởng chế độ tai nạn lao động từ quỹ bảo hiểm?,7,BAO_HIEM_TNLD,synthetic,test,người lao_động cần đáp_ứng điều_kiện gì được hưởng chế_độ tai_nạn lao_động quỹ bảo_hiểm
1431,c7-007,45,worker,"Em bị cán máy dập tay ở xưởng, cần đủ điều kiện gì thì bảo hiểm mới trả tiền cho em?",7,BAO_HIEM_TNLD,synthetic,test,cán máy dập tay xưởng cần đủ điều_kiện gì bảo_hiểm mới trả tiền
1432,c7-007,45,hr,"Điều kiện hưởng chế độ tai nạn lao động từ Quỹ bảo hiểm tai nạn lao động, bệnh nghề nghiệp đối với người lao động tham gia bảo hiểm gồm những gì?",7,BAO_HIEM_TNLD,synthetic,test,điều_kiện hưởng chế_độ tai_nạn lao_động quỹ bảo_hiểm tai_nạn lao_động bệnh nghề_nghiệp đối_với người lao_động tham_gia bảo_hiểm gồm gì
1433,c7-007,45,complaint,"Cơ quan bảo hiểm từ chối giải quyết chế độ tai nạn lao động cho tôi, vậy tôi phải đủ những điều kiện nào mới được hưởng?",7,BAO_HIEM_TNLD,synthetic,test,cơ_quan bảo_hiểm từ_chối giải_quyết chế_độ tai_nạn lao_động phải đủ điều_kiện nào mới được hưởng
1434,c7-007,45,short,Điều kiện hưởng chế độ TNLĐ,7,BAO_HIEM_TNLD,synthetic,test,điều_kiện hưởng chế_độ tnlđ
1435,c7-008,45,neutral,Bị tai nạn trên đường đi làm có được bảo hiểm xã hội chi trả chế độ tai nạn lao động không?,7,BAO_HIEM_TNLD,synthetic,train,tai_nạn đường đi làm có được bảo_hiểm_xã_hội chi_trả chế_độ tai_nạn lao_động không
1436,c7-008,45,worker,"Sáng chạy xe đi làm bị té gãy chân, vậy bảo hiểm có trả chế độ tai nạn lao động cho em không?",7,BAO_HIEM_TNLD,synthetic,train,sáng chạy xe đi làm té gãy chân bảo_hiểm có trả chế_độ tai_nạn lao_động không
1437,c7-008,45,hr,Tai nạn trên tuyến đường từ nơi ở đến nơi làm việc trong khoảng thời gian và tuyến đường hợp lý có thuộc trường hợp được Quỹ bảo hiểm tai nạn lao động chi trả không?,7,BAO_HIEM_TNLD,synthetic,train,tai_nạn tuyến đường nơi đến_nơi làm_việc khoảng thời_gian tuyến đường hợp_lý có thuộc trường_hợp được quỹ bảo_hiểm tai_nạn lao_động chi_trả không
1438,c7-008,45,complaint,"Tôi bị tai nạn trên đường đi làm mà bảo hiểm xã hội nói không phải tai nạn lao động, như vậy có đúng không?",7,BAO_HIEM_TNLD,synthetic,train,tai_nạn đường đi làm bảo_hiểm_xã_hội nói không phải tai_nạn lao_động như_vậy có đúng không
1439,c7-008,45,short,Tai nạn đường đi làm bảo hiểm trả?,7,BAO_HIEM_TNLD,synthetic,train,tai_nạn đường đi làm bảo_hiểm trả
1440,c7-009,45,neutral,Tai nạn xảy ra trong giờ nghỉ giải lao hoặc khi đi vệ sinh tại nơi làm việc có được hưởng chế độ bảo hiểm tai nạn lao động không?,7,BAO_HIEM_TNLD,synthetic,train,tai_nạn xảy giờ nghỉ giải_lao khi đi vệ_sinh nơi làm_việc có được hưởng chế_độ bảo_hiểm tai_nạn lao_động không
1441,c7-009,45,worker,"Em đi ăn giữa ca bị trượt chân té ở căng tin công ty, vậy bảo hiểm có tính là tai nạn lao động không?",7,BAO_HIEM_TNLD,synthetic,train,đi ăn giữa ca trượt chân_té căng tin công_ty bảo_hiểm có tính tai_nạn lao_động không
1442,c7-009,45,hr,"Tai nạn khi người lao động thực hiện nhu cầu sinh hoạt cần thiết như ăn giữa ca, tắm rửa, đi vệ sinh tại nơi làm việc có đủ điều kiện hưởng chế độ bảo hiểm tai nạn lao động không?",7,BAO_HIEM_TNLD,synthetic,train,tai_nạn khi người lao_động thực_hiện nhu_cầu sinh_hoạt cần_thiết ăn giữa ca tắm_rửa đi vệ_sinh nơi làm_việc có đủ điều_kiện hưởng chế_độ bảo_hiểm tai_nạn lao_động không
1443,c7-009,45,complaint,"Tôi té ngã trong nhà vệ sinh của công ty trong giờ làm, bảo hiểm nói không phải lúc làm việc nên không trả, tôi có khiếu nại được không?",7,BAO_HIEM_TNLD,synthetic,train,té ngã nhà_vệ_sinh công_ty giờ làm bảo_hiểm nói không phải lúc làm_việc nên không trả có khiếu_nại được không
1444,c7-009,45,short,Té lúc ăn giữa ca có bảo hiểm?,7,BAO_HIEM_TNLD,synthetic,train,té lúc ăn giữa ca có bảo_hiểm
1445,c7-010,45,neutral,Bị tai nạn ngoài giờ làm việc khi đang làm việc theo yêu cầu của sếp có được bảo hiểm chi trả chế độ không?,7,BAO_HIEM_TNLD,synthetic,train,tai_nạn ngoài giờ làm_việc khi làm_việc yêu_cầu sếp có được bảo_hiểm chi_trả chế_độ không
1446,c7-010,45,worker,"Tối sếp gọi em đi giao hàng gấp rồi bị té xe, vụ đó bảo hiểm có chi trả không?",7,BAO_HIEM_TNLD,synthetic,train,tối sếp gọi đi giao hàng gấp té xe vụ bảo_hiểm có chi_trả không
1447,c7-010,45,hr,Tai nạn xảy ra ngoài nơi làm việc hoặc ngoài giờ làm việc khi thực hiện công việc theo yêu cầu của người sử dụng lao động có thuộc diện hưởng chế độ từ quỹ bảo hiểm không?,7,BAO_HIEM_TNLD,synthetic,train,tai_nạn xảy ngoài nơi làm_việc ngoài giờ làm_việc khi thực_hiện công_việc yêu_cầu người sử_dụng lao_động có thuộc diện hưởng chế_độ quỹ bảo_hiểm không
1448,c7-010,45,complaint,"Tôi làm thêm cuối tuần theo lệnh giám đốc thì bị thương, cơ quan bảo hiểm từ chối vì ngoài giờ, như vậy có đúng không?",7,BAO_HIEM_TNLD,synthetic,train,làm thêm cuối tuần lệnh giám_đốc bị_thương cơ_quan bảo_hiểm từ_chối vì ngoài giờ như_vậy có đúng không
1449,c7-010,45,short,Tai nạn ngoài giờ theo lệnh sếp,7,BAO_HIEM_TNLD,synthetic,train,tai_nạn ngoài giờ lệnh sếp
1450,c7-011,46,neutral,Điều kiện để người lao động được hưởng chế độ bệnh nghề nghiệp từ quỹ bảo hiểm là gì?,7,BAO_HIEM_TNLD,synthetic,train,điều_kiện người lao_động được hưởng chế_độ bệnh nghề_nghiệp quỹ bảo_hiểm gì
1451,c7-011,46,worker,"Em bị điếc do làm xưởng dệt lâu năm, cần điều kiện gì để bảo hiểm trả chế độ bệnh nghề nghiệp?",7,BAO_HIEM_TNLD,synthetic,train,điếc do làm xưởng dệt lâu năm cần điều_kiện gì bảo_hiểm trả chế_độ bệnh nghề_nghiệp
1452,c7-011,46,hr,"Người lao động tham gia bảo hiểm phải đáp ứng những điều kiện nào để được hưởng chế độ bệnh nghề nghiệp từ Quỹ bảo hiểm tai nạn lao động, bệnh nghề nghiệp?",7,BAO_HIEM_TNLD,synthetic,train,người lao_động tham_gia bảo_hiểm phải đáp_ứng điều_kiện nào được hưởng chế_độ bệnh nghề_nghiệp quỹ bảo_hiểm tai_nạn lao_động bệnh nghề_nghiệp
1453,c7-011,46,complaint,"Bảo hiểm xã hội từ chối trả chế độ bệnh nghề nghiệp cho tôi dù tôi bị bụi phổi, vậy điều kiện hưởng là gì?",7,BAO_HIEM_TNLD,synthetic,train,bảo_hiểm_xã_hội từ_chối trả chế_độ bệnh nghề_nghiệp dù bụi phổi điều_kiện hưởng gì
1454,c7-011,46,short,Điều kiện hưởng chế độ bệnh nghề nghiệp,7,BAO_HIEM_TNLD,synthetic,train,điều_kiện hưởng chế_độ bệnh nghề_nghiệp
1455,c7-012,46,neutral,Người lao động đã nghỉ hưu mới phát hiện bệnh nghề nghiệp thì có được hưởng chế độ bảo hiểm không?,7,BAO_HIEM_TNLD,synthetic,train,người lao_động nghỉ hưu mới phát_hiện bệnh nghề_nghiệp có được hưởng chế_độ bảo_hiểm không
1456,c7-012,46,worker,"Ba em nghỉ hưu rồi mới phát hiện bệnh bụi phổi do làm mỏ than hồi trước, vậy có được bảo hiểm trả không?",7,BAO_HIEM_TNLD,synthetic,train,ba nghỉ hưu mới phát_hiện bệnh bụi phổi do làm mỏ than hồi trước có được bảo_hiểm trả không
1457,c7-012,46,hr,Trường hợp người lao động đã nghỉ hưu hoặc không còn làm nghề có nguy cơ mà phát hiện bệnh nghề nghiệp trong thời gian quy định thì việc giám định và giải quyết chế độ thế nào?,7,BAO_HIEM_TNLD,synthetic,train,trường_hợp người lao_động nghỉ hưu không còn làm nghề có nguy_cơ phát_hiện bệnh nghề_nghiệp thời_gian quy_định việc giám_định giải_quyết chế_độ
1458,c7-012,46,complaint,"Tôi nghỉ việc ở nhà máy hóa chất hai năm mới phát hiện bệnh nghề nghiệp mà bảo hiểm không giải quyết, tôi có đòi được không?",7,BAO_HIEM_TNLD,synthetic,train,nghỉ_việc nhà_máy hóa chất hai năm mới phát_hiện bệnh nghề_nghiệp bảo_hiểm không giải_quyết có đòi được không
1459,c7-012,46,short,Nghỉ hưu mới phát hiện bệnh nghề nghiệp,7,BAO_HIEM_TNLD,synthetic,train,nghỉ hưu mới phát_hiện bệnh nghề_nghiệp
1460,c7-013,47,neutral,Khi nào người lao động bị tai nạn lao động được giám định mức suy giảm khả năng lao động?,7,BAO_HIEM_TNLD,synthetic,train,khi nào người lao_động tai_nạn lao_động được giám_định_mức suy_giảm khả_năng lao_động
1461,c7-013,47,worker,"Em bị gãy tay đã tháo nẹp xong nhưng còn cứng khớp, lúc nào thì đi giám định được?",7,BAO_HIEM_TNLD,synthetic,train,gãy tay tháo nẹp xong còn cứng_khớp lúc_nào đi giám_định được
1462,c7-013,47,hr,"Các trường hợp người lao động bị tai nạn lao động, bệnh nghề nghiệp được giám định hoặc giám định lại mức suy giảm khả năng lao động gồm những trường hợp nào?",7,BAO_HIEM_TNLD,synthetic,train,trường_hợp người lao_động tai_nạn lao_động bệnh nghề_nghiệp được giám_định giám_định mức suy_giảm khả_năng lao_động gồm trường_hợp nào
1463,c7-013,47,complaint,"Tôi điều trị ổn định rồi mà vẫn chưa được làm thủ tục giám định thương tật, vậy khi nào tôi được giám định?",7,BAO_HIEM_TNLD,synthetic,train,điều_trị ổn_định vẫn chưa được làm thủ_tục giám_định thương_tật khi nào được giám_định
1464,c7-013,47,short,Khi nào được giám định thương tật?,7,BAO_HIEM_TNLD,synthetic,train,khi nào được giám_định thương_tật
1465,c7-014,47,neutral,Người lao động vừa bị tai nạn lao động vừa bị bệnh nghề nghiệp thì được giám định như thế nào?,7,BAO_HIEM_TNLD,synthetic,val,người lao_động vừa tai_nạn lao_động vừa bệnh nghề_nghiệp được giám_định như_thế_nào
1466,c7-014,47,worker,"Em vừa bị tai nạn gãy chân vừa bị bệnh bụi phổi, vậy đi giám định riêng hay gộp lại?",7,BAO_HIEM_TNLD,synthetic,val,vừa tai_nạn gãy chân vừa bệnh bụi phổi đi giám_định riêng gộp
1467,c7-014,47,hr,Trường hợp nào người lao động được giám định tổng hợp mức suy giảm khả năng lao động?,7,BAO_HIEM_TNLD,synthetic,val,trường_hợp nào người lao_động được giám_định tổng_hợp mức suy_giảm khả_năng lao_động
1468,c7-014,47,complaint,"Tôi bị tai nạn lao động hai lần mà cơ quan chỉ giám định lần sau, không cộng dồn, như vậy có đúng không?",7,BAO_HIEM_TNLD,synthetic,val,tai_nạn lao_động hai lần cơ_quan chỉ giám_định lần sau không cộng_dồn như_vậy có đúng không
1469,c7-014,47,short,Giám định tổng hợp khi nào?,7,BAO_HIEM_TNLD,synthetic,val,giám_định tổng_hợp khi nào
1470,c7-015,47,neutral,Sau bao lâu thì người lao động được giám định lại mức suy giảm khả năng lao động khi thương tật tái phát?,7,BAO_HIEM_TNLD,synthetic,test,sau bao_lâu người lao_động được giám_định mức suy_giảm khả_năng lao_động khi thương_tật tái_phát
1471,c7-015,47,worker,"Vết thương cũ của em tái phát nặng hơn, bao lâu sau lần giám định trước thì em được đi giám định lại?",7,BAO_HIEM_TNLD,synthetic,test,vết_thương cũ tái_phát nặng hơn bao_lâu sau lần giám_định trước được đi giám_định
1472,c7-015,47,hr,"Thời hạn tối thiểu để người lao động được giám định lại tai nạn lao động, bệnh nghề nghiệp kể từ lần kết luận liền kề trước đó là bao lâu?",7,BAO_HIEM_TNLD,synthetic,test,thời_hạn tối_thiểu người lao_động được giám_định tai_nạn lao_động bệnh nghề_nghiệp kể lần kết_luận liền kề trước bao_lâu
1473,c7-015,47,complaint,"Thương tật của tôi tái phát mà Hội đồng giám định không cho giám định lại, bảo chưa đủ thời gian, vậy bao lâu mới được giám định lại?",7,BAO_HIEM_TNLD,synthetic,test,thương_tật tái_phát hội_đồng giám_định không giám_định bảo chưa đủ thời_gian bao_lâu mới được giám_định
1474,c7-015,47,short,Giám định lại sau bao lâu?,7,BAO_HIEM_TNLD,synthetic,test,giám_định sau bao_lâu
1475,c7-016,48,neutral,Người lao động bị suy giảm khả năng lao động bao nhiêu phần trăm thì được hưởng trợ cấp một lần từ bảo hiểm?,7,BAO_HIEM_TNLD,synthetic,train,người lao_động suy_giảm khả_năng lao_động bao_nhiêu phần_trăm được hưởng trợ_cấp lần bảo_hiểm
1476,c7-016,48,worker,"Em bị giám định mất 20% sức lao động, vậy bảo hiểm trả một lần hay trả hằng tháng?",7,BAO_HIEM_TNLD,synthetic,train,giám_định mất 20 sức_lao_động bảo_hiểm trả lần trả hằng tháng
1477,c7-016,48,hr,Mức suy giảm khả năng lao động làm căn cứ để người lao động được hưởng trợ cấp tai nạn lao động một lần từ quỹ bảo hiểm là bao nhiêu?,7,BAO_HIEM_TNLD,synthetic,train,mức suy_giảm khả_năng lao_động làm căn_cứ người lao_động được hưởng trợ_cấp tai_nạn lao_động lần quỹ bảo_hiểm bao_nhiêu
1478,c7-016,48,complaint,"Tôi suy giảm 25% mà bảo hiểm xã hội bảo chỉ được trả một cục rồi thôi, như vậy có đúng không?",7,BAO_HIEM_TNLD,synthetic,train,suy_giảm 25 bảo_hiểm_xã_hội bảo chỉ được trả cục thôi như_vậy có đúng không
1479,c7-016,48,short,Suy giảm mấy % hưởng một lần?,7,BAO_HIEM_TNLD,synthetic,train,suy_giảm mấy hưởng lần
1480,c7-017,48,neutral,Mức trợ cấp một lần của bảo hiểm cho người suy giảm 5% khả năng lao động được tính như thế nào?,7,BAO_HIEM_TNLD,synthetic,train,mức trợ_cấp lần bảo_hiểm người suy_giảm 5 khả_năng lao_động được tính như_thế_nào
1481,c7-017,48,worker,"Em bị giám định 10% do dập ngón tay, bảo hiểm trả một lần cho em bao nhiêu lần lương cơ sở?",7,BAO_HIEM_TNLD,synthetic,train,giám_định 10 do dập ngón tay bảo_hiểm trả lần bao_nhiêu lần lương cơ_sở
1482,c7-017,48,hr,Công thức tính trợ cấp một lần theo mức lương cơ sở cho người lao động suy giảm từ 5% đến 30% khả năng lao động được quy định ra sao?,7,BAO_HIEM_TNLD,synthetic,train,công_thức tính trợ_cấp lần mức lương cơ_sở người lao_động suy_giảm 5 đến 30 khả_năng lao_động được quy_định sao
1483,c7-017,48,complaint,"Bảo hiểm xã hội trả trợ cấp một lần cho tôi suy giảm 15% mà tôi thấy ít quá, cách tính đúng là thế nào?",7,BAO_HIEM_TNLD,synthetic,train,bảo_hiểm_xã_hội trả trợ_cấp lần suy_giảm 15 thấy ít quá cách tính đúng
1484,c7-017,48,short,Cách tính trợ cấp một lần,7,BAO_HIEM_TNLD,synthetic,train,cách tính trợ_cấp lần
1485,c7-018,48,neutral,"Ngoài mức trợ cấp theo tỷ lệ suy giảm, trợ cấp một lần còn được cộng thêm khoản nào theo số năm đóng bảo hiểm?",7,BAO_HIEM_TNLD,synthetic,train,ngoài mức trợ_cấp tỷ_lệ suy_giảm trợ_cấp lần còn được cộng thêm khoản nào số năm đóng bảo_hiểm
1486,c7-018,48,worker,"Em đóng bảo hiểm tám năm rồi, bị tai nạn nhận trợ cấp một lần thì có được cộng thêm theo số năm đóng không?",7,BAO_HIEM_TNLD,synthetic,train,đóng bảo_hiểm tám năm tai_nạn nhận trợ_cấp lần có được cộng thêm số năm đóng không
1487,c7-018,48,hr,"Khoản trợ cấp bổ sung tính theo số năm đã đóng vào Quỹ bảo hiểm tai nạn lao động, bệnh nghề nghiệp trong chế độ trợ cấp một lần được xác định thế nào?",7,BAO_HIEM_TNLD,synthetic,train,khoản trợ_cấp bổ_sung tính số năm đóng quỹ bảo_hiểm tai_nạn lao_động bệnh nghề_nghiệp chế_độ trợ_cấp lần được xác_định
1488,c7-018,48,complaint,"Tôi đóng bảo hiểm mười năm mà trợ cấp một lần không được cộng thêm gì theo số năm đóng, tôi có khiếu nại được không?",7,BAO_HIEM_TNLD,synthetic,train,đóng bảo_hiểm mười_năm trợ_cấp lần không được cộng thêm gì số năm đóng có khiếu_nại được không
1489,c7-018,48,short,Trợ cấp một lần cộng theo năm đóng,7,BAO_HIEM_TNLD,synthetic,train,trợ_cấp lần cộng năm đóng
1490,c7-019,49,neutral,Người lao động bị suy giảm khả năng lao động từ 31% trở lên được hưởng trợ cấp gì từ bảo hiểm?,7,BAO_HIEM_TNLD,synthetic,train,người lao_động suy_giảm khả_năng lao_động 31 trở được hưởng trợ_cấp gì bảo_hiểm
1491,c7-019,49,worker,"Em bị cụt một chân do tai nạn ở công trường, giám định 61%, bảo hiểm có trả hằng tháng không?",7,BAO_HIEM_TNLD,synthetic,train,cụt chân do tai_nạn công_trường giám_định 61 bảo_hiểm có trả hằng tháng không
1492,c7-019,49,hr,Người lao động suy giảm khả năng lao động từ 31% trở lên thuộc diện hưởng loại trợ cấp tai nạn lao động nào từ quỹ bảo hiểm?,7,BAO_HIEM_TNLD,synthetic,train,người lao_động suy_giảm khả_năng lao_động 31 trở thuộc diện hưởng loại trợ_cấp tai_nạn lao_động nào quỹ bảo_hiểm
1493,c7-019,49,complaint,"Tôi suy giảm 45% mà bảo hiểm chỉ đưa trợ cấp một lần, không cho hưởng hằng tháng, như vậy có đúng không?",7,BAO_HIEM_TNLD,synthetic,train,suy_giảm 45 bảo_hiểm chỉ đưa trợ_cấp lần không hưởng hằng tháng như_vậy có đúng không
1494,c7-019,49,short,Suy giảm trên 31% hưởng gì?,7,BAO_HIEM_TNLD,synthetic,train,suy_giảm 31 hưởng gì
1495,c7-020,49,neutral,Mức trợ cấp hằng tháng của bảo hiểm tai nạn lao động được tính như thế nào?,7,BAO_HIEM_TNLD,synthetic,train,mức trợ_cấp hằng tháng bảo_hiểm tai_nạn lao_động được tính như_thế_nào
1496,c7-020,49,worker,"Em giám định 50% do tai nạn máy cán, mỗi tháng bảo hiểm trả em bao nhiêu phần trăm lương cơ sở?",7,BAO_HIEM_TNLD,synthetic,train,giám_định 50 do tai_nạn máy_cán mỗi tháng bảo_hiểm trả bao_nhiêu phần_trăm lương cơ_sở
1497,c7-020,49,hr,Công thức tính mức trợ cấp tai nạn lao động hằng tháng theo mức lương cơ sở và theo số năm đóng vào quỹ được quy định thế nào?,7,BAO_HIEM_TNLD,synthetic,train,công_thức tính mức trợ_cấp tai_nạn lao_động hằng tháng mức lương cơ_sở số năm đóng quỹ được quy_định
1498,c7-020,49,complaint,"Trợ cấp hằng tháng bảo hiểm trả cho tôi suy giảm 60% thấp hơn tôi tính, vậy cách tính đúng là thế nào?",7,BAO_HIEM_TNLD,synthetic,train,trợ_cấp hằng tháng bảo_hiểm trả suy_giảm 60 thấp hơn tính cách tính đúng
1499,c7-020,49,short,Cách tính trợ cấp hằng tháng,7,BAO_HIEM_TNLD,synthetic,train,cách tính trợ_cấp hằng tháng
1500,c7-021,49,neutral,Người đang hưởng trợ cấp tai nạn lao động hằng tháng ra nước ngoài định cư thì được giải quyết thế nào?,7,BAO_HIEM_TNLD,synthetic,train,người hưởng trợ_cấp tai_nạn lao_động hằng tháng nước_ngoài định_cư được giải_quyết
1501,c7-021,49,worker,"Em đang lãnh trợ cấp tai nạn hằng tháng mà sắp qua nước ngoài ở luôn, vậy tiền trợ cấp tính sao?",7,BAO_HIEM_TNLD,synthetic,train,lãnh_trợ_cấp tai_nạn hằng tháng sắp qua nước_ngoài luôn tiền trợ_cấp_tính sao
1502,c7-021,49,hr,"Chế độ đối với người đang hưởng trợ cấp tai nạn lao động, bệnh nghề nghiệp hằng tháng khi ra nước ngoài để định cư được quy định ra sao?",7,BAO_HIEM_TNLD,synthetic,train,chế_độ đối_với người hưởng trợ_cấp tai_nạn lao_động bệnh nghề_nghiệp hằng tháng khi nước_ngoài định_cư được quy_định sao
1503,c7-021,49,complaint,"Tôi sắp định cư nước ngoài mà bảo hiểm xã hội bảo cắt luôn trợ cấp tai nạn hằng tháng, không trả gì thêm, vậy có đúng không?",7,BAO_HIEM_TNLD,synthetic,train,sắp định_cư nước_ngoài bảo_hiểm_xã_hội bảo cắt luôn trợ_cấp tai_nạn hằng tháng không trả gì thêm có đúng không
1504,c7-021,49,short,Định cư nước ngoài trợ cấp hằng tháng,7,BAO_HIEM_TNLD,synthetic,train,định_cư nước_ngoài trợ_cấp hằng tháng
1505,c7-022,49,neutral,Người đang hưởng trợ cấp tai nạn lao động hằng tháng chuyển nơi cư trú thì làm sao để nhận trợ cấp ở nơi mới?,7,BAO_HIEM_TNLD,synthetic,train,người hưởng trợ_cấp tai_nạn lao_động hằng tháng chuyển nơi cư_trú làm_sao nhận trợ_cấp nơi mới
1506,c7-022,49,worker,"Em chuyển nhà từ Bình Dương về quê Nghệ An, trợ cấp tai nạn hằng tháng có lãnh ở quê được không?",7,BAO_HIEM_TNLD,synthetic,train,chuyển nhà bình_dương quê_nghệ an_trợ_cấp tai_nạn hằng tháng có lãnh quê được không
1507,c7-022,49,hr,Thủ tục chuyển nơi hưởng trợ cấp tai nạn lao động hằng tháng khi người hưởng chuyển đến nơi cư trú khác trong nước và thời hạn giải quyết là bao lâu?,7,BAO_HIEM_TNLD,synthetic,train,thủ_tục chuyển nơi hưởng trợ_cấp tai_nạn lao_động hằng tháng khi người hưởng chuyển đến_nơi cư_trú khác nước thời_hạn giải_quyết bao_lâu
1508,c7-022,49,complaint,"Tôi nộp đơn xin chuyển nơi nhận trợ cấp tai nạn hằng tháng cả tháng mà bảo hiểm chưa giải quyết, như vậy có quá hạn không?",7,BAO_HIEM_TNLD,synthetic,train,nộp đơn chuyển nơi nhận trợ_cấp tai_nạn hằng tháng cả tháng bảo_hiểm chưa giải_quyết như_vậy có quá hạn không
1509,c7-022,49,short,Chuyển nơi nhận trợ cấp hằng tháng,7,BAO_HIEM_TNLD,synthetic,train,chuyển nơi nhận trợ_cấp hằng tháng
1510,c7-023,50,neutral,Thời điểm hưởng trợ cấp tai nạn lao động từ bảo hiểm được tính từ khi nào?,7,BAO_HIEM_TNLD,synthetic,val,thời_điểm hưởng trợ_cấp tai_nạn lao_động bảo_hiểm được tính khi nào
1511,c7-023,50,worker,"Em ra viện tháng ba mà tháng sáu mới có kết quả giám định, vậy trợ cấp tính từ tháng nào?",7,BAO_HIEM_TNLD,synthetic,val,viện tháng ba tháng sáu mới có kết_quả giám_định trợ_cấp_tính tháng nào
1512,c7-023,50,hr,"Thời điểm bắt đầu hưởng trợ cấp một lần, trợ cấp hằng tháng và trợ cấp phục vụ được xác định kể từ tháng nào?",7,BAO_HIEM_TNLD,synthetic,val,thời_điểm bắt_đầu hưởng trợ_cấp lần trợ_cấp hằng tháng trợ_cấp phục_vụ được xác_định kể tháng nào
1513,c7-023,50,complaint,"Bảo hiểm tính trợ cấp của tôi từ tháng có kết quả giám định chứ không phải từ tháng tôi ra viện, như vậy có đúng không?",7,BAO_HIEM_TNLD,synthetic,val,bảo_hiểm tính trợ_cấp tháng có kết_quả giám_định chứ không phải tháng viện như_vậy có đúng không
1514,c7-023,50,short,Trợ cấp tính từ tháng nào?,7,BAO_HIEM_TNLD,synthetic,val,trợ_cấp_tính tháng nào
1515,c7-024,51,neutral,Người bị tai nạn lao động bị tổn thương chức năng cơ thể có được hỗ trợ tiền mua dụng cụ chỉnh hình không?,7,BAO_HIEM_TNLD,synthetic,test,người tai_nạn lao_động tổn_thương chức_năng cơ_thể có được hỗ_trợ tiền mua dụng_cụ chỉnh_hình không
1516,c7-024,51,worker,"Em bị cụt chân do tai nạn ở xưởng, bảo hiểm có trả tiền mua chân giả cho em không?",7,BAO_HIEM_TNLD,synthetic,test,cụt chân do tai_nạn xưởng bảo_hiểm có trả tiền mua chân giả không
1517,c7-024,51,hr,"Chế độ cấp tiền mua phương tiện trợ giúp sinh hoạt, dụng cụ chỉnh hình theo niên hạn cho người bị tai nạn lao động, bệnh nghề nghiệp được quy định thế nào?",7,BAO_HIEM_TNLD,synthetic,test,chế_độ cấp tiền mua phương_tiện trợ_giúp sinh_hoạt dụng_cụ chỉnh_hình niên_hạn người tai_nạn lao_động bệnh nghề_nghiệp được quy_định
1518,c7-024,51,complaint,"Tôi mất một tay do tai nạn lao động mà không được hỗ trợ tiền mua tay giả, tôi có đòi được không?",7,BAO_HIEM_TNLD,synthetic,test,mất tay do tai_nạn lao_động không được hỗ_trợ tiền mua tay giả có đòi được không
1519,c7-024,51,short,"Hỗ trợ mua chân giả, xe lăn",7,BAO_HIEM_TNLD,synthetic,test,hỗ_trợ mua chân giả xe_lăn
1520,c7-025,52,neutral,Người lao động bị suy giảm khả năng lao động từ 81% trở lên bị liệt cột sống có được hưởng trợ cấp phục vụ không?,7,BAO_HIEM_TNLD,synthetic,test,người lao_động suy_giảm khả_năng lao_động 81 trở liệt cột_sống có được hưởng trợ_cấp phục_vụ không
1521,c7-025,52,worker,"Anh em bị liệt hai chân sau vụ té giàn giáo, ngoài trợ cấp hằng tháng có thêm tiền người chăm sóc không?",7,BAO_HIEM_TNLD,synthetic,test,anh_em liệt hai chân sau vụ té giàn_giáo ngoài trợ_cấp hằng tháng có thêm tiền người chăm_sóc không
1522,c7-025,52,hr,Điều kiện và mức hưởng trợ cấp phục vụ hằng tháng cho người bị tai nạn lao động suy giảm từ 81% trở lên được quy định thế nào?,7,BAO_HIEM_TNLD,synthetic,test,điều_kiện mức hưởng trợ_cấp phục_vụ hằng tháng người tai_nạn lao_động suy_giảm 81 trở được quy_định
1523,c7-025,52,complaint,"Chồng tôi bị mù hai mắt do tai nạn hóa chất, suy giảm 90%, mà bảo hiểm không trả trợ cấp phục vụ, tôi có khiếu nại được không?",7,BAO_HIEM_TNLD,synthetic,test,chồng mù hai mắt do tai_nạn hóa_chất suy_giảm 90 bảo_hiểm không trả trợ_cấp phục_vụ có khiếu_nại được không
1524,c7-025,52,short,Trợ cấp phục vụ là gì?,7,BAO_HIEM_TNLD,synthetic,test,trợ_cấp phục_vụ gì
1525,c7-026,53,neutral,Thân nhân người lao động chết do tai nạn lao động được bảo hiểm trợ cấp bao nhiêu?,7,BAO_HIEM_TNLD,synthetic,train,thân_nhân người lao_động chết do tai_nạn lao_động được bảo_hiểm trợ_cấp bao_nhiêu
1526,c7-026,53,worker,"Ba em chết do điện giật ở công trường, nhà em được bảo hiểm trả bao nhiêu lần lương cơ sở?",7,BAO_HIEM_TNLD,synthetic,train,ba chết do điện_giật công_trường nhà được bảo_hiểm trả bao_nhiêu lần lương cơ_sở
1527,c7-026,53,hr,"Mức trợ cấp một lần từ Quỹ bảo hiểm tai nạn lao động, bệnh nghề nghiệp cho thân nhân người lao động bị chết do tai nạn lao động là bao nhiêu?",7,BAO_HIEM_TNLD,synthetic,train,mức trợ_cấp lần quỹ bảo_hiểm tai_nạn lao_động bệnh nghề_nghiệp thân_nhân người lao_động chết do tai_nạn lao_động bao_nhiêu
1528,c7-026,53,complaint,"Anh tôi chết do tai nạn lao động mà bảo hiểm xã hội chưa trả trợ cấp một lần nào cho gia đình, gia đình tôi được hưởng bao nhiêu?",7,BAO_HIEM_TNLD,synthetic,train,chết do tai_nạn lao_động bảo_hiểm_xã_hội chưa trả trợ_cấp lần nào gia_đình gia_đình được hưởng bao_nhiêu
1529,c7-026,53,short,"Chết do TNLĐ, bảo hiểm trả bao nhiêu?",7,BAO_HIEM_TNLD,synthetic,train,chết do tnlđ bảo_hiểm trả bao_nhiêu
1530,c7-027,53,neutral,Người lao động chết trong thời gian điều trị lần đầu do tai nạn lao động thì thân nhân có được hưởng trợ cấp từ bảo hiểm không?,7,BAO_HIEM_TNLD,synthetic,train,người lao_động chết thời_gian điều_trị lần đầu do tai_nạn lao_động thân_nhân có được hưởng trợ_cấp bảo_hiểm không
1531,c7-027,53,worker,"Chú em bị bỏng nặng ở lò luyện, nằm viện được hai tuần thì mất, vậy nhà có được bảo hiểm trả không?",7,BAO_HIEM_TNLD,synthetic,train,chú bỏng nặng lò_luyện nằm viện được hai tuần mất nhà có được bảo_hiểm trả không
1532,c7-027,53,hr,Trường hợp người lao động chết trong thời gian điều trị lần đầu hoặc chưa được giám định mức suy giảm thì thân nhân có được hưởng trợ cấp tử tuất từ quỹ bảo hiểm không?,7,BAO_HIEM_TNLD,synthetic,train,trường_hợp người lao_động chết thời_gian điều_trị lần đầu chưa được giám_định_mức suy_giảm thân_nhân có được hưởng trợ_cấp tử_tuất quỹ bảo_hiểm không
1533,c7-027,53,complaint,"Bố tôi mất khi đang điều trị tai nạn lao động, chưa kịp giám định, bảo hiểm nói chưa đủ căn cứ để trả, như vậy có đúng không?",7,BAO_HIEM_TNLD,synthetic,train,bố mất khi điều_trị tai_nạn lao_động chưa kịp giám_định bảo_hiểm nói chưa đủ căn_cứ trả như_vậy có đúng không
1534,c7-027,53,short,Chết khi đang điều trị tai nạn,7,BAO_HIEM_TNLD,synthetic,train,chết khi điều_trị tai_nạn
1535,c7-028,53,neutral,"Ngoài trợ cấp một lần, thân nhân người chết do bệnh nghề nghiệp còn được hưởng chế độ gì từ bảo hiểm xã hội?",7,BAO_HIEM_TNLD,synthetic,test,ngoài trợ_cấp lần thân_nhân người chết do bệnh nghề_nghiệp còn được hưởng chế_độ gì bảo_hiểm_xã_hội
1536,c7-028,53,worker,"Mẹ em mất vì bệnh nghề nghiệp, ngoài tiền một lần thì nhà em còn được bảo hiểm trả tiền tử tuất không?",7,BAO_HIEM_TNLD,synthetic,test,mẹ mất vì bệnh nghề_nghiệp ngoài tiền lần nhà còn được bảo_hiểm trả tiền tử_tuất không
1537,c7-028,53,hr,"Thân nhân người lao động chết do tai nạn lao động, bệnh nghề nghiệp có được hưởng chế độ tử tuất theo Luật Bảo hiểm xã hội bên cạnh trợ cấp một lần không?",7,BAO_HIEM_TNLD,synthetic,test,thân_nhân người lao_động chết do tai_nạn lao_động bệnh nghề_nghiệp có được hưởng chế_độ_tử_tuất luật bảo_hiểm_xã_hội bên cạnh trợ_cấp lần không
1538,c7-028,53,complaint,"Chồng tôi chết do bệnh bụi phổi nghề nghiệp mà bảo hiểm chỉ trả tiền một lần, không nói gì về tử tuất, tôi có đòi được không?",7,BAO_HIEM_TNLD,synthetic,test,chồng chết do bệnh bụi phổi nghề_nghiệp bảo_hiểm chỉ trả tiền lần không nói gì tử_tuất có đòi được không
1539,c7-028,53,short,Chế độ tử tuất do bệnh nghề nghiệp,7,BAO_HIEM_TNLD,synthetic,test,chế_độ tử_tuất do bệnh nghề_nghiệp
1540,c7-029,54,neutral,Người lao động sau khi điều trị tai nạn lao động mà sức khỏe chưa phục hồi có được nghỉ dưỡng sức không?,7,BAO_HIEM_TNLD,synthetic,train,người lao_động sau khi điều_trị tai_nạn lao_động sức_khỏe chưa phục_hồi có được nghỉ dưỡng_sức không
1541,c7-029,54,worker,"Em đi làm lại sau vụ gãy tay được hai tuần mà còn yếu lắm, có được nghỉ dưỡng sức không?",7,BAO_HIEM_TNLD,synthetic,train,đi làm_lại sau vụ gãy tay được hai tuần mà_còn yếu lắm có được nghỉ dưỡng_sức không
1542,c7-029,54,hr,"Điều kiện để người lao động được nghỉ dưỡng sức, phục hồi sức khỏe sau khi điều trị ổn định thương tật do tai nạn lao động là gì?",7,BAO_HIEM_TNLD,synthetic,train,điều_kiện người lao_động được nghỉ dưỡng_sức phục_hồi_sức khỏe sau khi điều_trị ổn_định thương_tật do tai_nạn lao_động gì
1543,c7-029,54,complaint,"Tôi quay lại làm sau tai nạn mà sức khỏe chưa hồi phục, xin nghỉ dưỡng sức thì bị từ chối, tôi có quyền được nghỉ không?",7,BAO_HIEM_TNLD,synthetic,train,quay làm sau tai_nạn sức_khỏe chưa hồi_phục nghỉ dưỡng_sức từ_chối có quyền được nghỉ không
1544,c7-029,54,short,Nghỉ dưỡng sức sau tai nạn,7,BAO_HIEM_TNLD,synthetic,train,nghỉ dưỡng_sức sau tai_nạn
1545,c7-030,54,neutral,Số ngày nghỉ dưỡng sức sau tai nạn lao động tối đa là bao nhiêu và mỗi ngày được hưởng bao nhiêu tiền?,7,BAO_HIEM_TNLD,synthetic,train,số ngày nghỉ dưỡng_sức sau tai_nạn lao_động tối_đa bao_nhiêu mỗi ngày được hưởng bao_nhiêu tiền
1546,c7-030,54,worker,"Em suy giảm 40% sau tai nạn, được nghỉ dưỡng sức mấy ngày, mỗi ngày bảo hiểm trả nhiêu tiền?",7,BAO_HIEM_TNLD,synthetic,train,suy_giảm 40 sau tai_nạn được nghỉ dưỡng_sức mấy ngày mỗi ngày bảo_hiểm trả nhiêu tiền
1547,c7-030,54,hr,"Thời gian nghỉ dưỡng sức, phục hồi sức khỏe tối đa theo từng mức suy giảm khả năng lao động và mức hưởng một ngày được quy định thế nào?",7,BAO_HIEM_TNLD,synthetic,train,thời_gian nghỉ dưỡng_sức phục_hồi_sức khỏe tối_đa từng mức suy_giảm khả_năng lao_động mức hưởng ngày được quy_định
1548,c7-030,54,complaint,"Tôi suy giảm 55% mà chỉ được cho nghỉ dưỡng sức ba ngày, như vậy có ít hơn mức luật định không?",7,BAO_HIEM_TNLD,synthetic,train,suy_giảm 55 chỉ được nghỉ dưỡng_sức ba ngày như_vậy có ít hơn mức luật_định không
1549,c7-030,54,short,Nghỉ dưỡng sức mấy ngày?,7,BAO_HIEM_TNLD,synthetic,train,nghỉ dưỡng_sức mấy ngày
1550,c7-031,55,neutral,Người bị tai nạn lao động phải chuyển đổi nghề nghiệp có được hỗ trợ học phí không?,7,BAO_HIEM_TNLD,synthetic,train,người tai_nạn lao_động phải chuyển_đổi nghề_nghiệp có được hỗ_trợ học_phí không
1551,c7-031,55,worker,"Em mất hai ngón tay nên phải học nghề khác trong công ty, bảo hiểm có hỗ trợ tiền học không?",7,BAO_HIEM_TNLD,synthetic,train,mất hai ngón tay nên phải học nghề khác công_ty bảo_hiểm có hỗ_trợ tiền học không
1552,c7-031,55,hr,Mức hỗ trợ học phí chuyển đổi nghề nghiệp cho người bị tai nạn lao động khi trở lại làm việc và số lần hỗ trợ tối đa được quy định thế nào?,7,BAO_HIEM_TNLD,synthetic,train,mức hỗ_trợ học_phí chuyển_đổi nghề_nghiệp người tai_nạn lao_động khi trở_lại làm_việc số lần hỗ_trợ tối_đa được quy_định
1553,c7-031,55,complaint,"Tôi phải học nghề mới sau tai nạn mà không được hỗ trợ học phí chuyển đổi nghề, tôi có đề nghị được không?",7,BAO_HIEM_TNLD,synthetic,train,phải học nghề mới sau tai_nạn không được hỗ_trợ học_phí chuyển_đổi nghề có đề_nghị được không
1554,c7-031,55,short,Hỗ trợ học phí chuyển đổi nghề,7,BAO_HIEM_TNLD,synthetic,train,hỗ_trợ học_phí chuyển_đổi nghề
1555,c7-032,56,neutral,"Quỹ bảo hiểm tai nạn lao động hỗ trợ những hoạt động phòng ngừa, chia sẻ rủi ro nào?",7,BAO_HIEM_TNLD,synthetic,train,quỹ bảo_hiểm tai_nạn lao_động hỗ_trợ hoạt_động phòng_ngừa chia_sẻ rủi_ro nào
1556,c7-032,56,worker,"Nghe nói quỹ bảo hiểm tai nạn có hỗ trợ tiền cho công ty làm công tác phòng ngừa, đúng không anh?",7,BAO_HIEM_TNLD,synthetic,train,nghe nói quỹ bảo_hiểm tai_nạn có hỗ_trợ tiền công_ty làm công_tác phòng_ngừa đúng không
1557,c7-032,56,hr,"Tỷ lệ nguồn thu và các hoạt động phòng ngừa, chia sẻ rủi ro về tai nạn lao động, bệnh nghề nghiệp được quỹ hỗ trợ gồm những gì?",7,BAO_HIEM_TNLD,synthetic,train,tỷ_lệ nguồn thu hoạt_động phòng_ngừa chia_sẻ rủi_ro tai_nạn lao_động bệnh nghề_nghiệp được quỹ hỗ_trợ gồm gì
1558,c7-032,56,complaint,"Công ty tôi xin quỹ bảo hiểm hỗ trợ chi phí khám bệnh nghề nghiệp mà bị từ chối, vậy quỹ hỗ trợ những hoạt động phòng ngừa nào?",7,BAO_HIEM_TNLD,synthetic,train,công_ty quỹ bảo_hiểm hỗ_trợ chi_phí khám bệnh nghề_nghiệp từ_chối quỹ hỗ_trợ hoạt_động phòng_ngừa nào
1559,c7-032,56,short,Quỹ hỗ trợ phòng ngừa tai nạn,7,BAO_HIEM_TNLD,synthetic,train,quỹ hỗ_trợ phòng_ngừa tai_nạn
1560,c7-033,57,neutral,Hồ sơ hưởng chế độ tai nạn lao động gồm những giấy tờ gì?,7,BAO_HIEM_TNLD,synthetic,val,hồ_sơ hưởng chế_độ tai_nạn lao_động gồm giấy_tờ gì
1561,c7-033,57,worker,Em bị tai nạn ở xưởng giờ muốn làm hồ sơ lãnh tiền bảo hiểm thì cần giấy tờ gì?,7,BAO_HIEM_TNLD,synthetic,val,tai_nạn xưởng giờ muốn làm hồ_sơ lãnh tiền bảo_hiểm cần giấy_tờ gì
1562,c7-033,57,hr,Thành phần hồ sơ đề nghị hưởng chế độ tai nạn lao động từ quỹ bảo hiểm gồm những tài liệu nào?,7,BAO_HIEM_TNLD,synthetic,val,thành_phần hồ_sơ đề_nghị hưởng chế_độ tai_nạn lao_động quỹ bảo_hiểm gồm tài_liệu nào
1563,c7-033,57,complaint,"Bảo hiểm xã hội trả hồ sơ tai nạn lao động của tôi vì thiếu giấy, vậy hồ sơ phải có những giấy tờ gì?",7,BAO_HIEM_TNLD,synthetic,val,bảo_hiểm_xã_hội trả hồ_sơ tai_nạn lao_động vì thiếu giấy hồ_sơ phải có giấy_tờ gì
1564,c7-033,57,short,Hồ sơ hưởng chế độ TNLĐ,7,BAO_HIEM_TNLD,synthetic,val,hồ_sơ hưởng chế_độ tnlđ
1565,c7-034,57,neutral,Người bị tai nạn lao động điều trị nội trú cần nộp giấy ra viện trong hồ sơ hưởng chế độ không?,7,BAO_HIEM_TNLD,synthetic,val,người tai_nạn lao_động điều_trị nội_trú cần nộp giấy viện hồ_sơ hưởng chế_độ không
1566,c7-034,57,worker,"Em nằm viện một tuần sau tai nạn, làm hồ sơ bảo hiểm thì có cần kèm giấy ra viện không?",7,BAO_HIEM_TNLD,synthetic,val,nằm viện tuần sau tai_nạn làm hồ_sơ bảo_hiểm có cần kèm giấy viện không
1567,c7-034,57,hr,"Đối với trường hợp điều trị nội trú, giấy ra viện hoặc trích sao hồ sơ bệnh án có phải là thành phần bắt buộc trong hồ sơ hưởng chế độ tai nạn lao động không?",7,BAO_HIEM_TNLD,synthetic,val,đối_với trường_hợp điều_trị nội_trú giấy viện trích sao hồ_sơ bệnh_án có phải thành_phần bắt_buộc hồ_sơ hưởng chế_độ tai_nạn lao_động không
1568,c7-034,57,complaint,"Tôi làm mất giấy ra viện nên bảo hiểm không nhận hồ sơ tai nạn lao động, vậy tôi có thể thay bằng giấy tờ nào?",7,BAO_HIEM_TNLD,synthetic,val,làm mất giấy viện nên bảo_hiểm không nhận hồ_sơ tai_nạn lao_động thay bằng giấy_tờ nào
1569,c7-034,57,short,Giấy ra viện trong hồ sơ tai nạn,7,BAO_HIEM_TNLD,synthetic,val,giấy viện hồ_sơ tai_nạn
1570,c7-035,58,neutral,Hồ sơ hưởng chế độ bệnh nghề nghiệp gồm những giấy tờ gì?,7,BAO_HIEM_TNLD,synthetic,train,hồ_sơ hưởng chế_độ bệnh nghề_nghiệp gồm giấy_tờ gì
1571,c7-035,58,worker,"Em bị bụi phổi nghề nghiệp, muốn làm hồ sơ bảo hiểm thì cần chuẩn bị giấy gì?",7,BAO_HIEM_TNLD,synthetic,train,bụi phổi nghề_nghiệp muốn làm hồ_sơ bảo_hiểm cần chuẩn_bị giấy gì
1572,c7-035,58,hr,"Thành phần hồ sơ đề nghị hưởng chế độ bệnh nghề nghiệp từ quỹ bảo hiểm, kể cả trường hợp không điều trị nội trú, gồm những tài liệu nào?",7,BAO_HIEM_TNLD,synthetic,train,thành_phần hồ_sơ đề_nghị hưởng chế_độ bệnh nghề_nghiệp quỹ bảo_hiểm kể_cả trường_hợp không điều_trị nội_trú gồm tài_liệu nào
1573,c7-035,58,complaint,"Tôi không nằm viện điều trị bệnh nghề nghiệp nên không có giấy ra viện, bảo hiểm không nhận hồ sơ, vậy tôi phải nộp giấy gì thay thế?",7,BAO_HIEM_TNLD,synthetic,train,không nằm viện điều_trị bệnh nghề_nghiệp nên không có giấy viện bảo_hiểm không nhận hồ_sơ phải nộp giấy gì thay_thế
1574,c7-035,58,short,Hồ sơ hưởng chế độ bệnh nghề nghiệp,7,BAO_HIEM_TNLD,synthetic,train,hồ_sơ hưởng chế_độ bệnh nghề_nghiệp
1575,c7-036,59,neutral,Người sử dụng lao động phải nộp hồ sơ hưởng chế độ bảo hiểm tai nạn lao động cho cơ quan bảo hiểm trong thời hạn bao lâu?,7,BAO_HIEM_TNLD,synthetic,train,người sử_dụng lao_động phải nộp hồ_sơ hưởng chế_độ bảo_hiểm tai_nạn lao_động cơ_quan bảo_hiểm thời_hạn bao_lâu
1576,c7-036,59,worker,"Em đưa đủ giấy tờ cho phòng nhân sự rồi, công ty có mấy ngày để nộp lên bảo hiểm vậy?",7,BAO_HIEM_TNLD,synthetic,train,đưa đủ giấy_tờ phòng nhân_sự công_ty có mấy ngày nộp bảo_hiểm
1577,c7-036,59,hr,"Thời hạn người sử dụng lao động nộp hồ sơ hưởng chế độ bảo hiểm tai nạn lao động, bệnh nghề nghiệp cho cơ quan bảo hiểm xã hội kể từ khi nhận đủ hồ sơ là bao nhiêu ngày?",7,BAO_HIEM_TNLD,synthetic,train,thời_hạn người sử_dụng lao_động nộp hồ_sơ hưởng chế_độ bảo_hiểm tai_nạn lao_động bệnh nghề_nghiệp cơ_quan bảo_hiểm_xã_hội kể khi nhận đủ hồ_sơ bao_nhiêu ngày
1578,c7-036,59,complaint,"Tôi nộp đủ hồ sơ cho công ty hai tháng rồi mà công ty chưa chuyển lên bảo hiểm xã hội, như vậy có quá thời hạn không?",7,BAO_HIEM_TNLD,synthetic,train,nộp đủ hồ_sơ công_ty hai tháng công_ty chưa chuyển bảo_hiểm_xã_hội như_vậy có quá thời_hạn không
1579,c7-036,59,short,Hạn công ty nộp hồ sơ bảo hiểm,7,BAO_HIEM_TNLD,synthetic,train,hạn công_ty nộp hồ_sơ bảo_hiểm
1580,c7-037,59,neutral,Cơ quan bảo hiểm xã hội phải giải quyết chế độ tai nạn lao động trong thời hạn bao lâu?,7,BAO_HIEM_TNLD,synthetic,train,cơ_quan bảo_hiểm_xã_hội phải giải_quyết chế_độ tai_nạn lao_động thời_hạn bao_lâu
1581,c7-037,59,worker,"Hồ sơ tai nạn của em nộp lên bảo hiểm rồi, bao lâu thì bên đó phải giải quyết cho em?",7,BAO_HIEM_TNLD,synthetic,train,hồ_sơ tai_nạn nộp bảo_hiểm bao_lâu bên phải giải_quyết
1582,c7-037,59,hr,"Thời hạn cơ quan bảo hiểm xã hội giải quyết hưởng chế độ bảo hiểm tai nạn lao động, bệnh nghề nghiệp kể từ ngày nhận đủ hồ sơ là bao lâu?",7,BAO_HIEM_TNLD,synthetic,train,thời_hạn cơ_quan bảo_hiểm_xã_hội giải_quyết hưởng chế_độ bảo_hiểm tai_nạn lao_động bệnh nghề_nghiệp kể ngày nhận đủ hồ_sơ bao_lâu
1583,c7-037,59,complaint,"Bảo hiểm xã hội nhận đủ hồ sơ của tôi cả tháng mà không giải quyết cũng không trả lời bằng văn bản, tôi có khiếu nại được không?",7,BAO_HIEM_TNLD,synthetic,train,bảo_hiểm_xã_hội nhận đủ hồ_sơ cả tháng không giải_quyết không trả_lời bằng văn_bản có khiếu_nại được không
1584,c7-037,59,short,Bảo hiểm giải quyết mấy ngày?,7,BAO_HIEM_TNLD,synthetic,train,bảo_hiểm giải_quyết mấy ngày
1585,c7-038,60,neutral,"Thủ tục giải quyết trợ cấp dưỡng sức, phục hồi sức khỏe sau tai nạn lao động được thực hiện thế nào?",7,BAO_HIEM_TNLD,synthetic,train,thủ_tục giải_quyết trợ_cấp dưỡng_sức phục_hồi_sức khỏe sau tai_nạn lao_động được thực_hiện
1586,c7-038,60,worker,"Em được duyệt nghỉ dưỡng sức rồi, tiền dưỡng sức bảo hiểm chuyển về công ty thì bao lâu công ty phải đưa em?",7,BAO_HIEM_TNLD,synthetic,train,được duyệt nghỉ dưỡng_sức tiền dưỡng_sức bảo_hiểm chuyển công_ty bao_lâu công_ty phải đưa
1587,c7-038,60,hr,"Trình tự lập danh sách, nộp cơ quan bảo hiểm xã hội và chi trả tiền trợ cấp dưỡng sức, phục hồi sức khỏe sau tai nạn lao động được quy định ra sao?",7,BAO_HIEM_TNLD,synthetic,train,trình_tự lập danh_sách nộp cơ_quan bảo_hiểm_xã_hội chi_trả tiền trợ_cấp dưỡng_sức phục_hồi_sức khỏe sau tai_nạn lao_động được quy_định sao
1588,c7-038,60,complaint,"Bảo hiểm đã chuyển tiền dưỡng sức về công ty mà công ty giữ cả tháng chưa trả cho tôi, như vậy có đúng thời hạn không?",7,BAO_HIEM_TNLD,synthetic,train,bảo_hiểm chuyển tiền dưỡng_sức công_ty công_ty giữ cả tháng chưa trả như_vậy có đúng thời_hạn không
1589,c7-038,60,short,Thủ tục trợ cấp dưỡng sức,7,BAO_HIEM_TNLD,synthetic,train,thủ_tục trợ_cấp dưỡng_sức
1590,c7-039,61,neutral,Cơ quan bảo hiểm giải quyết chế độ tai nạn lao động chậm so với thời hạn thì phải chịu trách nhiệm gì?,7,BAO_HIEM_TNLD,synthetic,train,cơ_quan bảo_hiểm giải_quyết chế_độ tai_nạn lao_động chậm so thời_hạn phải chịu trách_nhiệm gì
1591,c7-039,61,worker,"Bảo hiểm trả tiền tai nạn cho em trễ mấy tháng làm em khốn đốn, vậy họ có phải đền không?",7,BAO_HIEM_TNLD,synthetic,train,bảo_hiểm trả tiền tai_nạn trễ mấy tháng làm khốn_đốn họ có phải đền không
1592,c7-039,61,hr,"Trách nhiệm giải trình và bồi thường khi giải quyết hưởng chế độ bảo hiểm tai nạn lao động, bệnh nghề nghiệp chậm so với thời hạn quy định được xác định thế nào?",7,BAO_HIEM_TNLD,synthetic,train,trách_nhiệm giải_trình bồi_thường khi giải_quyết hưởng chế_độ bảo_hiểm tai_nạn lao_động bệnh nghề_nghiệp chậm so thời_hạn quy_định được xác_định
1593,c7-039,61,complaint,"Hồ sơ bảo hiểm tai nạn lao động của tôi bị giải quyết chậm gây thiệt hại, tôi có kiện đòi bồi thường được không?",7,BAO_HIEM_TNLD,synthetic,train,hồ_sơ bảo_hiểm tai_nạn lao_động giải_quyết chậm gây thiệt_hại có kiện đòi bồi_thường được không
1594,c7-039,61,short,Giải quyết chế độ chậm có bồi thường?,7,BAO_HIEM_TNLD,synthetic,train,giải_quyết chế_độ chậm có bồi_thường
1595,c7-040,62,neutral,"Hồ sơ, trình tự khám giám định mức suy giảm khả năng lao động để hưởng chế độ bảo hiểm do cơ quan nào quy định?",7,BAO_HIEM_TNLD,synthetic,train,hồ_sơ trình_tự khám giám_định_mức suy_giảm khả_năng lao_động hưởng chế_độ bảo_hiểm do cơ_quan nào quy_định
1596,c7-040,62,worker,"Đi giám định thương tật để lãnh bảo hiểm thì thủ tục ai quy định, em phải hỏi ở đâu?",7,BAO_HIEM_TNLD,synthetic,train,đi giám_định thương_tật lãnh bảo_hiểm thủ_tục ai quy_định phải đâu
1597,c7-040,62,hr,"Cơ quan có thẩm quyền quy định hồ sơ, trình tự khám giám định mức suy giảm khả năng lao động và yêu cầu về tính chính xác của Hội đồng giám định y khoa là gì?",7,BAO_HIEM_TNLD,synthetic,train,cơ_quan có thẩm_quyền quy_định hồ_sơ trình_tự khám giám_định_mức suy_giảm khả_năng lao_động yêu_cầu tính chính_xác hội_đồng giám_định y_khoa gì
1598,c7-040,62,complaint,"Tôi nghi Hội đồng giám định y khoa đánh giá sai mức suy giảm của tôi, vậy ai chịu trách nhiệm về tính chính xác của kết quả giám định?",7,BAO_HIEM_TNLD,synthetic,train,nghi_hội_đồng giám_định y_khoa đánh_giá sai mức suy_giảm ai chịu trách_nhiệm tính chính_xác kết_quả giám_định
1599,c7-040,62,short,Thủ tục khám giám định thương tật,7,BAO_HIEM_TNLD,synthetic,train,thủ_tục khám giám_định thương_tật
