row,question,answer_excerpt,url,decision,article_id,note,annotation_source,review_status
0,"Tôi xin hỏi, người lao động bị tai nạn lao động lần thứ nhất mức suy giảm khả năng lao động là 41%, lần thứ hai bị tai nạn lao động mức suy giảm khả năng lao động là 40%, tổng hai lần tai nạn lao động mức suy giảm khả năng lao động là 65% thì số ngày nghỉ dưỡng sức, phục hồi sức khỏe sau lần tai nạn lao động thứ hai được tính trên tỷ lệ 40% hay 65%?","Bảo hiểm xã hội tỉnh Thái Nguyên trả lời vấn đề này như sau: Tại Điều 54 Luật An toàn, vệ sinh lao động số 84/2015/QH13 quy định về chế độ dưỡng sức, phục hồi sức khỏe sau khi điều trị thương tật, bệnh tật. Theo đó, người lao động sau khi điều trị ổn định thương tật do tai nạn lao động hoặc bệnh tật do bệnh nghề nghiệp, trong thời gian 30 ngày đầu trở lại làm việc mà sức khỏe chưa phục hồi thì được nghỉ dưỡng sức, phục hồi sức khỏe từ 05 ngày đến 10 ngày đối với mỗi lần bị tai nạn lao động hoặc bệnh nghề nghiệp. Tại khoản 2 Điều 54 Luật An toàn, vệ sinh lao động quy định số ngày nghỉ dưỡng sức, phục hồi sức khỏe do người sử dụng lao động và Ban Chấp hành công đoàn cơ sở quyết định. Trường hợp đơn vị chưa thành lập công đoàn cơ sở thì do người sử dụng lao động quyết định. Thời gian nghỉ tối đa là 10 ngày đối với trường hợp người lao động bị tai nạn lao động hoặc bệnh nghề nghiệp có mức suy giảm khả năng lao động từ 51% trở lên. Đồng thời, tại điểm b khoản 2 Điều 47 Luật An toàn, vệ sinh lao động quy định người lao động được giám định tổng hợp mức suy giảm khả năng lao động khi bị tai nạn lao động nhiều lần. Kết luận của Hội đồng Giám định y khoa về mức suy giảm khả năng lao động tổng hợp là căn cứ để giải quyết các chế độ bảo hiểm tai nạn lao động, bệnh nghề nghiệp theo quy định, trong đó có chế độ dưỡng sức, phục hồi sức khỏe sau tai nạn lao động. Căn cứ các quy định nêu trên và thông tin ông cung cấp, trường hợp người lao động bị tai nạn lao động nhiều lần và đã được Hội đồn",https://chinhsachonline.chinhphu.vn/can-cu-tinh-ngay-nghi-duong-suc-sau-tai-nan-lao-dong-91626.htm,in_scope,54,"AI hỗ trợ (Codex); chưa xác nhận bởi người. Trọng tâm là số ngày dưỡng sức sau điều trị TNLĐ; Điều 47 là căn cứ giám định bổ trợ, không phải một yêu cầu độc lập.",ai_assisted,proposed
1,"Tôi xin hỏi, sinh viên có cha mẹ chết do bị tai nạn lao động, gia đình có quyết định được nhận trợ cấp tuất 1 lần của BHXH thì sinh viên đó có thuộc đối tượng giảm học phí 50% theo Nghị định số 238/2025/NĐ-CP không?","Bộ Giáo dục và Đào tạo trả lời vấn đề này như sau: Khoản 3 Điều 18 Nghị định số 238/2025/NĐ-CP quy định hồ sơ thủ tục, trình tự thực hiện miễn giảm học phí, hỗ trợ chi phí học tập, hỗ trợ tiền đóng học phí đối với người học tại các cơ sở giáo dục mầm non, giáo dục phổ thông, giáo dục thường xuyên, giáo dục nghề nghiệp và giáo dục đại học yêu cầu Quyết định hưởng trợ cấp hằng tháng của cha hoặc mẹ bị tai nạn lao động hoặc mắc bệnh nghề nghiệp do cơ quan BHXH cấp áp dụng đối với đối tượng quy định tại khoản 2 Điều 16 Nghị định số 238/2025/NĐ-CP. Như vậy, trường hợp sinh viên có phụ huynh bị tai nạn lao động mất và có Quyết định nhận trợ cấp tuất 1 lần của BHXH tỉnh thì không thuộc đối tượng thụ hưởng chính sách giảm 50% học phí theo quy định của Nghị định số 238/2025/NĐ-CP.",https://chinhsachonline.chinhphu.vn/sinh-vien-duoc-giam-50-hoc-phi-can-co-dieu-kien-gi-89189.htm,out_of_scope,,"AI hỗ trợ (Codex); chưa xác nhận bởi người. Hỏi học phí hoặc ưu tiên giáo dục; TNLĐ/nghề độc hại chỉ là bối cảnh, căn cứ trả lời thuộc chính sách giáo dục.",ai_assisted,proposed
2,"Tôi xin hỏi, BHXH bắt buộc khác BHXH tự nguyện như thế nào? Tôi đóng BHXH tự nguyện thì có được thanh toán BHXH bắt buộc mà ông đã tham gia 1 năm trước đó không?","Bảo hiểm xã hội Việt Nam trả lời vấn đề này như sau: Theo quy định của Luật BHXH năm 2024 , BHXH là loại hình BHXH do Nhà nước tổ chức (bao gồm cả BHXH bắt buộc và BHXH tự nguyện), tuy nhiên, BHXH bắt buộc và BHXH tự nguyện có những quy định khác nhau như sau: Đối tượng tham gia - Đối tượng tham gia BHXH bắt buộc được quy định tại khoản 1, 2, 3 Điều 2 Luật BHXH năm 2024 và người lao động, người sử dụng lao động thuộc đối tượng tham gia BHXH bắt buộc phải tham gia. - Đối tượng tham gia BHXH tự nguyện là công dân Việt Nam từ 15 tuổi trở lên, không thuộc đối tượng tham gia BHXH bắt buộc, không phải là người đang hưởng lương hưu, trợ cấp BHXH, trợ cấp hằng tháng và được quy định tại khoản 4 Điều 2 Luật BHXH năm 2024. Các chế độ BHXH - Theo quy định tại khoản 2 Điều 4 Luật BHXH năm 2024, BHXH bắt buộc có các chế độ: ốm đau; thai sản; hưu trí; tử tuất; bảo hiểm tai nạn lao động, bệnh nghề nghiệp theo quy định của Luật An toàn, vệ sinh lao động. - Theo quy định tại khoản 3 Điều 4 Luật BHXH năm 2024, BHXH tự nguyện có các chế độ: trợ cấp thai sản; hưu trí; tử tuất; bảo hiểm tai nạn lao động theo quy định của Luật An toàn, vệ sinh lao động. Căn cứ đóng BHXH - Theo quy định tại khoản 1 Điều 31 Luật BHXH năm 2024, tiền lương làm căn cứ đóng BHXH bắt buộc được quy định như sau: Người lao động thuộc đối tượng thực hiện chế độ tiền lương do Nhà nước quy định thì tiền lương làm căn cứ đóng BHXH là tiền lương tháng theo chức vụ, chức danh, ngạch, bậc, cấp bậc quân hàm và các khoản phụ cấp ch",https://chinhsachonline.chinhphu.vn/bhxh-bat-buoc-va-tu-nguyen-khac-nhau-the-nao-88646.htm,out_of_scope,,AI hỗ trợ (Codex); chưa xác nhận bởi người. So sánh BHXH bắt buộc/tự nguyện và giải quyết quá trình đóng BHXH; không phải riêng chế độ TNLĐ-BNN.,ai_assisted,proposed
3,"Nghị định số 238/2025/NĐ-CP quy định học sinh, sinh viên trong các cơ sở giáo dục nghề nghiệp, cơ sở giáo dục đại học có cha hoặc mẹ bị tai nạn lao động hoặc mắc bệnh nghề nghiệp được hưởng trợ cấp thường xuyên, thuộc đối tượng được giảm 50% học phí. Tôi xin hỏi, sinh viên có bố bị tai nạn lao động chết và con có quyết định hưởng chế độ tử tuất hằng tháng của BHXH tỉnh thì có được giảm 50% học phí không?","Bộ Giáo dục và Đào tạo trả lời vấn đề này như sau: Khoản 3 Điều 18 Nghị định số 238/2025/NĐ-CP quy định hồ sơ thủ tục, trình tự thực hiện miễn giảm học phí, hỗ trợ chi phí học tập, hỗ trợ tiền đóng học phí đối với người học tại các cơ sở giáo dục mầm non, giáo dục phổ thông, giáo dục thường xuyên, giáo dục nghề nghiệp và giáo dục đại học yêu cầu Quyết định hưởng trợ cấp hằng tháng của cha hoặc mẹ bị tai nạn lao động hoặc mắc bệnh nghề nghiệp do cơ quan BHXH cấp áp dụng đối với đối tượng quy định tại khoản 2 Điều 16 Nghị định số 238/2025/NĐ-CP. Như vậy, trường hợp sinh viên có bố bị tai nạn lao động mất và có Quyết định hưởng chế độ tử tuất hằng tháng của BHXH tỉnh thì không thuộc đối tượng thụ hưởng chính sách giảm 50% học phí theo quy định của Nghị định số 238/2025/NĐ-CP.",https://chinhsachonline.chinhphu.vn/dang-huong-tro-cap-tuat-sinh-vien-co-duoc-giam-hoc-phi-88192.htm,out_of_scope,,"AI hỗ trợ (Codex); chưa xác nhận bởi người. Hỏi học phí hoặc ưu tiên giáo dục; TNLĐ/nghề độc hại chỉ là bối cảnh, căn cứ trả lời thuộc chính sách giáo dục.",ai_assisted,proposed
4,"Tôi ký hợp đồng lao động tại 2 công ty khác nhau. Công ty đầu tiên, làm việc theo giờ hành chính, tham gia BHXH bắt buộc. Công ty thứ hai, ký hợp đồng làm việc ngoài giờ với mức lương 2.000.000 đồng/tháng. Xin hỏi, công ty thứ hai tôi tham gia bảo hiểm tai nạn lao động, bệnh nghề nghiệp, ốm đau, thai sản… như thế nào? Mức bao nhiêu?","Bảo hiểm xã hội TP. Hà Nội trả lời vấn đề này như sau: Điểm a khoản 5 Điều 2 Luật BHXH năm 2024 quy định người lao động giao kết hợp đồng lao động với nhiều người sử dụng lao động thì tham gia BHXH bắt buộc theo hợp đồng lao động giao kết đầu tiên. Điểm l khoản 1 Điều 2 Luật BHXH năm 2024 quy định đối tượng quy định tại điểm a khoản này làm việc không trọn thời gian, có tiền lương trong tháng bằng hoặc cao hơn tiền lương làm căn cứ đóng BHXH bắt buộc thấp nhất thuộc đối tượng tham gia BHXH. Điều 139 Luật BHXH năm 2024 quy định: ""Luật An toàn, vệ sinh lao động số 84/2015/QH13 sửa đổi, bổ sung khoản 1 Điều 43 như sau: l. Đối tượng áp dụng chế độ bảo hiểm tai nạn lao động, bệnh nghề nghiệp theo quy định tại Mục này là người lao động tham gia bảo hiểm xã hội bắt buộc theo quy định tại các điểm a, b, c, d, đ, e, i và l khoản 1 Điều 2 và người sử dụng lao động quy định tại khoản 3 Điều 2 của Luật Bảo hiểm xã hội"". Như vậy, bà thuộc trường hợp đóng BHXH bắt buộc, BHTNLĐ-BNN theo hợp đồng lao động giao kết đầu tiên. Hợp đồng lao động tại công ty thứ hai với mức lương 2.000.000 đồng/tháng là mức lương thấp hơn mức đóng BHXH bắt buộc thấp nhất (thấp hơn 2.340.000 đồng) nên bà không thuộc đối tượng đóng BHXH bắt buộc và không phải đóng BHTNLĐ-BNN.",https://chinhsachonline.chinhphu.vn/ky-2-hop-dong-lao-dong-dong-bhxh-the-nao-85130.htm,in_scope,43,"AI hỗ trợ (Codex); chưa xác nhận bởi người. [CẦN RÀ SOÁT] Trọng tâm theo trả lời nguồn là đối tượng tham gia BH TNLĐ khi có nhiều hợp đồng và làm không trọn thời gian. Câu còn nhắc ốm đau, thai sản và mức đóng; cần người chốt ranh giới với multi_intent/out_of_scope.",ai_assisted,needs_review
5,"Tôi bị tai nạn lao động, mất 4 ngón của bàn tay phải, chỉ còn lại ngón cái. Xin hỏi, theo Thông tư số 36/2024/TT-BYT về tiêu chuẩn sức khỏe thì tôi có đủ điều kiện để thi cấp Bằng lái xe hạng A1 không?","Bộ Y tế trả lời vấn đề này như sau: Khoản 4 Điều 2 Thông tư số 36/2024/TT-BYT ngày 26/11/2024 của Bộ trưởng Bộ Y tế quy định về tiêu chuẩn sức khỏe, việc khám sức khỏe đối với người lái xe, người điều khiển xe máy chuyên dùng; việc khám sức khỏe định kỳ đối với người hành nghề lái xe ô tô; cơ sở dữ liệu về sức khỏe của người lái xe, người điều khiển xe máy chuyên dùng quy định: ""Việc khám sức khỏe đối với người khuyết tật đề nghị cấp giấy phép lái xe hạng A1 hoặc cấp giấy phép lái xe hạng B quy định tại khoản 2 Điều 57 Luật Trật tự, an toàn giao thông đường bộ: Áp dụng tiêu chuẩn sức khỏe quy định tại Phụ lục I ban hành kèm theo Thông tư này để khám sức khỏe nhưng không phải khám chuyên khoa Cơ Xương Khớp"". Trường hợp ông là người khuyết tật áp dụng theo khoản 4 Điều 2 Thông tư số 36/2024/TT-BYT nêu trên.",https://chinhsachonline.chinhphu.vn/bi-khuyet-tat-mat-ngon-tay-co-duoc-thi-bang-lai-xe-83903.htm,out_of_scope,,AI hỗ trợ (Codex); chưa xác nhận bởi người. Hỏi tiêu chuẩn sức khỏe cấp giấy phép lái xe; tai nạn chỉ là hoàn cảnh.,ai_assisted,proposed
6,"Em tôi bị tai nạn giao thông trên đường đi làm, phải nhập viện, đúng thời gian, tuyến đường, địa điểm hợp lý thường xuyên đi làm. Xin hỏi, công ty có trách nhiệm chi trả trợ cấp không? Công ty có bắt buộc thanh toán chi phí y tế khi điều trị xong không?","Cục Việc làm, Bộ Nội vụ trả lời vấn đề này như sau: Để có cơ sở giải quyết chế độ tai nạn khi đi từ nơi ở đến nơi làm việc hoặc từ nơi làm việc đến nơi ở cần căn cứ vào biên bản điều tra tai nạn lao động. Nếu người lao động bị tai nạn khi đi từ nơi ở đến nơi làm việc hoặc từ nơi làm việc đến nơi ở theo tuyến đường và thời gian hợp lý, nếu do lỗi của người khác gây ra hoặc không xác định được người gây ra tai nạn thì trách nhiệm của người sử dụng lao động thực hiện theo khoản 2 Điều 39 Luật An toàn, vệ sinh lao động số 84/2015/QH13. Do nội dung bà Nguyễn Thị Mai Anh hỏi không có đủ thông tin nên Cục Việc làm chỉ hướng dẫn các nội dung cơ bản trên. Đề nghị bà Mai Anh cung cấp hồ sơ, tài liệu có liên quan đến vụ việc trên gửi về Sở Nội vụ địa phương để được hướng dẫn cụ thể theo quy định tại điểm b khoản 21 Điều 2 Thông tư số 10/2025/TT-BNV ngày 19/6/2025 của Bộ trưởng Bộ Nội vụ hướng dẫn chức năng, nhiệm vụ, quyền hạn của Sở Nội vụ thuộc UBND tỉnh, thành phố trực thuộc trung ương và lĩnh vực nội vụ của phòng chuyên môn thuộc UBND xã, phường, đặc khu thuộc tỉnh, thành phố trực thuộc trung ương.",https://chinhsachonline.chinhphu.vn/truong-hop-nao-duoc-chi-tra-tro-cap-tai-nan-lao-dong-83675.htm,in_scope,39,"AI hỗ trợ (Codex); chưa xác nhận bởi người. Tai nạn trên đường đi làm, hỏi trách nhiệm trợ cấp và y tế của công ty; nguồn dẫn khoản 2 Điều 39 cho trường hợp đặc thù.",ai_assisted,proposed
7,"Bố tôi là người khuyết tật nặng do bị tai nạn lao động, đang hưởng trợ cấp hằng tháng. Vậy, tôi đang theo học đại học công lập thì có được giảm học phí không?","Bộ Giáo dục và Đào tạo trả lời vấn đề này như sau: Khoản 2 Điều 16 Nghị định số 238/2025/NĐ-CP ngày 3/9/2025 của Chính phủ quy định về chính sách học phí, miễn, giảm, hỗ trợ học phí, hỗ trợ chi phí học tập và giá dịch vụ trong lĩnh vực giáo dục đào tạo quy định đối tượng được giảm 50% học phí gồm: ""Học sinh, sinh viên trong các cơ sở giáo dục nghề nghiệp, cơ sở giáo dục đại học có cha hoặc mẹ bị tai nạn lao động hoặc mắc bệnh nghề nghiệp được hưởng trợ cấp thường xuyên"". Như vậy, với trường hợp sinh viên Sơn Tiến Đạt, đề nghị sinh viên gửi đầy đủ hồ sơ xin giảm học phí theo diện cha hoặc mẹ bị tai nạn lao động hoặc mắc bệnh nghề nghiệp do cơ quan BHXH cấp đến cơ sở giáo dục theo quy định tại khoản 3 Điều 18 Nghị định số 238/2025/NĐ-CP để được xem xét hưởng chính sách.",https://chinhsachonline.chinhphu.vn/cha-me-nhan-tro-cap-tai-nan-lao-dong-sinh-vien-co-duoc-giam-hoc-phi-82881.htm,out_of_scope,,"AI hỗ trợ (Codex); chưa xác nhận bởi người. Hỏi học phí hoặc ưu tiên giáo dục; TNLĐ/nghề độc hại chỉ là bối cảnh, căn cứ trả lời thuộc chính sách giáo dục.",ai_assisted,proposed
8,"Ngày 23/5/2025, trên đường đi làm về từ cơ quan đến nơi cư trú, do trời mưa, đường trơn trượt, tôi tự ngã xe và gãy xương đòn. Do tình trạng chấn thương nặng, tôi được thủ trưởng đơn vị cùng giáo viên công tác cùng đơn vị đi làm về chứng kiến, hỗ trợ đưa đi cấp cứu tại Trung tâm y tế huyện, sau đó 4 ngày được chuyển về Bệnh viện đa khoa tỉnh để phẫu thuật. Tôi không kịp báo công an đến khám nghiệm hiện trường điều tra tai nạn, mà chỉ có những người dân cùng đồng nghiệp của tôi đi qua nhìn thấy làm chứng, kiểm tra, ghi nhận sự việc và đưa tôi đi bệnh viện. Sau quá trình điều trị và tự đi lại được, tôi đã hoàn thiện hồ sơ đề nghị hưởng chế độ tai nạn lao động theo quy định, bao gồm: công văn yêu cầu giải quyết trợ cấp tai nạn lao động, giấy ra viện, giấy chứng nhận phẫu thuật, biên bản giám định y khoa (tỷ lệ tổn thương cơ thể: 10%), biên lai và bảng kê thu phí giám định y khoa, biên bản điều tra tai nạn lao động của đơn vị, văn bản xác nhận tai nạn trên tuyến đường đi làm về, có xác nhận của thủ trưởng đơn vị và UBND xã (nơi xảy ra tai nạn). Tuy nhiên, cơ quan BHXH nơi tôi nộp hồ sơ đã từ chối tiếp nhận với lý do không có biên bản xác nhận của công an (theo yêu cầu của phần hướng dẫn ghi mục (7) mẫu số 05A-HSB). Khi tôi liên hệ với Công an xã để xin xác nhận, cơ quan công an trả lời, do không chứng kiến vụ việc tại thời điểm xảy ra nên không thể lập biên bản và xác nhận cho tôi. Theo Điều 45 Luật An toàn, vệ sinh lao động năm 2015, người lao động bị tai nạn trong khoảng thời gian và tuyến đường hợp lý từ nơi ở đến nơi làm việc, nếu được xác định là tai nạn lao động, có đủ hồ sơ chứng minh, thì được hưởng chế độ bảo hiểm tai nạn lao động. Luật và các văn bản hướng dẫn (Nghị định số 39/2016/NĐ-CP, Thông tư 28/2021/TT-BLĐTBXH) không quy định bắt buộc phải có biên bản xác nhận của công an, mà chỉ cần có xác nhận của cơ quan, tổ chức, cá nhân có thẩm quyền nơi xảy ra tai nạn (như UBND xã, phường hoặc cơ quan điều tra tai nạn của đơn vị). Trong hồ sơ của tôi đã có đầy đủ xác nhận của UBND xã nơi xảy ra tai nạn và thủ trưởng đơn vị công tác. Tôi đề nghị cơ quan có thẩm quyền xem xét, giải quyết chế độ tai nạn lao động cho trường hợp của tôi theo đúng quy định pháp luật, đồng thời có văn bản hướng dẫn cụ thể để tránh gây thiệt thòi cho người lao động khi gặp tai nạn trên đường đi làm về nhưng không có biên bản xác nhận của công an do hoàn cảnh khách quan.","Bộ Nội vụ trả lời vấn đề này như sau: Hồ sơ hưởng chế độ tai nạn lao động được quy định tại Điều 57 Luật An toàn, vệ sinh lao động số 84/2015/QH13 gồm có: Sổ bảo hiểm xã hội; Giấy ra viện hoặc trích sao hồ sơ bệnh án sau khi đã điều trị tai nạn lao động đối với trường hợp nội trú; Biên bản giám định mức suy giảm khả năng lao động của Hội đồng giám định y khoa; Văn bản đề nghị giải quyết chế độ tai nạn lao động theo mẫu do BHXH ban hành sau khi thống nhất ý kiến với Bộ Lao động - Thương binh và Xã hội. Ngoài ra, tại điểm b khoản 21 Điều 2 Thông tư số 10/2025/TT-BNV ngày 19/6/2025 của Bộ trưởng Bộ Nội vụ hướng dẫn chức năng, nhiệm vụ, quyền hạn của Sở Nội vụ thuộc UBND tỉnh, thành phố trực thuộc trung ương và lĩnh vực nội vụ của phòng chuyên môn thuộc UBND xã, phường, đặc khu thuộc tỉnh, thành phố trực thuộc trung ương, trong đó quy định nhiệm vụ, quyền hạn của Sở Nội vụ về lĩnh vực an toàn, vệ sinh lao động như sau: ""Hướng dẫn và tổ chức thực hiện các quy định của pháp luật về an toàn, vệ sinh lao động; về thời giờ làm việc, thời giờ nghỉ ngơi trong phạm vi địa phương; Tháng hành động về an toàn, vệ sinh lao động"". Trên cơ sở đó, đề nghị bà Nguyễn Thị Huynh cung cấp hồ sơ, tài liệu có liên quan đến vụ việc trên gửi về Sở Nội vụ để được hướng dẫn cụ thể.",https://chinhsachonline.chinhphu.vn/huong-dan-lap-ho-so-huong-che-do-tai-nan-lao-dong-82711.htm,in_scope,57,AI hỗ trợ (Codex); chưa xác nhận bởi người. Hỏi thành phần hồ sơ hưởng chế độ TNLĐ và yêu cầu biên bản công an; Điều 57 được nguồn viện dẫn trực tiếp.,ai_assisted,proposed
9,"Luật BHXH 2024 quy định người lao động bị tai nạn giao thông trên đường đi từ nơi ở đến nơi làm việc hoặc từ nơi làm việc về nơi ở được hưởng chế độ ốm đau. Tôi xin hỏi, trường hợp này người lao động có được hưởng chế độ tai nạn lao động theo Luật An toàn, vệ sinh lao động năm 2015 hay không?","Bộ Nội vụ trả lời vấn đề này như sau: Luật Bảo hiểm xã hội năm 2024 không quy định người lao động nghỉ việc điều trị khi bị tai nạn khi đi từ nơi ở đến nơi làm việc hoặc từ nơi làm việc về nơi ở theo tuyến đường và thời gian hợp lý theo quy định của pháp luật về an toàn, vệ sinh lao động được giải quyết hưởng chế độ ốm đau thì không được hưởng chế độ bảo hiểm tai nạn lao động theo Luật An toàn, vệ sinh lao động . Ngoài ra, tại điểm b khoản 21 Điều 2 Thông tư số 10/2025/TT-BNV ngày 19/6/2025 của Bộ trưởng Bộ Nội vụ hướng dẫn chức năng, nhiệm vụ, quyền hạn của Sở Nội vụ thuộc UBND tỉnh, thành phố trực thuộc trung ương và lĩnh vực nội vụ của phòng chuyên môn thuộc UBND xã, phường, đặc khu thuộc tỉnh, thành phố trực thuộc trung ương, trong đó quy định nhiệm vụ, quyền hạn của Sở Nội vụ về lĩnh vực an toàn, vệ sinh lao động như sau: ""Hướng dẫn và tổ chức thực hiện các quy định của pháp luật về an toàn, vệ sinh lao động; về thời giờ làm việc, thời giờ nghỉ ngơi trong phạm vi địa phương; Tháng hành động về an toàn, vệ sinh lao động"". Trên cơ sở đó, đề nghị ông Trần Minh Thái cung cấp hồ sơ, tài liệu có liên quan đến vụ việc trên gửi về Sở Nội vụ để được hướng dẫn cụ thể.",https://chinhsachonline.chinhphu.vn/co-duoc-huong-dong-thoi-che-do-om-dau-va-tai-nan-lao-dong-82557.htm,in_scope,45,AI hỗ trợ (Codex); chưa xác nhận bởi người. [CẦN RÀ SOÁT] Hỏi quyền hưởng chế độ BH TNLĐ đối với tai nạn trên đường đi làm; Điều 45 là điều kiện hưởng. Quan hệ với chế độ ốm đau cần luật BHXH bổ sung.,ai_assisted,needs_review
10,"Cháu tôi là sinh viên trường đại học công lập, bố là sĩ quan quân đội đang hưởng trợ cấp thường xuyên do mắc bệnh nghề nghiệp. Xin hỏi, cháu tôi có được xét là con cán bộ mắc bệnh nghề nghiệp được hưởng trợ cấp thường xuyên để được giảm 50% học phí theo Nghị định số 81/2021/NĐ-CP không? Đối tượng cán bộ, công chức, viên chức nêu tại điểm a khoản 2 Điều 16 Nghị định số 81/2021/NĐ-CP căn cứ quy định nào để xác định?","Bộ Giáo dục và Đào tạo trả lời vấn đề này như sau: Ngày 3/9/2025, Chính phủ đã ban hành Nghị định số 238/2025/NĐ-CP thay thế Nghị định số 81/2021/NĐ-CP ngày 27/8/2021 quy định về cơ chế thu, quản lý học phí đối với cơ sở giáo dục thuộc hệ thống giáo dục quốc dân và chính sách miễn, giảm học phí, hỗ trợ chi phí học tập; giá dịch vụ trong lĩnh vực giáo dục, đào tạo. Theo đó, khoản 2 Điều 16 Nghị định số 238/2025/NĐ-CP quy định đối tượng được giảm 50% học phí bao gồm: học sinh, sinh viên trong các cơ sở giáo dục nghề nghiệp, cơ sở giáo dục đại học có cha hoặc mẹ bị tai nạn lao động hoặc mắc bệnh nghề nghiệp được hưởng trợ cấp thường xuyên. Đối với trường hợp của cháu ông, cần phải đối chiếu với quy định tại khoản 2 Điều 16 Nghị định số 238/2025/NĐ-CP xem xét bố của sinh viên nếu được nhận trợ cấp thường xuyên thì sinh viên là đối tượng được hưởng chính sách giảm 50% học phí. Về việc xác định đối tượng cán bộ, công chức, viên chức, công nhân bị tai nạn lao động hoặc mắc bệnh nghề nghiệp được hưởng trợ cấp thường xuyên, khoản 3 Điều 18 Nghị định số 238/2025/NĐ-CP quy định hồ sơ thủ tục, trình tự thực hiện miễn, giảm học phí trong cơ sở giáo dục nghề nghiệp và giáo dục đại học công lập yêu cầu Quyết định hưởng trợ cấp hằng tháng của cha hoặc mẹ bị tai nạn lao động hoặc mắc bệnh nghề nghiệp do cơ quan BHXH cấp áp dụng đối với đối tượng quy định tại khoản 2 Điều 16 Nghị định số 238/2025/NĐ-CP.",https://chinhsachonline.chinhphu.vn/dieu-kien-de-sinh-vien-duoc-giam-50-hoc-phi-81804.htm,out_of_scope,,"AI hỗ trợ (Codex); chưa xác nhận bởi người. Hỏi học phí hoặc ưu tiên giáo dục; TNLĐ/nghề độc hại chỉ là bối cảnh, căn cứ trả lời thuộc chính sách giáo dục.",ai_assisted,proposed
11,"Tôi làm việc tại hợp tác xã nông nghiệp xã, bị tai nạn lao động, là đối tượng hưởng trợ cấp tai nạn lao động thường xuyên với tỷ lệ suy giảm khả năng lao động 34%. Nay con tôi là sinh viên, làm hồ sơ xin được cấp bù học phí gửi bộ phận phụ trách tại địa phương. Tuy nhiên, cán bộ tiếp nhận trả lời, con tôi không được hưởng vì không phải là con cán bộ, công chức, viên chức, công nhân. Tôi xin hỏi, trường hợp con tôi có được giảm học phí không?","Bộ Giáo dục và Đào tạo trả lời vấn đề này như sau: Ngày 3/9/2025, Chính phủ đã ban hành Nghị định số 238/2025/NĐ-CP thay thế Nghị định số 81/2021/NĐ-CP ngày 27/8/2021 quy định về cơ chế thu, quản lý học phí đối với cơ sở giáo dục thuộc hệ thống giáo dục quốc dân và chính sách miễn, giảm học phí, hỗ trợ chi phí học tập; giá dịch vụ trong lĩnh vực giáo dục, đào tạo. Theo đó, khoản 2 Điều 16 Nghị định số 238/2025/NĐ-CP quy định đối tượng được giảm 50% học phí: ""Học sinh, sinh viên trong các cơ sở giáo dục nghề nghiệp, cơ sở giáo dục đại học có cha hoặc mẹ bị tai nạn lao động hoặc mắc bệnh nghề nghiệp được hưởng trợ cấp thường xuyên"". Đề nghị ông Trần Văn Lâm đối chiếu với các quy định trên, nếu đáp ứng được điều kiện thì con của ông được hưởng chính sách giảm 50% học phí.",https://chinhsachonline.chinhphu.vn/doi-tuong-huong-chinh-sach-giam-50-hoc-phi-81674.htm,out_of_scope,,"AI hỗ trợ (Codex); chưa xác nhận bởi người. Hỏi học phí hoặc ưu tiên giáo dục; TNLĐ/nghề độc hại chỉ là bối cảnh, căn cứ trả lời thuộc chính sách giáo dục.",ai_assisted,proposed
12,"Ngày 26/5/2025, người lao động bị tai nạn lao động trong khi đang làm nhiệm vụ, đóng BHXH được 16 năm, tỷ lệ thương tật trên 46%. Tôi xin hỏi, trong trường hợp này người lao động được hưởng những chế độ BHXH nào?","Bảo hiểm xã hội tỉnh An Giang trả lời vấn đề này như sau: Tại khoản 1 Điều 49 Luật An toàn, vệ sinh lao động 2015 quy định: Người lao động bị suy giảm khả năng lao động từ 31% trở lên thì được hưởng trợ cấp hằng tháng. Trường hợp người lao động đang tham gia bảo hiểm tai nạn lao động, bệnh nghề nghiệp bị tai nạn lao động trong khi đang làm nhiệm vụ với mức suy giảm khả năng lao động 46% thì được hưởng trợ cấp hằng tháng theo quy định. Mức hưởng trợ cấp, mức hỗ trợ cho người bị tai nạn lao động, bệnh nghề nghiệp được tính trên cơ sở mức suy giảm khả năng lao động, mức đóng và thời gian đóng vào Quỹ bảo hiểm tai nạn lao động, bệnh nghề nghiệp. Do câu hỏi của ông chưa cung cấp đầy đủ thông tin cá nhân (mã số BHXH, năm sinh, tình trạng việc làm,…) nên BHXH tỉnh An Giang chưa có đủ cơ sở để trả lời cụ thể. Đề nghị người lao động liên hệ cơ quan BHXH gần nhất để được tư vấn, hướng dẫn chi tiết theo hồ sơ thực tế.",https://chinhsachonline.chinhphu.vn/che-do-doi-voi-nguoi-bi-tai-nan-lao-dong-81082.htm,in_scope,49,AI hỗ trợ (Codex); chưa xác nhận bởi người. Hỏi chế độ BHXH khi suy giảm 46%; nguồn viện dẫn Điều 49 về trợ cấp hằng tháng.,ai_assisted,proposed
13,"Năm 2024, Sở tôi có 1 công chức bị tai nạn lao động (chết) khi đang thực hiện nhiệm vụ. Trong quá trình triển khai chế độ, Sở gặp khó khăn trong việc xác định mức tiền lương làm căn cứ chi trả trợ cấp tai nạn lao động, đặc biệt là các khoản phụ cấp được tính vào mức tiền lương này. Căn cứ điểm b khoản 4 Điều 38 Luật An toàn, vệ sinh lao động số 84/2015/QH13 về bồi thường cho người lao động bị tai nạn lao động mà không hoàn toàn do lỗi của chính người này gây ra và cho người lao động bị bệnh nghề nghiệp: ""Ít nhất 30 tháng tiền lương cho người lao động bị suy giảm khả năng lao động từ 81% trở lên hoặc cho thân nhân người lao động bị chết do tai nạn lao động, bệnh nghề nghiệp"". Khoản 1 Điều 90 Bộ luật Lao động năm 2019 quy định: ""Tiền lương là số tiền mà người sử dụng lao động trả cho người lao động theo thỏa thuận để thực hiện công việc, bao gồm mức lương theo công việc hoặc chức danh, phụ cấp lương và các khoản bổ sung khác"". Tuy nhiên điểm a khoản 2 Điều 5 Thông tư số 28/2021/TT-BLĐTBXH ngày 28/12/2021 của Bộ trưởng Bộ Lao động - Thương binh và Xã hội lại quy định: ""Đối với cán bộ, công chức, viên chức, người thuộc lực lượng quân đội nhân dân, công an nhân dân thì mức tiền lương tháng bao gồm tiền lương cấp bậc, chức vụ và các khoản phụ cấp (nếu có) liên quan đến tiền lương (phụ cấp chức vụ, phụ cấp thâm niên nghề, phụ cấp thâm niên vượt khung)"". Như vậy, các phụ cấp như phụ cấp khu vực, phụ cấp thu hút, phụ cấp ưu đãi nghề, phụ cấp công vụ, phụ cấp độc hại… có được tính vào mức tiền lương làm căn cứ chi trả trợ cấp tai nạn lao động hay không còn chưa thống nhất giữa các văn bản hướng dẫn. Để bảo đảm việc thực hiện chi trả chế độ trợ cấp tai nạn lao động theo đúng quy định, tôi đề nghị được hướng dẫn rõ các khoản phụ cấp được tính làm căn cứ chi trả trợ cấp tai nạn lao động đối với công chức.","Bộ Nội vụ trả lời vấn đề này như sau: Điểm a khoản 2 Điều 5 Thông tư số 28/2021/TT-BLĐTBXH ngày 28/12/2021 của Bộ trưởng Bộ Lao động - Thương binh và Xã hội quy định chi tiết và hướng dẫn thi hành một số điều của Luật An toàn, vệ sinh lao động về chế độ đối với người lao động bị tai nạn lao động, bệnh nghề nghiệp quy định: ""Đối với cán bộ, công chức, viên chức, người thuộc lực lượng quân đội nhân dân, công an nhân dân thì mức tiền lương tháng bao gồm tiền lương cấp bậc, chức vụ và các khoản phụ cấp (nếu có) liên quan đến tiền lương (phụ cấp chức vụ, phụ cấp thâm niên nghề, phụ cấp thâm niên vượt khung)"". Do vậy, tiền lương làm căn cứ thực hiện bồi thường, trợ cấp tai nạn lao động, bệnh nghề nghiệp cho công chức được thực hiện theo quy định tại điểm a khoản 2 Điều 5 Thông tư số 28/2021/TT-BLĐTBXH.",https://chinhsachonline.chinhphu.vn/phu-cap-nao-tinh-vao-luong-de-tra-tro-cap-tai-nan-lao-dong-81013.htm,in_scope,38,"AI hỗ trợ (Codex); chưa xác nhận bởi người. Tiền lương và phụ cấp làm căn cứ bồi thường do NSDLĐ chi trả; khoản 10 Điều 38, chi tiết tại Thông tư 28/2021.",ai_assisted,proposed
14,"Tôi bị tai nạn giao thông vào ngày 7/6/2025 trên đường từ công ty về nhà trong khoảng thời gian hợp lý. Biên bản xác nhận do lỗi của cả hai bên. Tôi bị gãy xương đùi, được mổ nẹp inox tại bệnh viện. Trung tâm giám định báo 6 tháng sau mổ, khi lành thì mới khám giám định thương tật, suy giảm khả năng lao động. Tôi là người lao động đã được ký hợp đồng không thời hạn. Xin hỏi, trường hợp của tôi có được xác định là tai nạn lao động hay không? Nếu được xác định là tai nạn lao động thì quyền, nghĩa vụ của người lao động và người sử dụng lao động trong trường hợp này được pháp luật quy định như thế nào (tiền lương, bồi thường/ trợ cấp, chi phí y tế,...)?","Bộ Nội vụ trả lời vấn đề này như sau: Theo quy định tại khoản 1 Điều 35 Luật An toàn, vệ sinh lao động thì tai nạn làm bị thương nặng 1 người lao động thuộc thẩm quyền điều tra của đoàn điều tra tai nạn lao động cấp cơ sở do người sử dụng lao động thành lập. Phải thông qua điều tra thì mới kết luận được về vụ việc. Trường hợp đoàn điều tra tai nạn lao động điều tra, xác định được vụ việc là tai nạn xảy ra trên đường từ nơi làm việc về nơi ở theo tuyến đường và thời gian hợp lý, do lỗi của người khác gây ra hoặc không xác định được người gây ra tai nạn thì theo quy định khoản 2 Điều 39 Luật An toàn, vệ sinh lao động, người sử dụng lao động trợ cấp cho người lao động theo quy định khoản 5 Điều 38 Luật An toàn, vệ sinh lao động. Tuy nhiên, tai nạn xảy ra trên đường từ nơi làm việc về nơi ở không phải là tai nạn lao động. Đề nghị người lao động kiến nghị người sử dụng lao động thực hiện điều tra và giải quyết vụ việc theo quy định của pháp luật.",https://chinhsachonline.chinhphu.vn/truong-hop-nao-xac-dinh-la-tai-nan-lao-dong-80704.htm,multi_intent,,"AI hỗ trợ (Codex); chưa xác nhận bởi người. [CẦN RÀ SOÁT] Hai yêu cầu: xác định/điều tra TNLĐ (Điều 35, C4) và trách nhiệm trợ cấp, lương, y tế của NSDLĐ (Điều 38–39, C5).",ai_assisted,needs_review
15,"Tôi xin hỏi, nếu trên hợp đồng lao động có thể hiện nội dung lương sản phẩm, mức lương hợp đồng lao động: 5.330.000 đồng/tháng. Mức lương hợp đồng lao động, phụ cấp lương (nếu có) dùng để đóng BHXH, BHYT, BHTN và các chế độ khác theo quy định của Bộ luật Lao động, tuy nhiên trên phiếu chi trả lương lại thể hiện lương sản phẩm là 7.000.000 đồng/tháng, vậy tiền lương làm căn cứ bồi thường, trợ cấp tai nạn lao động là bao nhiêu?","Bộ Nội vụ trả lời vấn đề này như sau: Điểm b khoản 2 Điều 5 Thông tư số 28/2021/TT-BLĐTBXH ngày 28/12/2021 quy định: ""Đối với người lao động làm việc theo hợp đồng lao động thì mức tiền lương tháng bao gồm mức lương, phụ cấp lương và các khoản bổ sung khác mà hai bên đã xác định trong hợp đồng lao động"". Do đó, để xác định tiền lương làm căn cứ tính bồi thường, trợ cấp cho người lao động bị tai nạn lao động cần phải căn cứ vào hợp đồng lao động. Điểm a khoản 9 Điều 2 Thông tư số 11/2021/TT-BLĐTBXH ngày 30/9/2021 hướng dẫn chức năng, nhiệm vụ, quyền hạn của Sở Lao động – Thương binh và Xã hội thuộc UBND cấp tỉnh và Phòng Lao động - Thương binh và Xã hội thuộc UBND cấp huyện quy định Sở Lao động – Thương binh và Xã hội: ""Hướng dẫn và tổ chức thực hiện các quy định của pháp luật về an toàn, vệ sinh lao động; về thời giờ làm việc, thời giờ nghỉ ngơi trong phạm vi địa phương; Tháng hành động về an toàn, vệ sinh lao động"". Đề nghị bà cung cấp hồ sơ, tài liệu có liên quan gửi về Sở Lao động – Thương binh và Xã hội địa phương (nay là Sở Nội vụ) để được hướng dẫn chi tiết.",https://chinhsachonline.chinhphu.vn/tinh-boi-thuong-tro-cap-tai-nan-lao-dong-can-cu-muc-luong-nao-79665.htm,in_scope,38,AI hỗ trợ (Codex); chưa xác nhận bởi người. Căn cứ tiền lương để tính bồi thường/trợ cấp của NSDLĐ; khoản 10 Điều 38 và hướng dẫn tại Thông tư 28/2021.,ai_assisted,proposed
16,"Tôi xin hỏi, những đối tượng nào được áp dụng chế độ tai nạn lao động, bệnh nghề nghiệp?","Bảo hiểm xã hội Việt Nam trả lời vấn đề này như sau: Đối tượng áp dụng chế độ bảo hiểm tai nạn lao động, bệnh nghề nghiệp được quy định tại Điều 43 Luật An toàn, vệ sinh lao động và khoản 1 Điều 2 Nghị định số 143/2018/NĐ-CP ngày 15/10/2018 của Chính phủ quy định chi tiết Luật BHXH và Luật An toàn, vệ sinh lao động về BHXH bắt buộc đối với người lao động là công dân nước ngoài làm việc tại Việt Nam, cụ thể: - Người làm việc theo hợp đồng lao động không xác định thời hạn, hợp đồng lao động xác định thời hạn, hợp đồng lao động theo mùa vụ hoặc theo một công việc nhất định có thời hạn từ đủ 03 tháng đến dưới 12 tháng, kể cả hợp đồng lao động được ký kết giữa người sử dụng lao động với người đại diện theo pháp luật của người dưới 15 tuổi theo quy định của pháp luật về lao động; - Người làm việc theo hợp đồng lao động có thời hạn từ đủ 01 tháng đến dưới 03 tháng; - Cán bộ, công chức, viên chức; - Công nhân quốc phòng, công nhân công an, người làm công tác khác trong tổ chức cơ yếu; - Sĩ quan, quân nhân chuyên nghiệp quân đội nhân dân; sĩ quan, hạ sĩ quan nghiệp vụ, sĩ quan, hạ sĩ quan chuyên môn kỹ thuật công an nhân dân; người làm công tác cơ yếu hưởng lương như đối với quân nhân; - Hạ sĩ quan, chiến sĩ quân đội nhân dân; hạ sĩ quan, chiến sĩ công an nhân dân phục vụ có thời hạn; học viên quân đội, công an, cơ yếu đang theo học được hưởng sinh hoạt phí; - Người quản lý doanh nghiệp, người quản lý điều hành hợp tác xã có hưởng tiền lương; - Người lao động là công dân nước ngoài là",https://chinhsachonline.chinhphu.vn/doi-tuong-tham-gia-bao-hiem-tai-nan-lao-dong-benh-nghe-nghiep-79482.htm,in_scope,43,AI hỗ trợ (Codex); chưa xác nhận bởi người. Hỏi đối tượng áp dụng BH TNLĐ-BNN; nguồn viện dẫn Điều 43.,ai_assisted,proposed
17,"Em trai tôi tốt nghiệp trường Học viện Cảnh sát nhân dân, có 8 năm làm việc trong lực lượng Công an nhân dân. Trên đường đi làm về thì bị tai nạn giao thông dẫn đến tử vong. Xin hỏi, em trai tôi được hưởng những chế độ, chính sách nào? Con của em trai tôi đang học lớp 1 thì có được hưởng chế độ, chính sách gì không?","Bộ Công an trả lời vấn đề này như sau: Do bà Lê Nam Phương chưa cung cấp đầy đủ thông tin về tình huống tai nạn giao thông dẫn đến tử vong, địa bàn địa phương nơi xảy ra tai nạn, quá trình công tác cụ thể của em trai của bà Phương nên Bộ Công an chưa có đầy đủ cơ sở để trả lời về các chế độ, chính sách đối với em trai bà Lê Nam Phương. Bộ Công an cung cấp thông tin quy định về việc thực hiện chế độ, chính sách đối với sĩ quan công an nhân dân từ trần để bà đọc tham khảo, như sau: Trợ cấp theo quy định tại Luật BHXH số 41/2014/QH15 gồm: Trợ cấp tuất hằng tháng theo quy định tại Điều 86 và Điều 87 Luật BHXH hoặc trợ cấp tuất một lần theo quy định tại Điều 88 và Điều 89 Luật BHXH; trợ cấp mai táng theo quy định tại Điều 85 Luật BHXH. Trợ cấp khi người lao động chết do tai nạn lao động, bệnh nghề nghiệp theo quy định tại Điều 53 Luật An toàn, vệ sinh lao động số 84/2015/QH13 ngày 25/6/2015 (trong trường hợp em trai bà Phương được xác định chết do tai nạn lao động). Trợ cấp theo quy định tại khoản 2 Điều 7 Nghị định số 49/2019/NĐ-CP ngày 6/6/2019 quy định chi tiết và biện pháp thi hành một số điều của Luật Công an nhân dân và Điều 4 Thông tư số 54/2019/TT-BCA ngày 11/11/2019 của Bộ trưởng Bộ Công an quy định chế độ trợ cấp một lần đối với sĩ quan, hạ sĩ quan, chiến sĩ Công an nhân dân, công nhân công an nghỉ hưu, chuyển ngành, xuất ngũ, thôi việc, hy sinh, từ trần, gồm: Trợ cấp một lần và trợ cấp một lần của thời gian tăng thêm do quy đổi (nếu có). Đề nghị bà Lê Nam Phương liên hệ",https://chinhsachonline.chinhphu.vn/che-do-doi-voi-si-quan-cong-an-tu-tran-78890.htm,out_of_scope,,"AI hỗ trợ (Codex); chưa xác nhận bởi người. [CẦN RÀ SOÁT] Hỏi tổng hợp chế độ sĩ quan công an từ trần và chính sách cho con; trả lời theo BHXH và chính sách ngành, không quy về một Điều 1–62.",ai_assisted,needs_review
18,"Tôi xin hỏi, người lao động đang hưởng chế độ ốm đau thì bị tai nạn lao động. Vậy, người lao động có được đồng thời chế độ ốm đau và tai nạn lao động hay không?","Bảo hiểm xã hội Việt Nam t rả lời vấn đề này như sau : Theo quy định tại Khoản 1 Điều 25 Luật BHXH năm 2014 thì điều kiện hưởng chế độ ốm đau là người lao động ""bị ốm đau, tai nạn mà không phải là tai nạn lao động phải nghỉ việc và có xác nhận của cơ sở khám bệnh, chữa bệnh có thẩm quyền theo quy định của Bộ Y tế"". Theo quy định tại Khoản 8 Điều 3 Luật An toàn, vệ sinh lao động thì ""Tai nạn lao động là tai nạn gây tổn thương cho bất kỳ bộ phận, chức năng nào của cơ thể hoặc gây tử vong cho người lao động, xảy ra trong quá trình lao động, gắn liền với việc thực hiện công việc, nhiệm vụ lao động"". Trường hợp người lao động được cơ sở khám bệnh, chữa bệnh có thẩm quyền theo quy định của Bộ Y tế xác định là ốm đau, phải nghỉ việc để chữa bệnh và đang hưởng BHXH (chế độ ốm đau), mà trong thời gian này người lao động bị tai nạn thì tai nạn đó không phải là tai nạn lao động do không xảy ra trong quá trình lao động, gắn liền với việc thực hiện công việc, nhiệm vụ lao động. Do đó, người lao động không thuộc trường hợp được hưởng chế độ tai nạn lao động theo quy định của pháp luật.",https://chinhsachonline.chinhphu.vn/dieu-kien-xet-huong-che-do-tai-nan-lao-dong-78115.htm,in_scope,3,"AI hỗ trợ (Codex); chưa xác nhận bởi người. [CẦN RÀ SOÁT] Nguồn giải quyết bằng định nghĩa TNLĐ tại khoản 8 Điều 3: tai nạn khi đang nghỉ ốm không gắn với thực hiện nhiệm vụ. Câu có giao thoa chế độ ốm đau, cần rà lại.",ai_assisted,needs_review
19,"Tôi là công nhân. Trên tuyến đường đi làm buổi sáng từ nhà đến công ty tôi bị tai nạn giao thông dẫn đến gãy xương cẳng chân trái. Công ty kết luận, tôi không được hưởng chế độ tai nạn lao động, chỉ được nghỉ ốm và hưởng chế độ BHXH. Xin hỏi, công ty trả lời tôi như trên là đúng hay sai? Nếu sai tôi cần làm gì để bảo vệ quyền lợi của mình?","Bộ Lao động – Thương binh và Xã hội trả lời vấn đề này như sau: Để có cơ sở giải quyết chế độ tai nạn trên đường đi và về theo tuyến đường và thời gian hợp lý theo Khoản 2 Điều 39 Luật An toàn, vệ sinh lao động cần căn cứ vào biên bản điều tra tai nạn lao động. Do hồ sơ, tài liệu bà Tống Bích Liên gửi kèm chưa đầy đủ do đó đề nghị bà Liên cung cấp hồ sơ, tài liệu có liên quan gửi về Sở Lao động - Thương binh và Xã hội tỉnh Thái Nguyên để được hướng dẫn chi tiết. Theo quy định tại Điểm a Khoản 9 Điều 2 Thông tư số 11/2021/TT-BLĐTBXH ngày 30/9/2021 của Bộ trưởng Bộ Lao động - Thương binh và Xã hội hướng dẫn chức năng, nhiệm vụ, quyền hạn của Sở Lao động - Thương binh và Xã hội thuộc UBND cấp tỉnh và Phòng Lao động - Thương binh và Xã hội thuộc UBND cấp huyện: Sở Lao động - Thương binh và Xã hội hướng dẫn và tổ chức thực hiện các quy định của pháp luật về an toàn, vệ sinh lao động; về thời giờ làm việc, thời giờ nghỉ ngơi trong phạm vi địa phương; Tháng hành động về an toàn, vệ sinh lao động.",https://chinhsachonline.chinhphu.vn/che-do-cho-nguoi-lao-dong-bi-tai-nan-tren-duong-di-lam-77266.htm,in_scope,39,AI hỗ trợ (Codex); chưa xác nhận bởi người. Nguồn chọn khoản 2 Điều 39 để xem xét chế độ tai nạn trên tuyến đường đi làm; biên bản điều tra là điều kiện chứng minh.,ai_assisted,proposed
20,"Tôi làm hợp đồng tại đơn vị sự nghiệp công lập, hệ số lương 2,34. Năm 2023, ông được cơ quan cử đi học tập tại nước ngoài, kinh phí do tổ chức quốc tế đài thọ. Tôi xin hỏi, thời gian đi du học tôi đóng BHXH như thế nào? Cơ quan yêu cầu tôi đóng 32% mức lương cơ sở thì có đúng không?","Bảo hiểm xã hội Việt Nam trả lời vấn đề này như sau: Căn cứ quy định tại Điều 2, Điều 89 của Luật BHXH năm 2014 ; Khoản 4 Điều 8 Nghị định số 204/2004/NĐ-CP ngày 14/12/2004 của Chính phủ quy định về chế độ tiền lương đối với cán bộ công chức, viên chức và lực lượng vũ trang; Khoản 1 Điều 2 Thông tư số 59/2015/TT-BLĐTBXH ngày 29/12/2015 của Bộ trưởng Bộ Lao động – Thương binh và Xã hội quy định chi tiết và hướng dẫn thi hành một số điều của Luật BHXH về BHXH bắt buộc; Khoản 1 Điều 10 Nghị định số 88/2020/NĐ-CP ngày 28/7/2020 của Chính phủ quy định chi tiết và hướng dẫn thi hành một số điều của Luật An toàn, vệ sinh lao động về bảo hiểm tai nạn lao động, bệnh nghề nghiệp bắt buộc: trường hợp người được cử đi học tập, thực tập, công tác trong và ngoài nước nếu vẫn hưởng tiền lương trong nước thì thuộc đối tượng tham gia BHXH bắt buộc, hằng tháng, người sử dụng lao động có trách nhiệm đóng và trích từ tiền lương của người lao động theo mức quy định để đóng cùng một lúc vào Quỹ BHXH. Tổng mức đóng (bao gồm quỹ hưu trí tử tuất, quỹ ốm đau thai sản, quỹ bảo hiểm tai nạn lao động - bệnh nghề nghiệp) là 25,5% tiền lương tháng đóng BHXH, trong đó, người lao động đóng 8%, người sử dụng lao động đóng 17,5%. Trường hợp người lao động không được hưởng tiền lương trong nước đối với thời gian đi học tập tại nước ngoài thì thời gian này không phải đóng BHXH bắt buộc.",https://chinhsachonline.chinhphu.vn/muc-dong-bhxh-trong-thoi-gian-hoc-tap-o-nuoc-ngoai-77061.htm,out_of_scope,,"AI hỗ trợ (Codex); chưa xác nhận bởi người. Hỏi đóng/hoàn trả/giải quyết BHXH, BHYT, BHTN nói chung hoặc hợp đồng lao động; không chỉ chế độ BH TNLĐ-BNN trong Điều 1–62.",ai_assisted,proposed
21,"Tôi là giáo viên, do trời mưa trơn, tôi bị ngã khi bước vào lớp dạy học, bị gãy xương và trật khớp. Xin hỏi, trong trường hợp này tôi được bồi thường hay trợ cấp?","Bộ Lao động – Thương binh và Xã hội t rả lời vấn đề này như sau : Để xác định một vụ tai nạn có phải tai nạn lao động hay không thì cần tiến hành điều tra tai nạn lao động. Nếu xác định vụ tai nạn đó là tai nạn lao động, việc thực hiện bồi thường hay trợ cấp tai nạn lao động từ phía người sử dụng lao động cần căn cứ vào kết luận của biên bản điều tra tai nạn lao động. Theo quy định tại Khoản 4 Điều 38 Luật An toàn, vệ sinh lao động người sử dụng lao động bồi thường cho người lao động bị tai nạn lao động mà không hoàn toàn do lỗi của chính người này gây ra và cho người lao động bị bệnh nghề nghiệp. Theo quy định tại Khoản 5 Điều 38 Luật An toàn, vệ sinh lao động người sử dụng lao động trợ cấp cho người lao động bị tai nạn lao động mà do lỗi của chính họ gây ra.",https://chinhsachonline.chinhphu.vn/bi-tai-nan-lao-dong-duoc-tro-cap-hay-boi-thuong-75908.htm,in_scope,38,AI hỗ trợ (Codex); chưa xác nhận bởi người. Phân biệt bồi thường với trợ cấp do NSDLĐ theo lỗi của NLĐ; khoản 4 và khoản 5 Điều 38.,ai_assisted,proposed
22,"Mẹ tôi được xác định bị tai nạn lao động, nhưng mất ngay sau đó. Tôi đã được hưởng trợ cấp tuất hằng tháng đến năm 18 tuổi. Xin hỏi, hiện tại tôi 19 tuổi thì có được giảm 50% học phí theo Nghị định số 81/2021/NĐ-CP hay không?","Bộ Giáo dục và Đào tạo trả lời vấn đề này như sau: Điểm a Khoản 2 Điều 16 Nghị định số 81/2021/NĐ-CP quy định đối tượng được giảm 50% học phí bao gồm: trẻ em học mẫu giáo và học sinh, sinh viên là con cán bộ, công chức, viên chức, công nhân mà cha hoặc mẹ bị tai nạn lao động hoặc mắc bệnh nghề nghiệp được hưởng trợ cấp thường xuyên. Trường hợp sinh viên có mẹ được xác định bị tai nạn lao động nhưng mất ngay sau đó thì không thuộc đối tượng hưởng chính sách theo quy định đối với các trường hợp tại Điểm a Khoản 2 Điều 16 Nghị định số 81/2021/NĐ-CP.",https://chinhsachonline.chinhphu.vn/dieu-kien-huong-chinh-sach-giam-50-hoc-phi-75675.htm,out_of_scope,,"AI hỗ trợ (Codex); chưa xác nhận bởi người. Hỏi học phí hoặc ưu tiên giáo dục; TNLĐ/nghề độc hại chỉ là bối cảnh, căn cứ trả lời thuộc chính sách giáo dục.",ai_assisted,proposed
23,"Tôi đóng BHXH được 18 năm. Tôi bị ngã gãy xương sườn phải tại cơ quan khi đang làm việc, được nghỉ điều trị 1 tháng tại bệnh viện. Sau khi ra viện, bác sĩ viết giấy chứng nhận cho tôi nghỉ việc hưởng BHXH 10 ngày. Xin hỏi, vậy tôi có được hưởng lương của 10 ngày đó không?","Bảo hiểm xã hội Việt Nam trả lời vấn đề này như sau: Điều kiện hưởng chế độ ốm đau Tại Khoản 1 Điều 25 Luật BHXH năm 2014 quy định về điều kiện hưởng chế độ ốm đau đối với người lao động đang tham gia BHXH là: ""Bị ốm đau, tai nạn mà không phải là tai nạn lao động phải nghỉ việc và có xác nhận của cơ sở khám bệnh, chữa bệnh có thẩm quyền theo quy định của Bộ Y tế"". Trường hợp ốm đau, tai nạn phải nghỉ việc do tự hủy hoại sức khỏe, do say rượu hoặc sử dụng chất ma túy, tiền chất ma túy theo danh mục do Chính phủ quy định thì không được hưởng chế độ ốm đau. Tại Khoản 2 Điều 168 Bộ luật Lao động năm 2019 quy định: ""Trong thời gian người lao động nghỉ việc hưởng chế độ BHXH thì người sử dụng lao động không phải trả lương cho người lao động, trừ trường hợp hai bên có thỏa thuận khác"". Trường hợp của ông bị tai nạn mà không phải là tai nạn lao động hoặc không phải là tai nạn phải nghỉ việc do tự hủy hoại sức khỏe phải nghỉ việc để điều trị thì được hưởng chế độ ốm đau. Trong thời gian nằm viện (điều trị nội trú) và sau khi ra viện ông cần nghỉ để điều trị bệnh hoặc để ổn định sức khỏe sau khi điều trị nội trú thì bác sĩ sẽ căn cứ vào tình hình sức khỏe để quyết định số ngày nghỉ đối với ông (thời gian điều trị ngoại trú) nhưng tối đa không quá 30 ngày. Thời gian điều trị nội trú và ngoại trú mà ông không làm việc thì người sử dụng lao động không phải trả lương cho ông. Sau thời gian ốm đau (điều trị nội trú và ngoại trú), ông sẽ được xem xét, giải quyết chế độ ốm đau khi ông và đơn ",https://chinhsachonline.chinhphu.vn/duoc-huong-che-do-om-dau-hay-tai-nan-lao-dong-75078.htm,out_of_scope,,"AI hỗ trợ (Codex); chưa xác nhận bởi người. [CẦN RÀ SOÁT] Nguồn trả lời theo chế độ ốm đau và Điều 168 Bộ luật Lao động, không xác nhận TNLĐ. Bối cảnh ngã tại cơ quan dễ dẫn đến Điều 38; cần người kiểm tra sự phù hợp giữa hỏi và đáp.",ai_assisted,needs_review
24,"Khi giữ chức danh an toàn vệ sinh viên, người lao động được hưởng thêm phụ cấp trách nhiệm theo quy định tại điểm b khoản 5 Điều 74 Luật An toàn, vệ sinh lao động năm 2015. Mức phụ cấp của an toàn vệ sinh viên căn cứ vào thỏa thuận của người sử dụng lao động và Ban Chấp hành công đoàn cơ sở và được ghi cụ thể trong quy chế hoạt động của mạng lưới an toàn, vệ sinh viên. Sau khi thỏa thuận với Ban Chấp hành công đoàn, mức phụ cấp được ghi vào quy chế an toàn vệ sinh viên như sau: Khoản này được chi trả hằng tháng dựa theo hiệu quả công việc hằng tháng như sau: Xếp loại A được hưởng 100% mức hưởng, loại B được hưởng 80%, loại C được hưởng 60%, Loại D hoặc không xếp loại: 40%. Tôi xin hỏi, khoản tiền này công ty có phải tính vào tiền lương thực trả để tính lương làm thêm giờ cho người lao động và tính vào tiền lương làm cơ sở tham gia BHXH bắt buộc không?","Bảo hiểm xã hội tỉnh Thanh Hóa trả lời vấn đề này như sau: Tại Điều 17 Nghị định số 115/2015/NĐ-CP ngày 11/11/2015 của Chính phủ quy định chi tiết một số điều của Luật BHXH về BHXH bắt buộc quy định: ""Điều 17. Tiền lương tháng đóng BHXH bắt buộc: Tiền lương tháng đóng BHXH đối với người lao động đóng BHXH theo chế độ tiền lương do người sử dụng lao động quyết định tại khoản 2 Điều 89 của Luật BHXH được quy định như sau: 1. Từ ngày 01/01/2016 đến ngày 31/12/2017, tiền lương tháng đóng BHXH là mức lương và phụ cấp lương theo quy định của pháp luật về lao động ghi trong hợp đồng lao động. 2. Từ ngày 01/01/2018 trở đi, tiền lương tháng đóng BHXH là mức lương, phụ cấp lương và các khoản bổ sung khác theo quy định của pháp luật về lao động ghi trong hợp đồng lao động"". Tại Điều 7 Nghị định số 158/2025/NĐ-CP ngày 25/6/2025 của Chính phủ quy định chi tiết và hướng dẫn thi hành một số điều của Luật BHXH về BHXH bắt buộc, quy định: ""Điều 7. Tiền lương làm căn cứ đóng BHXH bắt buộc Tiền lương làm căn cứ đóng BHXH bắt buộc được thực hiện theo quy định tại khoản 1 Điều 31 của Luật BHXH và được quy định chi tiết như sau: 1. Tiền lương làm căn cứ đóng BHXH bắt buộc theo quy định tại điểm b khoản 1 Điều 31 của Luật BHXH là tiền lương tháng, bao gồm mức lương theo công việc hoặc chức danh, phụ cấp lương và các khoản bổ sung khác, trong đó: a) Mức lương theo công việc hoặc chức danh tính theo thời gian (theo tháng) của công việc hoặc chức danh theo thang lương, bảng lương do người sử dụng lao ",https://chinhsachonline.chinhphu.vn/phu-cap-theo-xep-loai-co-tinh-dong-bhxh-va-luong-lam-them-gio-89208.htm,out_of_scope,,"AI hỗ trợ (Codex); chưa xác nhận bởi người. Hỏi tiền lương, phụ cấp, làm thêm giờ hoặc lương khi điều chuyển; thuộc Bộ luật Lao động/BHXH, không phải chế độ trong Điều 1–62.",ai_assisted,proposed
25,"Tôi là bác sĩ y học dự phòng, ngạch V.08.02.06, công tác tại Khoa Sức khỏe môi trường – Y tế trường học – Bệnh nghề nghiệp, mảng bệnh nghề nghiệp tại Trung tâm Kiểm soát bệnh tật tỉnh. Tôi đã có chứng chỉ hành nghề bác sĩ y học dự phòng với chuyên môn khám, phát hiện và xử trí các bệnh thông thường; xử trí ban đầu một số trường hợp cấp cứu tại cộng đồng. Tôi cũng đã tham gia lớp khám bệnh nghề nghiệp của Viện Sức khỏe nghề nghiệp và Môi trường và có giấy chứng nhận giảng viên người huấn luyện an toàn vệ sinh lao động. Tôi có thời gian làm việc trên 36 tháng tại khoa bệnh nghề nghiệp. Xin hỏi, tôi có được khám bệnh nghề nghiệp cho người lao động tại các doanh nghiệp không?","Bộ Y tế trả lời vấn đề này như sau: Để được thực hiện khám bệnh, chữa bệnh bệnh nghề nghiệp bà có phạm vi hành nghề khám bệnh, chữa bệnh bệnh nghề nghiệp. Hiện nay, bà đã có chứng chỉ hành nghề đối với bác sĩ y học dự phòng, bà thực hiện điều chỉnh giấy phép hành nghề như sau: Tại điểm b khoản 2 Điều 135 Nghị định số 96/2023/NĐ-CP ngày 30/12/2023 của Chính phủ quy định: ""Điều kiện cấp điều chỉnh giấy phép hành nghề: ... b) Đối với trường hợp đã được cấp giấy phép hành nghề hoặc chứng chỉ hành nghề trước ngày 01 tháng 01 năm 2024, trong phạm vi hành nghề đã có chuyên khoa nhưng đề nghị bổ sung thêm chuyên khoa khác so với chuyên khoa đã được cấp trong phạm vi hành nghề phải đáp ứng các điều kiện sau đây: - Có một trong các văn bằng đào tạo theo quy định tại điểm b, c, d, đ hoặc e khoản 1 Điều 127 Nghị định này hoặc có chứng chỉ đào tạo chuyên khoa cơ bản theo quy định tại khoản 2 Điều 128 Nghị định này tương ứng với chức danh trên giấy phép hành nghề và chuyên khoa đề nghị bổ sung; - Đã hoàn thành quá trình thực hành đối với trường hợp quy định tại điểm b, c khoản 2 Điều 125 Nghị định này"". Tại khoản 2 Điều 128 Nghị định số 96/2023/NĐ-CP quy định điều kiện về văn bằng được cấp giấy phép hành nghề như sau: ""2. Yêu cầu đối với chứng chỉ đào tạo chuyên khoa cơ bản do cơ sở đào tạo trong nước cấp: a) Được cấp bởi cơ sở đào tạo đã có tối thiểu 01 khóa đào tạo cấp văn bằng chuyên khoa tương ứng đã tốt nghiệp hoặc cơ sở khám bệnh, chữa bệnh là cơ sở đào tạo thực hành đáp ứng quy định",https://chinhsachonline.chinhphu.vn/huong-dan-dieu-chinh-giay-phep-hanh-nghe-y-82219.htm,out_of_scope,,AI hỗ trợ (Codex); chưa xác nhận bởi người. Hỏi phạm vi hành nghề/vị trí việc làm của bác sĩ; thuộc quy định khám chữa bệnh và tổ chức nhân sự ngành y.,ai_assisted,proposed
26,"Trong quá trình triển khai thực hiện các quy định pháp luật về lao động, công ty tôi có vướng mắc khi xác định ""tiền lương giờ thực trả của công việc đang làm vào ngày làm việc bình thường"" để tính ""tiền lương làm thêm giờ"". Cụ thể, tại điểm a khoản 1 Điều 55 Nghị định số 145/2020/NĐ-CP có quy định về công thức tính tiền lương làm thêm giờ như sau: ""Tiền lương giờ thực trả của công việc đang làm vào ngày làm việc bình thường, được xác định bằng tiền lương thực trả của công việc đang làm của tháng hoặc tuần hoặc ngày mà người lao động làm thêm giờ (không bao gồm tiền lương làm thêm giờ, tiền lương trả thêm khi làm việc vào ban đêm, tiền lương của ngày nghỉ lễ, tết, ngày nghỉ có hưởng lương theo quy định của Bộ luật Lao động; tiền thưởng theo quy định tại Điều 104 của Bộ luật Lao động, tiền thưởng sáng kiến tiền ăn giữa ca, các khoản hỗ trợ xăng xe, điện thoại, đi lại, tiền nhà ở, tiền giữ trẻ, nuôi con nhỏ hỗ trợ khi có thân nhân bị chết, người lao động có người thân kết hôn, sinh nhật của người lao động, bệnh nghề nghiệp và các khoản hỗ trợ, trợ cấp khác không liên quan đến thực hiện công việc hoặc chức danh trong hợp đồng lao động) chia cho tổng số giờ thực tế làm việc tương ứng trong tháng hoặc tuần hoặc ngày người lao động làm thêm giờ (không quá số ngày làm việc bình thường trong tháng và số giờ làm việc bình thường trong 01 ngày, 01 tuần theo quy định của pháp luật mà doanh nghiệp lựa chọn và không kể số giờ làm thêm)"". Theo nội quy công ty đã được phê duyệt với Ban quản lý các khu công nghiệp tỉnh, công ty tôi đang chọn công chuẩn là 26 và đơn giá để tính tiền công ngày: tiền lương tháng chia 26 ngày và đơn giá tiền lương theo ngày bằng đơn giá ngày chia 8 giờ làm việc. Tôi xin hỏi, nếu áp dụng quy định nêu trên và nội quy công ty đã được duyệt, áp dụng tính lương tăng ca cho công nhân viên tại tháng 2 (tháng chỉ có 24 công), khi tính đơn giá tiền lương ngày, công ty tôi nên chia cho 24 (số ngày công thực của tháng) hay 26 (công chuẩn mà công ty lựa chọn và đăng ký trong nội quy)?","Bộ Nội vụ trả lời vấn đề này như sau: Căn cứ theo điểm a khoản 1 Điều 55 Nghị định số 145/2020/NĐ-CP ngày 14/12/2020 của Chính phủ quy định chi tiết và hướng dẫn thi hành một số điều của Bộ luật Lao động về điều kiện lao động và quan hệ lao động, quy định tiền lương giờ thực trả của công việc đang làm vào ngày làm việc bình thường, được xác định bằng tiền lương thực trả của công việc đang làm của tháng hoặc tuần hoặc ngày mà người lao động làm thêm giờ chia cho tổng số giờ thực tế làm việc tương ứng trong tháng hoặc tuần hoặc ngày người lao động làm thêm giờ (không quá số ngày làm việc bình thường trong tháng và số giờ làm việc bình thường trong 1 ngày, 1 tuần theo quy định của pháp luật mà doanh nghiệp lựa chọn và không kể số giờ làm thêm). Căn cứ quy định nêu trên thì tiền lương làm thêm giờ được xác định dựa trên tiền lương thực trả của công việc đang làm của người lao động chia cho thời gian làm việc thực tế của người lao động do doanh nghiệp lựa chọn. Công ty căn cứ quy định nêu trên để thực hiện. Trường hợp cần thiết công ty liên hệ với cơ quan quản lý lao động ở địa phương để xem xét trả lời theo thẩm quyền.",https://chinhsachonline.chinhphu.vn/huong-dan-tinh-tien-luong-lam-them-gio-79734.htm,out_of_scope,,"AI hỗ trợ (Codex); chưa xác nhận bởi người. Hỏi tiền lương, phụ cấp, làm thêm giờ hoặc lương khi điều chuyển; thuộc Bộ luật Lao động/BHXH, không phải chế độ trong Điều 1–62.",ai_assisted,proposed
27,"Tôi là bác sĩ y học dự phòng tại bệnh viện chuyên khoa thành phố, đã được cấp chứng chỉ hành nghề, phạm vi hoạt động chuyên môn là khám, phát hiện và xử lý các bệnh thông thường, xử lý ban đầu một số trường hợp cấp cứu tại cộng đồng. Theo Phụ lục I Thông tư số 03/2023/TT-BYT hướng dẫn vị trí việc làm, định mức số lượng người làm việc, cơ cấu viên chức theo chức danh nghề nghiệp của cơ sở khám bệnh, chữa bệnh thì bác sĩ y học dự phòng không có vị trí việc làm tại các cơ sở khám, chữa bệnh. Tuy nhiên, tại cơ sở khám, chữa bệnh có thực hiện các hoạt động tiêm chủng, hoạt động khám, phát hiện bệnh nghề nghiệp, các danh mục này bác sĩ y học dự phòng có thể thực hiện được. Tôi xin hỏi, tại sao bác sĩ y học dự phòng lại không có vị trí việc làm trong cơ sở khám, chữa bệnh?","Bộ Y tế t rả lời vấn đề này như sau : Việc xây dựng vị trí việc làm phải bảo đảm thực hiện theo nguyên tắc xác định vị trí việc làm: Phù hợp với chức năng, nhiệm vụ, quyền hạn và cơ cấu tổ chức của đơn vị sự nghiệp công lập. Thông tư số 03/2023/TT-BYT hướng dẫn vị trí việc làm, định mức số lượng người làm việc, cơ cấu viên chức theo chức danh nghề nghiệp của cơ sở khám bệnh, chữa bệnh không có vị trí việc làm bác sĩ y học dự phòng do nhiệm vụ của bác sĩ y học dự phòng theo quy định của pháp luật không bảo đảm được đầy đủ nguyên tắc trên.",https://chinhsachonline.chinhphu.vn/xac-dinh-vi-tri-viec-lam-cua-bac-si-y-hoc-du-phong-77866.htm,out_of_scope,,AI hỗ trợ (Codex); chưa xác nhận bởi người. Hỏi phạm vi hành nghề/vị trí việc làm của bác sĩ; thuộc quy định khám chữa bệnh và tổ chức nhân sự ngành y.,ai_assisted,proposed
28,"Tôi làm công việc khai thác mỏ hầm lò, bị tai nạn lao động với tỷ lệ thương tật là 70%. Theo quy định tại công ty tôi, trường hợp người lao động bị thương tật trên 61% sẽ không được làm việc dưới mỏ hầm lò mà phải chuyển lên làm việc tại mặt bằng. Tuy nhiên, tôi nhận thấy sức khoẻ vẫn đáp ứng được điều kiện của công việc. Xin hỏi, tôi có thể xin đi khám đánh giá lại sức khoẻ để đủ điều kiện làm việc trong môi trường hầm lò được không?","Bộ Lao động – Thương binh và Xã hội trả lời vấn đề này như sau: Căn cứ Khoản 1 Điều 47 Luật An toàn, vệ sinh lao động 2015 về giám định mức suy giảm khả năng lao động: ""1. Người lao động bị tai nạn lao động, bệnh nghề nghiệp được giám định hoặc giám định lại mức suy giảm khả năng lao động khi thuộc một trong các trường hợp sau đây: a) Sau khi bị thương tật, bệnh tật lần đầu đã được điều trị ổn định còn di chứng ảnh hưởng tới sức khỏe; b) Sau khi thương tật, bệnh tật tái phát đã được điều trị ổn định; c) Đối với trường hợp thương tật hoặc bệnh nghề nghiệp không có khả năng điều trị ổn định theo quy định của Bộ trưởng Bộ Y tế thì người lao động được làm thủ tục giám định trước hoặc ngay trong quy trình điều trị"". Đề nghị ông Bình căn cứ tình hình bản thân để lập hồ sơ đề nghị khám giám định lại theo quy định pháp luật.",https://chinhsachonline.chinhphu.vn/can-cu-lap-ho-so-giam-dinh-lai-muc-suy-giam-kha-nang-lao-dong-72701.htm,in_scope,47,AI hỗ trợ (Codex); chưa xác nhận bởi người. Hỏi giám định lại suy giảm khả năng lao động; nguồn dẫn khoản 1 Điều 47.,ai_assisted,proposed
29,"Tôi công tác tại doanh nghiệp cung ứng dịch vụ quản lý bảo trì đường bộ, dịch vụ vận hành và khai thác bến phà. Tôi xin hỏi, hạt trưởng, hạt phó quản lý các hạt giao thông, hay đội trưởng các hạt giao thông, bến trưởng, bến phó quản lý các bến phà, các cán bộ kỹ thuật (văn phòng nhưng vẫn phải đi hiện trường, và trực tiếp ngoài hiện trường) thì lương và các khoản phụ cấp có nằm trong Danh mục nghề, công việc nặng nhọc, độc hại, nguy hiểm và nghề, công việc đặc biệt nặng nhọc, độc hại, nguy hiểm không? Thực tế cán bộ kỹ thuật văn phòng và công trường, bến trưởng, bến phó, hạt trưởng, hạt phó đều phải chịu các tác động độc hại, nguy hiểm giống công nhân trực tiếp tại hiện trường. Vậy khi xét chế độ về hưu sớm trước tuổi thì có áp dụng chế độ công việc nằm trong Danh mục nghề, công việc nặng nhọc, độc hại, nguy hiểm và nghề, công việc đặc biệt nặng nhọc, độc hại, nguy hiểm không?","Bộ Nội vụ trả lời vấn đề này như sau: Khoản 1 Điều 22 Luật An toàn, vệ sinh lao động quy định: ""Nghề, công việc nặng nhọc, độc hại, nguy hiểm và nghề, công việc đặc biệt nặng nhọc, độc hại, nguy hiểm được phân loại căn cứ vào đặc điểm, điều kiện lao động đặc trưng của mỗi nghề, công việc"". Danh mục nghề, công việc nặng nhọc, độc hại, nguy hiểm và nghề, công việc đặc biệt nặng nhọc, độc hại, nguy hiểm được Bộ Lao động - Thương binh và Xã hội (nay là Bộ Nội vụ) ban hành tại Thông tư số 11/2020/TT-BLĐTBXH ngày 12/11/2020 và Thông tư số 19/2023/TT-BLĐTBXH . Người lao động làm nghề, công việc nặng nhọc, độc hại, nguy hiểm và nghề, công việc đặc biệt nặng nhọc, độc hại, nguy hiểm được thực hiện đầy đủ các chế độ bảo hộ lao động và chăm sóc sức khỏe theo quy định của pháp luật. Thông tin mà bà Diễm cung cấp chưa đủ cơ sở để xác định các trường hợp bà nêu có làm nghề, công việc nặng nhọc, độc hại, nguy hiểm hay không. Để có cơ sở xác định, bà cần cung cấp thêm tài liệu liên quan quá trình làm việc, điều kiện làm việc thực tế (như bảng mô tả cụ thể vị trí việc làm; điều kiện lao động; văn bản phân công công việc hoặc văn bản xác nhận quá trình công tác của đơn vị sử dụng lao động; sổ bảo hiểm xã hội;...), gửi trực tiếp tài liệu về Sở Nội vụ địa phương nơi bà làm việc để được hướng dẫn cụ thể.",https://chinhsachonline.chinhphu.vn/cong-viec-nao-duoc-coi-nang-nhoc-doc-hai-nguy-hiem-91224.htm,in_scope,22,"AI hỗ trợ (Codex); chưa xác nhận bởi người. [CẦN RÀ SOÁT] Câu hỏi chính về xác định nghề/công việc nặng nhọc; nguồn dẫn Điều 22. Có nhắc nghỉ hưu và phụ cấp, cần người xác nhận có tách thành nhiều ý hay không.",ai_assisted,needs_review
30,"Tôi đóng BHXH từ tháng 7/2005 đến tháng 11/2025. Tháng 6/2025, tôi làm IVF nhưng không thành công. Tháng 8/2025, tôi nghỉ hưởng chế độ BHXH do sảy thai nhưng vẫn tham gia BHXH. Tháng 11/2025, tôi tiếp tục thực hiện chuyển phôi và không tham gia BHXH do nghỉ ốm hưởng chế độ BHXH. Tháng 12/2025, tôi nghỉ không hưởng lương, không tham gia BHXH, tháng 1/2026 chấm dứt hợp đồng lao động và hưởng chế độ BHTN, dự kiến sinh con tháng 9/2026. Xin hỏi, tôi có đủ điều kiện để hưởng chế độ thai sản áp dụng cho lao động nữ điều trị vô sinh không? Nếu được thì hồ sơ cần những gì và nộp ở cơ quan nào?","Bảo hiểm xã hội tỉnh Bắc Ninh trả lời vấn đề này như sau: Khoản 5 Điều 50 Luật BHXH 2024 quy định: ""Đối tượng quy định tại điểm b khoản 1 Điều này đã đóng BHXH bắt buộc từ đủ 6 tháng trở lên trong thời gian 24 tháng liền kề trước khi sinh con đối với trường hợp phải nghỉ việc để điều trị vô sinh"". Như vậy bà Vũ Nương đủ điều kiện hưởng chế độ thai sản áp dụng đối với trường hợp lao động nữ phải nghỉ việc để điều trị vô sinh. Hồ sơ đề nghị hưởng chế độ thai sản quy định tại điểm a khoản 1 Điều 61 của Luật BHXH 2024 bao gồm: bản sao giấy khai sinh hoặc trích lục khai sinh hoặc bản sao giấy chứng sinh của con và giấy tờ chứng minh quá trình điều trị vô sinh của lao động nữ. Theo khoản 1 Điều 12 Thông tư số 25/2025/TT-BYT ngày 30/6/2025 của Bộ trưởng Bộ Y tế quy định chi tiết thi hành Luật BHXH, Luật An toàn, vệ sinh lao động về lĩnh vực y tế và một số điều của Luật Khám bệnh, chữa bệnh, giấy tờ chứng minh quá trình điều trị vô sinh của lao động nữ gồm một trong các giấy tờ sau: Giấy ra viện; Bản tóm tắt hồ sơ bệnh án; Giấy xác nhận quá trình điều trị nội trú; Giấy xác nhận quá trình điều trị vô sinh của lao động nữ. Khi có đủ các giấy tờ theo quy định nêu trên, bà Nương nộp trực tiếp tại Bộ phận Tiếp nhận và trả kết quả thủ tục hành chính của cơ quan BHXH tỉnh hoặc BHXH cơ sở nơi gần nhất.",https://chinhsachonline.chinhphu.vn/che-do-thai-san-voi-lao-dong-nu-dieu-tri-vo-sinh-84863.htm,out_of_scope,,"AI hỗ trợ (Codex); chưa xác nhận bởi người. Chế độ thai sản, điều trị vô sinh hoặc dưỡng sức sau thai sản theo Luật BHXH; không phải dưỡng sức TNLĐ tại Điều 54.",ai_assisted,proposed
31,"Tôi được chẩn đoán mắc bệnh Hemophilia (rối loạn đông máu di truyền) mạn tính cần điều trị lâu dài, chi phí điều trị rất cao, vượt quá khả năng chi trả nếu không có hỗ trợ từ BHYT. Tôi xin hỏi, người mắc như tôi có được thanh toán BHYT 100% không? Tôi đã có thẻ BHYT nhưng chưa hưởng 100% BHYT thì tôi cần làm gì để được xem xét điều chỉnh, bổ sung quyền lợi? Hồ sơ gồm những giấy tờ gì? Nộp tại cơ quan nào? Người mắc bệnh Hemophilia có được cấp BHYT theo nhóm bảo trợ xã hội hoặc bệnh hiếm, bệnh mạn tính không?","Bảo hiểm xã hội Việt Nam trả lời vấn đề này như sau: Không quy định mức hưởng BHYT theo tên bệnh Về mức hưởng BHYT của người mắc bệnh Hemophilia, Luật BHYT quy định mức hưởng BHYT theo đối tượng tham gia BHYT, không quy định mức hưởng BHYT theo tên bệnh. Theo đó, tại Điều 12 và Điều 22 Luật BHYT không có quy định người mắc bệnh Hemophilia có mức hưởng 100% chi phí khám bệnh, chữa bệnh. Theo quy định tại điểm d khoản 1 Điều 22 Luật BHYT và Điều 18 Nghị định số 188/2025/NĐ-CP ngày 1/7/2025 của Chính phủ quy định chi tiết và hướng dẫn thi hành một số điều của Luật BHYT quỹ BHYT thanh toán 100% chi phí khám bệnh, chữa bệnh trong phạm vi được hưởng của người tham gia BHYT kể từ thời điểm người bệnh đồng thời đạt đủ điều kiện tham gia BHYT 5 năm liên tục trở lên và có số tiền cùng chi trả chi phí khám bệnh, chữa bệnh trong năm tài chính lớn hơn 6 tháng lương cơ sở đến hết ngày 31 tháng 12 của năm đó, người bệnh được hưởng chế độ không phải cùng chi trả ngay tại cơ sở khám bệnh, chữa bệnh. Xác định đối tượng tham gia BHYT Về tham gia BHYT theo nhóm đối tượng bảo trợ xã hội, do thông tin ông Chiến cung cấp không đầy đủ nên BHXH Việt Nam cung cấp một số thông tin để xác định người tham gia BHYT thuộc đối tượng bảo trợ xã hội tại Điều 5 Nghị định số 20/2021/NĐ-CP ngày 15/3/2021 của Chính phủ quy định chính sách trợ giúp xã hội đối với đối tượng bảo trợ xã hội như sau: - Người thuộc diện hộ nghèo, hộ cận nghèo chưa có chồng hoặc chưa có vợ, đã có chồng hoặc vợ nhưng đã chết hoặc mất tíc",https://chinhsachonline.chinhphu.vn/quyen-loi-bhyt-doi-voi-benh-can-chua-tri-dai-ngay-84616.htm,out_of_scope,,"AI hỗ trợ (Codex); chưa xác nhận bởi người. Quyền lợi BHYT cho bệnh Hemophilia và bảo trợ xã hội, không phải BH TNLĐ-BNN.",ai_assisted,proposed
32,"Tôi nghiên cứu Điều 7 và Điều 8 Thông tư số 17/2021/TT-BLĐTBXH liên quan đến quy trình kiểm định kỹ thuật an toàn chai chứa khí công nghiệp, tôi hiểu rằng, trong trường hợp kiểm định chai tại cơ sở, thì việc kiểm định phải được trực tiếp thực hiện/thao tác trên thiết bị bởi kiểm định viên của chính tổ chức có giấy chứng nhận về hoạt động kiểm định đó, những cá nhân khác (đại diện cơ sở và người được giao tham gia chứng kiến) sẽ chỉ có trách nhiệm giám sát/chứng kiến chứ không được trực tiếp tham gia thực hiện các thao tác kiểm định. Tôi xin hỏi, cách hiểu như trên có đúng không? Việc để một cá nhân dù có hiểu biết về quy trình kiểm định, trực tiếp thực hiện kiểm tra kỹ thuật (kiểm tra kỹ thuật bên ngoài, bên trong, giãn nở thể tích, thử kín, xả khí và hút chân không,..) đối với các chai, và kiểm định viên trực tiếp giám sát việc kiểm định chai của cá nhân đó thì có trái với quy định tại Thông tư số 17/2021/TT-BLĐTBXH hoặc quy định pháp luật không? Theo khoản 1 Điều 4 Nghị định số 44/2016/NĐ-CP (sửa đổi, bổ sung tại khoản 1 Điều 1 Nghị định 140/2018/NĐ-CP), điều kiện để cấp giấy chứng nhận đủ điều kiện hoạt động kiểm định kỹ thuật an toàn lao động bao gồm: bảo đảm thiết bị, dụng cụ phục vụ kiểm định; có ít nhất 2 kiểm định viên làm việc theo hợp đồng,...; người phụ trách kỹ thuật hoạt động kiểm định của tổ chức phải có thời gian làm kiểm định viên tối thiểu 2 năm. Như vậy, tôi hiểu, nếu một doanh nghiệp có vốn đầu tư nước ngoài 100% đáp ứng được đầy đủ các điều kiện trên thì vẫn có thể xin cấp Giấy chứng nhận hoạt động kiểm định kỹ thuật an toàn lao động và sau khi có giấy chứng nhận, doanh nghiệp có vốn đầu tư nước ngoài này có thể tự thực hiện việc kiểm định chai khí và lập biên bản kiểm định. Xin hỏi, cách hiểu của tôi là đúng hay sai?","Bộ Nội vụ trả lời vấn đề này như sau: Căn cứ Điều 16 Nghị định số 44/2016/NĐ-CP ngày 15/5/2016 của Chính phủ và Điều 8 Quy trình kiểm định kỹ thuật an toàn chai chứa khí (QTKĐ:06-2021/BLĐTBXH) ban hành kèm theo Thông tư số 17/2021/TT-BLĐTBXH ngày 15/11/2021 của Bộ trưởng Bộ Lao động – Thương binh và Xã hội, việc kiểm định kỹ thuật an toàn đối với chai chứa khí phải do kiểm định viên thực hiện đầy đủ, lần lượt theo các bước quy định. Do đó, việc để người sử dụng trực tiếp thực hiện các thao tác kỹ thuật (kiểm tra bên ngoài, bên trong, giãn nở thể tích, thử kín, xả khí, hút chân không…) như ý kiến phản ánh thay cho kiểm định viên là không đúng quy định tại Quy trình kiểm định kỹ thuật an toàn chai chứa khí (QTKĐ :06-2021/BLĐTBXH) nêu trên. Căn cứ theo quy định tại khoản 1 Điều 32 Luật An toàn, vệ sinh lao động năm 2015: ""Tổ chức hoạt động kiểm định kỹ thuật an toàn lao động là đơn vị sự nghiệp công lập hoặc doanh nghiệp cung ứng dịch vụ kiểm định kỹ thuật an toàn lao động"", không quy định tổ chức hoạt động kiểm định kỹ thuật an toàn lao động là doanh nghiệp Việt Nam hay doanh nghiệp có vốn đầu tư nước ngoài. Vì vậy, để được cấp Giấy chứng nhận đủ điều kiện hoạt động kiểm định kỹ thuật an toàn lao động, tổ chức phải bảo đảm các điều kiện quy định tại khoản 1 Điều 4 Nghị định số 44/2016/NĐ-CP ngày 15/5/2016 (được sửa đổi, bổ sung tại khoản 1 Điều 1 Nghị định số 140/2018/NĐ-CP ngày 8/10/2018) của Chính phủ. Tuy nhiên, để có thể thực hiện hoạt động kiểm định kỹ thuật an toàn lao độ",https://chinhsachonline.chinhphu.vn/doanh-nghiep-nuoc-ngoai-co-duoc-lam-dich-vu-kiem-dinh-ky-thuat-an-toan-lao-dong-81803.htm,multi_intent,,AI hỗ trợ (Codex); chưa xác nhận bởi người. [CẦN RÀ SOÁT] Hỏi riêng người trực tiếp thao tác kiểm định (Điều 31 và quy trình kiểm định) và điều kiện doanh nghiệp FDI hoạt động kiểm định (Điều 32). Áp R5 nhiều Điều dù cùng C1; cần thống nhất vì team-todo mô tả multi_intent hẹp hơn (nhiều lớp).,ai_assisted,needs_review
33,"Theo QCVN 03:2011/BLĐTBXH (Quy chuẩn kỹ thuật quốc gia về an toàn lao động đối với máy hàn điện và công việc hàn điện): ""Chỉ những người có chứng chỉ về công việc hàn điện, được huấn luyện về an toàn lao động và được cấp thẻ an toàn mới được phép thực hiện công việc hàn điện"". Các hoạt động hàn của công ty tôi chủ yếu là hàn điện trở (hàn điểm), hàn mạch điện tử. Hàn điện trở dùng ""súng""/thiết bị có 2 điện cực, thao tác của người công nhân chỉ là bóp cò, bấm nút để 2 điện cực ép vào nhau, không đòi hỏi kỹ năng cao như hàn TIG/MIG/MAG. Hàn mạch điện tử chủ yếu là hàn tự động, người lao động chỉ phải thao tác hàn trực tiếp để chỉnh sửa sản phẩm (rework) trong một ít trường hợp cần thiết. Tôi xin hỏi, với các hoạt động hàn ở trên, công ty tôi có thể áp dụng hình thức đào tạo nội bộ kết hợp huấn luyện an toàn vệ sinh lao động để đáp ứng yêu cầu quy định không? Về điều khiển thiết bị nâng, căn cứ mục 3.6.4 QCVN 07:2012/BLĐTBXH (Quy chuẩn kỹ thuật quốc gia về an toàn lao động đối với thiết bị nâng): ""Công nhân điều khiển thiết bị nâng và công nhân buộc móc tải phải đảm bảo được đào tạo về chuyên môn và được huấn luyện, cấp thẻ an toàn theo đúng quy định"". Căn cứ QCVN 25:2015/BLĐTBXH – Quy chuẩn kỹ thuật quốc gia về an toàn lao động đối với xe nâng hàng sử dụng động cơ có tải trọng nâng từ 1.000kg trở lên, mục 1.3.2. giải thích: ""Người vận hành (operator) là người đã được đào tạo, huấn luyện và cấp chứng chỉ về an toàn lao động, vệ sinh lao động được cấp chứng chỉ vận hành xe nâng hàng và phải chịu trách nhiệm đối với việc chuyển động và nâng hạ tải của xe nâng hàng"". Trên thực tế, người lao động khi tham gia ứng tuyển cho các công việc này cung cấp các loại chứng chỉ khác nhau như chứng chỉ sơ cấp, chứng chỉ kỹ năng nghề, chứng chỉ đào tạo khóa ngắn hạn dưới 3 tháng, chứng nhận đào tạo nội bộ. Vì vậy, để triển khai đồng nhất các điều kiện vận hành thiết bị nâng, xe nâng hàng, tôi đề nghị được giải đáp một số nội dung sau: - Đối với người lao động trực tiếp vận hành thiết bị nâng, xe nâng hàng, thì các loại chứng chỉ nào (chứng chỉ đào tạo sơ cấp, chứng chỉ đào tạo nghề, chứng chỉ kỹ năng nghề hay xác nhận hoàn thành khóa huấn luyện nội bộ) được chấp nhận là đủ đáp ứng yêu cầu tại các Quy chuẩn kỹ thuật quốc gia? - Đối với điều kiện người điều khiển thiết bị nâng, xe nâng hàng phải được đào tạo chuyên môn, công ty tôi có thể tự đào tạo nội bộ hay cần phải mời đơn vị có chức năng đào tạo/cấp chứng chỉ từ bên ngoài?","Bộ Nội vụ trả lời vấn đề này như sau: Căn cứ điểm 3.4.2.1 của QCVN 03:2011/BLĐTBXH Quy chuẩn kỹ thuật quốc gia về an toàn lao động đối với máy hàn điện và công việc hàn điện: ""Chỉ những người có chứng chỉ về công việc hàn điện, đã được huấn luyện an toàn lao động và được cấp thẻ an toàn mới được phép thực hiện công việc hàn điện"". Vì vậy, người lao động thực hiện công việc hàn điện nêu tại QCVN 03:2011/BLĐTBXH, phải đáp ứng các yêu cầu quy định tại điểm 3.4.2.1 Quy chuẩn này. Về điều khiển thiết bị nâng, theo quy định tại điểm 1.3.2 QCVN 25:2015/BLĐTBXH Quy chuẩn kỹ thuật quốc gia về an toàn lao động đối với xe nâng hàng sử dụng động cơ có tải trọng nâng từ 1.000 kg trở lên: ""… người vận hành xe nâng hàng phải có chứng chỉ vận hành…"". Quy chuẩn không quy định cụ thể loại chứng chỉ (sơ cấp, kỹ năng nghề hay đào tạo ngắn hạn). Vì vậy, người lao động được cấp chứng chỉ vận hành xe nâng hàng phù hợp quy định của pháp luật, được xem là đáp ứng yêu cầu tại QCVN 25:2015/BLĐTBXH. Theo quy định tại điểm 3.6.4 QCVN 07:2012/BLĐTBXH Quy chuẩn kỹ thuật quốc gia về an toàn lao động đối với thiết bị nâng: ""Công nhân điều khiển thiết bị nâng và công nhân buộc móc phải được đào tạo về chuyên môn"". Tuy nhiên, Quy chuẩn QCVN 07:2012/BLĐTBXH không quy định cụ thể về đơn vị thực hiện việc huấn luyện, đào tạo. Vì vậy, doanh nghiệp có thể chủ động lựa chọn hình thức, phương pháp huấn luyện, đào tạo phù hợp để bảo đảm người lao động được trang bị đầy đủ kiến thức chuyên môn theo yêu cầu, đảm bảo an ",https://chinhsachonline.chinhphu.vn/doanh-nghiep-co-duoc-tu-dao-tao-nguoi-lao-dong-van-hanh-thiet-bi-80660.htm,out_of_scope,,"AI hỗ trợ (Codex); chưa xác nhận bởi người. [CẦN RÀ SOÁT] Trọng tâm là loại chứng chỉ nghề hàn/vận hành xe nâng và quyền tự đào tạo theo QCVN, không chỉ huấn luyện ATVSLĐ tại Điều 14. Cần rà lại ranh giới với C6.",ai_assisted,needs_review
34,"Bố đẻ tôi là người Hàn Quốc, làm việc từ tháng 6/2024 đến tháng 2/2025 tại một ngân hàng nước ngoài chi nhánh Hải Phòng. Tôi được biết thông tin có thể nhận trợ cấp một lần từ BHXH Việt Nam, tôi đề nghị được hướng dẫn về thủ tục nhận tiền cũng như số tiền hoàn trả dự kiến.","Bảo hiểm xã hội Việt Nam trả lời vấn đề này như sau: Tại khoản 1 Điều 2 Nghị định số 143/2018/NĐ-CP ngày 15/10/2018 của Chính phủ quy định chi tiết Luật BHXH và Luật An toàn, vệ sinh lao động về BHXH bắt buộc đối với người lao động là công dân nước ngoài làm việc tại Việt Nam quy định đối tượng áp dụng như sau: ""Người lao động là công dân nước ngoài làm việc tại Việt Nam thuộc đối tượng tham gia bảo hiểm xã hội bắt buộc khi có giấy phép lao động hoặc chứng chỉ hành nghề hoặc giấy phép hành nghề do cơ quan có thẩm quyền của Việt Nam cấp và có hợp đồng lao động không xác định thời hạn, hợp đồng lao động xác định thời hạn từ đủ 01 năm trở lên với người sử dụng lao động tại Việt Nam"". Tại khoản 6 Điều 9 Nghị định số 143/2018/NĐ-CP quy định các trường hợp hưởng BHXH một lần như sau: ""Người lao động quy định tại khoản 1 Điều 2 của Nghị định này mà có yêu cầu thì được hưởng bảo hiểm xã hội một lần nếu thuộc một trong các trường hợp sau đây: ... d) Người lao động khi chấm đứt hợp đồng lao động hoặc giấy phép lao động, chứng chỉ hành nghề, giấy phép hành nghề hết hiệu lực mà không được gia hạn"". Tại khoản 7 Điều 9 Nghị định số 143/2018/NĐ-CP quy định mức hưởng BHXH một lần thực hiện theo quy định tại điểm b khoản 2 Điều 60 Luật BHXH năm 2014, cụ thể: ""02 tháng mức bình quân tiền lương tháng đóng bảo hiểm xã hội cho những năm đóng từ năm 2014 trở đi"". Tuy nhiên theo thông tin ông cung cấp thì trường hợp bố đẻ của ông đóng BHXH chưa đủ 01 năm nên thanh toán BHXH một lần được thực hiện t",https://chinhsachonline.chinhphu.vn/nguoi-nuoc-ngoai-rut-bhxh-mot-lan-the-nao-80568.htm,out_of_scope,,AI hỗ trợ (Codex); chưa xác nhận bởi người. Hỏi nhận BHXH một lần/rút BHXH; khác trợ cấp một lần do TNLĐ tại Điều 48.,ai_assisted,proposed
35,"Tôi xin hỏi, người nước ngoài có thời gian 5 năm làm việc và đóng BHXH tại Việt Nam thì sau khi chấm dứt hợp đồng lao động người nước ngoài có được hưởng trợ cấp một lần không? Nếu được thì hồ sơ cần những gì?","Bảo hiểm xã hội Việt Nam trả lời vấn đề này như sau: Điểm đ khoản 6 Điều 9 Nghị định số 143/2018/NĐ-CP ngày 15/10/2018 của Chính phủ quy định chi tiết Luật BHXH và Luật An toàn, vệ sinh lao động về BHXH bắt buộc đối với người lao động là công dân nước ngoài làm việc tại Việt Nam quy định: Người lao động là công dân nước ngoài làm việc tại Việt Nam thuộc đối tượng tham gia BHXH bắt buộc mà có yêu cầu thì được hưởng BHXH một lần khi chấm dứt hợp đồng lao động hoặc giấy phép lao động, chứng chỉ hành nghề, giấy phép hành nghề hết hiệu lực mà không được gia hạn. Hồ sơ hưởng BHXH một lần được quy định tại Điều 109 Luật BHXH năm 2014 bao gồm: - Sổ BHXH; - Đơn đề nghị hưởng BHXH một lần (Mẫu số 14-HSB kèm theo Quyết định số 686/QĐ-BHXH ngày 29/5/2024 của BHXH Việt Nam).",https://chinhsachonline.chinhphu.vn/lao-dong-nuoc-ngoai-cham-dut-hop-dong-co-duoc-bhxh-mot-lan-79135.htm,out_of_scope,,AI hỗ trợ (Codex); chưa xác nhận bởi người. Hỏi nhận BHXH một lần/rút BHXH; khác trợ cấp một lần do TNLĐ tại Điều 48.,ai_assisted,proposed
36,"Tôi xin hỏi, người lao động nước ngoài đã chấm dứt hợp đồng lao động, giấy phép lao động đã hết hạn, không được gia hạn tiếp, nay người lao động muốn rút BHXH một lần thì thủ tục và hồ sơ như thế nào?","Bảo hiểm xã hội Việt Nam trả lời vấn đề này như sau: Theo quy định tại điểm d khoản 6 Điều 9 Nghị định số 143/2018/NĐ-CP ngày 15/10/2018 của Chính phủ về hướng dẫn Luật BHXH và Luật An toàn, vệ sinh lao động về BHXH bắt buộc đối với người lao động là công dân nước ngoài làm việc tại Việt Nam thì trường hợp người lao động là công dân nước ngoài mà có yêu cầu thì được hưởng BHXH một lần khi chấm đứt hợp đồng lao động hoặc giấy phép lao động, chứng chỉ hành nghề, giấy phép hành nghề hết hiệu lực mà không được gia hạn. Hồ sơ đề nghị hưởng BHXH một lần đối với người lao động là công dân nước ngoài được quy định tại khoản 1 Điều 15 Nghị định số 143/2018/NĐ-CP và khoản 1, 2 Điều 109 Luật BHXH năm 2014: - Sổ BHXH; - Đơn đề nghị hưởng BHXH một lần của người lao động (Mẫu 14-HSB bản song ngữ: tiếng Việt và tiếng Anh). - Thời hạn nộp hồ sơ, khoản 3 Điều 15 Nghị định số 143/2018/NĐ-CP ngày 15/10/2018 của Chính phủ quy định: Trong thời hạn 10 ngày tính đến thời điểm chấm đứt hợp đồng lao động hoặc thời điểm giấy phép lao động, chứng chỉ hành nghề, giấy phép hành nghề hết hiệu lực (tùy thuộc điều kiện nào đến trước) mà người lao động không tiếp tục làm việc theo hợp đồng lao động hoặc không được gia hạn giấy phép, người lao động có yêu cầu hưởng BHXH một lần nộp hồ sơ theo quy định cho cơ quan BHXH.",https://chinhsachonline.chinhphu.vn/thu-tuc-rut-bhxh-mot-lan-doi-voi-lao-dong-nuoc-ngoai-78491.htm,out_of_scope,,AI hỗ trợ (Codex); chưa xác nhận bởi người. Hỏi nhận BHXH một lần/rút BHXH; khác trợ cấp một lần do TNLĐ tại Điều 48.,ai_assisted,proposed
37,"Vợ tôi là công chức, có thai được 3 tháng nhưng bị lưu thai phải nằm viện 7 ngày. Sau khi ra viện, vợ tôi đi làm nhưng sức khỏe vẫn chưa hồi phục. Xin hỏi, vợ tôi có được nghỉ thêm để có thời gian hồi phục sức khỏe không?","Bảo hiểm xã hội tỉnh Thái Bình trả lời vấn đề này như sau: Theo Khoản 1 Điều 33 Luật BHXH số 58/2014/QH13 : Khi sẩy thai, nạo, hút thai, thai chết lưu hoặc phá thai bệnh lý thì lao động nữ được nghỉ việc hưởng chế độ thai sản theo chỉ định của cơ sở khám bệnh, chữa bệnh có thẩm quyền. Thời gian nghỉ việc tối đa được quy định như sau: - 10 ngày nếu thai dưới 5 tuần tuổi; - 20 ngày nếu thai từ 05 tuần tuổi đến dưới 13 tuần tuổi; - 40 ngày nếu thai từ 13 tuần tuổi đến dưới 25 tuần tuổi; - 50 ngày nếu thai từ 25 tuần tuổi trở lên. Điều 41 Luật BHXH số 58/2014/QH13 quy định: Lao động nữ ngay sau thời gian hưởng chế độ thai sản quy định tại Điều 33, Khoản 1 hoặc Khoản 3 Điều 34 của Luật này, trong khoảng thời gian 30 ngày đầu làm việc mà sức khỏe chưa phục hồi thì được nghỉ dưỡng sức, phục hồi sức khoẻ từ 5 ngày đến 10 ngày. Số ngày nghỉ dưỡng sức, phục hồi sức khỏe do người sử dụng lao động và Ban Chấp hành công đoàn cơ sở quyết định, trường hợp đơn vị sử dụng lao động chưa thành lập công đoàn cơ sở thì do người sử dụng lao động quyết định. Theo quy định tại Thông tư số 18/2022/TT-BYT ngày 31/12/2022 của Bộ trưởng Bộ Y tế sửa đổi, bổ sung một số điều của Thông tư số 56/2017/TT-BYT ngày 29/12/2017 của Bộ trưởng Bộ Y tế quy định chi tiết thi hành Luật BHXH và Luật An toàn, vệ sinh lao động thuộc lĩnh vực y tế hướng dẫn ghi giấy ra viện (Phụ lục 3) phần ghi chú ghi lời dặn của thầy thuốc: Trường hợp người bệnh cần nghỉ để điều trị bệnh hoặc để ổn định sức khỏe sau khi điều trị nội tr",https://chinhsachonline.chinhphu.vn/thoi-gian-nghi-duong-suc-phuc-hoi-suc-khoe-sau-thai-san-76681.htm,out_of_scope,,"AI hỗ trợ (Codex); chưa xác nhận bởi người. Chế độ thai sản, điều trị vô sinh hoặc dưỡng sức sau thai sản theo Luật BHXH; không phải dưỡng sức TNLĐ tại Điều 54.",ai_assisted,proposed
38,"Thông tư số 36/2019/TT-BLĐTBXH về ban hành Danh mục các loại máy, thiết bị, vật tư, chất có yêu cầu nghiêm ngặt về an toàn, vệ sinh lao động quy định, pa lăng điện, pa lăng kéo tay có tải trọng nâng từ 1.000 kg trở lên nằm trong danh mục yêu cầu phải kiểm định. Theo QCVN 13: 2013/BLĐTBXH Quy chuẩn kỹ thuật quốc gia về an toàn lao động đối với pa lăng điện thì Quy chuẩn này áp dụng cho pa lăng điện thông dụng cố định và di động dùng cáp hoặc xích được sử dụng như một cơ cấu nâng hạ độc lập hoặc cơ cấu nâng hàng di chuyển theo một phương nhất định có tải trọng nâng từ 1.000 kg trở lên. Tôi xin hỏi, đối với pa lăng điện tải trọng nâng dưới 1.000 kg có yêu cầu phải kiểm định không, nếu có thì sẽ kiểm định căn cứ theo quy trình, quy chuẩn nào?","Bộ Lao động – Thương binh và Xã hội trả lời vấn đề này như sau: Các pa lăng điện có tải trọng nâng dưới 1.000 kg là thiết bị thuộc Danh mục các loại máy, thiết bị, vật tư, chất có yêu cầu nghiêm ngặt về an toàn, vệ sinh lao động ban hành kèm theo Thông tư số 36/2019/TT-BLĐTBXH ngày 30/12/2019 của Bộ trưởng Bộ Lao động - Thương binh và Xã hội. Vì vậy, các pa lăng điện nêu trên phải thực hiện kiểm định kỹ thuật an toàn theo QTKĐ: 09- 2016/BLĐTBXH Quy trình kiểm định kỹ thuật an toàn thiết bị nâng kiểu cầu (cầu trục, cổng trục, bán cổng trục, pa lăng điện) ban hành kèm theo Thông tư số 54/2016/TT-BLĐTBXH ngày 28/12/2016 của Bộ trưởng Bộ Lao động - Thương binh và Xã hội trước khi đưa vào sử dụng theo quy định.",https://chinhsachonline.chinhphu.vn/thiet-bi-nao-phai-kiem-dinh-ky-thuat-an-toan-76152.htm,in_scope,31,"AI hỗ trợ (Codex); chưa xác nhận bởi người. Hỏi thiết bị có phải kiểm định và theo quy trình nào; Điều 31 là nghĩa vụ kiểm định, danh mục/chi tiết theo thông tư và QTKĐ.",ai_assisted,proposed
39,"Thông tư số 10/2022/TT-BNV về thời hạn lưu trữ hồ sơ quy định, hồ sơ xây dựng chế độ bảo hộ, an toàn, vệ sinh lao động của cơ quan cần lưu trữ 20 năm. Tại công ty tôi, chế độ bảo hộ lao động được quy định theo văn bản nội bộ công ty, bảo đảm thời gian lưu trữ 20 năm. Tôi xin hỏi, danh sách ký nhận cấp phát bảo hộ lao động hằng tháng có được hiểu là hồ sơ xây dựng chế độ và phải lưu đến 20 năm không? Hiện tại tôi đang lưu danh sách cấp phát này 3 năm thì có vi phạm quy định không?","Bộ Nội vụ trả lời vấn đề này như sau: Các bản danh sách ký nhận cấp phát bảo hộ lao động hằng tháng không phải là hồ sơ về xây dựng chế độ bảo hộ, an toàn, vệ sinh lao động của cơ quan, do đó, không áp dụng thời hạn bảo quản là 20 năm (theo STT 59 Mục 4.1 Phụ lục I Thông tư số 10/2022/TT-BNV ngày 19/12/2022 của Bộ trưởng Bộ Nội vụ quy định về thời hạn bảo quản tài liệu). Việc xác định thời hạn bảo quản các tài liệu này căn cứ quy định của Bộ Lao động - Thương binh và Xã hội về thời hạn bảo quản tài liệu chuyên môn, nghiệp vụ.",https://chinhsachonline.chinhphu.vn/xac-dinh-thoi-han-bao-quan-tai-lieu-chuyen-mon-nghiep-vu-75711.htm,out_of_scope,,"AI hỗ trợ (Codex); chưa xác nhận bởi người. Thời hạn bảo quản hồ sơ cấp phát bảo hộ theo quy định lưu trữ, không phải nghĩa vụ trang cấp tại Điều 23.",ai_assisted,proposed
40,"Tôi xin hỏi, trên giấy ra viện có ghi chú người lao động được nghỉ lao động 10 ngày, vậy, có cần xin thêm Giấy chứng nhận nghỉ việc hưởng BHXH để hưởng 10 ngày đó không?","Bảo hiểm xã hội Việt Nam trả lời vấn đề này như sau: Tại Khoản 14 Điều 1 Thông tư số 18/2022/TT-BYT ngày 31/12/2022 của Bộ trưởng Bộ Y tế sửa đổi, bổ sung một số điều của Thông tư số 56/2017/TT-BYT ngày 29/12/2017 của Bộ trưởng Bộ Y tế quy định chi tiết thi hành Luật BHXH và Luật An toàn, vệ sinh lao động thuộc lĩnh y tế quy định như sau: Trường hợp người bệnh cần nghỉ để điều trị ngoại trú sau khi ra viện thì cơ quan BHXH căn cứ số ngày nghỉ ghi tại phần ghi chú của giấy ra viện để làm căn cứ thanh toán chế độ BHXH theo quy định. Đối chiếu quy định nêu trên, việc cơ sở khám bệnh, chữa bệnh ghi thêm số ngày nghỉ để điều trị ngoại trú tại phần ghi chú trên giấy ra viện là đúng quy định và số ngày nghỉ điều trị ngoại trú đó sẽ được cơ quan BHXH căn cứ để giải quyết chế độ BHXH đối với bà theo quy định. Do đó, bà không phải xin cấp thêm Giấy chứng nhận nghỉ việc hưởng BHXH đối với 10 ngày nghỉ việc điều trị ngoại trú nêu trên.",https://chinhsachonline.chinhphu.vn/khi-nao-can-xin-them-giay-chung-nhan-nghi-viec-huong-bhxh-74608.htm,out_of_scope,,"AI hỗ trợ (Codex); chưa xác nhận bởi người. Giấy nghỉ việc, hồ sơ hoặc quyền hưởng chế độ ốm đau/chăm con theo BHXH, không phải hồ sơ hưởng TNLĐ tại Điều 57.",ai_assisted,proposed
41,"Người lao động tại công ty tôi bị tai nạn giao thông trên đường đi làm về. Biên bản của cơ quan công an đã xác định lỗi do cả 2 người, nhưng người lao động của công ty tôi không có bằng lái xe, đi không đúng phần đường quy định, là nguyên nhân chính trong vụ tai nạn giao thông. Xin hỏi, công ty tôi không phải thanh toán trợ cấp tỷ lệ thương tật 42% cho lỗi của người lao động trên theo quy định tại Khoản 5 Điều 38 của Luật An toàn, vệ sinh lao động có đúng không?","Bộ Lao động – Thương binh và Xã hội trả lời vấn đề này như sau: Tại Điều 39 Luật An toàn, vệ sinh lao động năm 2015 quy định như sau: ""Điều 39. Trách nhiệm của người sử dụng lao động về bồi thường, trợ cấp trong những trường hợp đặc thù khi người lao động bị tai nạn lao động 1. Trường hợp người lao động bị tai nạn lao động khi thực hiện nhiệm vụ hoặc tuân theo sự điều hành của người sử dụng lao động ở ngoài phạm vi cơ quan, doanh nghiệp, tổ chức, hợp tác xã, nếu do lỗi của người khác gây ra hoặc không xác định được người gây ra tai nạn, thì người sử dụng lao động vẫn phải bồi thường cho người lao động theo quy định tại khoản 4 Điều 38 của Luật này. 2. Trường hợp người lao động bị tai nạn khi đi từ nơi ở đến nơi làm việc hoặc từ nơi làm việc về nơi ở theo tuyến đường và thời gian hợp lý, nếu do lỗi của người khác gây ra hoặc không xác định được người gây ra tai nạn thì người sử dụng lao động trợ cấp cho người lao động theo quy định tại khoản 5 Điều 38 của Luật này"". Như vậy, chỉ trong trường hợp tai nạn ""do lỗi của người khác gây ra hoặc không xác định được người gây ra tai nạn"" thì người sử dụng lao động mới có trách nhiệm trợ cấp cho người lao động.",https://chinhsachonline.chinhphu.vn/ai-tra-tro-cap-cho-nguoi-lao-dong-bi-tai-nan-72432.htm,in_scope,39,"AI hỗ trợ (Codex); chưa xác nhận bởi người. Tai nạn giao thông trên đường về, hỏi trợ cấp của công ty; nguồn dẫn Điều 39 cho trường hợp đặc thù.",ai_assisted,proposed
42,"Tôi làm việc tại công ty may, có đóng BHYT, BHXH. Tôi đi khám bệnh tại phòng khám đa khoa nhưng không dùng BHYT, nên phòng khám chỉ cho tôi giấy xác nhận có bệnh và được nghỉ 1 ngày. Xin hỏi, tôi có được hưởng chế độ ốm đau không?","Bảo hiểm xã hội Việt Nam trả lời vấn đề này như sau: Khoản 1 Điều 25 Luật BHXH năm 2014 quy định điều kiện hưởng chế độ ốm đau đối với người lao động đang tham gia BHXH là: ""Bị ốm đau, tai nạn mà không phải là tai nạn lao động phải nghỉ việc và có xác nhận của cơ sở khám bệnh, chữa bệnh có thẩm quyền theo quy định của Bộ Y tế"". Hồ sơ hưởng chế độ ốm đau đối với người lao động bị ốm đau theo quy định tại Khoản 1, 2 Điều 100 Luật BHXH năm 2014; Khoản 1, 2 Điều 21 Thông tư số 56/2017/TT-BYT ngày 29/12/2017 của Bộ trưởng Bộ Y tế được sửa đổi, bổ sung tại Khoản 14 Thông tư số 18/2022/TT-BYT ngày 31/12/2022 quy định chi tiết thi hành Luật BHXH, Luật An toàn, vệ sinh lao động thuộc lĩnh vực y tế gồm: - Trường hợp điều trị nội trú: Giấy ra viện. - Trường hợp điều trị ngoại trú: Giấy chứng nhận nghỉ việc hưởng BHXH hoặc giấy ra viện có chỉ định của y, bác sĩ điều trị cho nghỉ thêm sau thời gian điều trị nội trú. Căn cứ quy định nêu trên, việc xem xét giải quyết hưởng chế độ ốm đau đối với người lao động căn cứ vào điều kiện hưởng và hồ sơ, giấy tờ làm căn cứ hưởng đối với người lao động theo quy định. Trường hợp của bà Nhung không dùng thẻ BHYT khi đi khám, chữa bệnh, không ảnh hưởng đến quyền lợi về chế độ BHXH đối với bà. Tuy nhiên, để hưởng chế độ ốm đau, bà cần phải có một trong các hồ sơ theo quy định nêu trên để nộp cho đơn vị sử dụng lao động lập hồ sơ, gửi cơ quan BHXH để xem xét, giải quyết hưởng.",https://chinhsachonline.chinhphu.vn/xet-huong-che-do-om-dau-can-co-giay-to-gi-72388.htm,out_of_scope,,"AI hỗ trợ (Codex); chưa xác nhận bởi người. Giấy nghỉ việc, hồ sơ hoặc quyền hưởng chế độ ốm đau/chăm con theo BHXH, không phải hồ sơ hưởng TNLĐ tại Điều 57.",ai_assisted,proposed
43,"Tôi đang điều trị ngoại trú tại Bệnh viện K cơ sở Tân Triều. Tôi xin được cấp Giấy chứng nhận nghỉ việc hưởng BHXH cho đợt điều trị ngày 4-15/8/2023, nhưng ngày được cấp giấy lại ghi trùng với ngày kết thúc đợt điều trị. Tôi có thắc mắc thì được giải thích là vẫn hợp lệ vì điều trị ngoại trú, cấp giấy ngày nào là in theo hệ thống. Xin hỏi, trả lời trên có đúng không?","Bảo hiểm xã hội Việt Nam trả lời vấn đề này như sau: Căn cứ Điều 21 Thông tư số 56/2017/TT-BYT ngày 29/12/2017 của Bộ Y tế quy định chi tiết thi hành Luật BHXH và Luật An toàn, vệ sinh lao động thuộc lĩnh vực y tế, đã được sửa đổi, bổ sung tại Điểm 3 Khoản 14 Điều 1 Thông tư số 18/2022/TT-BYT ngày 31/12/2022 của Bộ Y tế, quy định cách ghi Giấy chứng nhận nghỉ việc hưởng BHXH như sau: Việc ghi ngày tại mục ngày, tháng, năm trên phần chữ ký của người hành nghề trên Giấy chứng nhận nghỉ việc hưởng BHXH thực hiện như sau: - Ghi theo ngày, tháng người bệnh kết thúc khám bệnh, chữa bệnh; - Ngày cơ sở khám bệnh, chữa bệnh phát hành Giấy chứng nhận nghỉ việc hưởng BHXH đối với trường hợp người lao động đề nghị thực hiện cấp lại theo quy định tại Thông tư này. Căn cứ quy định nêu trên, trường hợp Giấy chứng nhận nghỉ việc hưởng BHXH của bà Quyên có ngày cấp trùng với ngày kết thúc của đợt khám bệnh thì vẫn được giải quyết hưởng chế độ ốm đau theo đúng quy định của Luật BHXH năm 2014.",https://chinhsachonline.chinhphu.vn/giay-chung-nhan-nghi-viec-huong-bhxh-nhu-the-nao-la-hop-le-70581.htm,out_of_scope,,"AI hỗ trợ (Codex); chưa xác nhận bởi người. Giấy nghỉ việc, hồ sơ hoặc quyền hưởng chế độ ốm đau/chăm con theo BHXH, không phải hồ sơ hưởng TNLĐ tại Điều 57.",ai_assisted,proposed
44,"Tôi bị tai nạn tại doanh nghiệp, mất khả năng lao động và suy giảm sức khoẻ lao động. Doanh nghiệp đã không bố trí công việc sau khi thời gian tôi phục hồi và ép người lao động nghỉ việc. Xin hỏi, doanh nghiệp làm vậy có vi phạm không? Tôi phải làm gì để bảo vệ quyền lợi của bản thân?","Sở Lao động - Thương binh và Xã hội tỉnh Quảng Ninh trả lời vấn đề này như sau: Đối với việc người lao động bị tai nạn trong quá trình làm việc, trường hợp xảy ra tai nạn lao động trong quá trình làm việc tại doanh nghiệp, việc điều tra tai nạn lao động và giải quyết chế độ liên quan đến tai nạn lao động được quy định trong Luật An toàn, vệ sinh lao động năm 2015, Nghị định số 39/2016/NĐ-CP ngày 15/5/2016 của Chính phủ quy định chi tiết thi hành một số điều của Luật An toàn, vệ sinh lao động và Thông tư số 28/2021/TT-BLĐTBXH ngày 28/12/2021 của Bộ Lao động - Thương binh và Xã hội quy định chi tiết và hướng dẫn thi hành một số điều của Luật An toàn, vệ sinh lao động về chế độ đối với người lao động bị tai nạn lao động, bệnh nghề nghiệp như sau: - Tai nạn lao động nhẹ hoặc tai nạn lao động làm bị thương nặng một người lao động thuộc thẩm quyền quản lý của người sử dụng lao động thì việc điều tra do Đoàn điều tra tai nạn lao động cấp cơ sở (Đoàn điều tra tai nạn lao động cấp cơ sở do người sử dụng lao động quyết định thành lập) tiến hành điều tra, lập biên bản điều tra tai nạn lao động và công bố biên bản điều tra tai nạn lao động. Người sử dụng lao động có trách nhiệm lập, hoàn chỉnh hồ sơ và giải quyết chế độ liên quan cho người bị tai nạn lao động theo quy định. - Tai nạn lao động làm bị thương nặng từ 2 người trở lên trong cùng một vụ tai nạn hoặc làm chết người thì việc điều tra do Đoàn điều tra tai nạn lao động cấp tỉnh tiến hành điều tra, lập biên bản điều tra tai nạn lao",https://chinhsachonline.chinhphu.vn/co-phai-bo-tri-cong-viec-khac-cho-nguoi-bi-tai-nan-lao-dong-69942.htm,in_scope,38,AI hỗ trợ (Codex); chưa xác nhận bởi người. [CẦN RÀ SOÁT] Không bố trí công việc sau phục hồi TNLĐ: khoản 8 Điều 38 là điều chuyên biệt. Ý ép nghỉ việc/khiếu nại cần Bộ luật Lao động; cần người rà lại ranh giới nhiều ý.,ai_assisted,needs_review
45,"Tôi xin hỏi, người lao động là đối tượng tham gia BHXH, BHYT, BHTN, nhưng ký hợp đồng lao động 2 nơi thì nơi thứ 2 có phải chi trả thêm vào lương hằng tháng một khoản tiền tương đương với mức đóng BHXH, BHYT, BHTN không?","Bảo hiểm xã hội Việt Nam trả lời vấn đề này như sau: Căn cứ quy định tại Khoản 4 Điều 85 Luật BHXH năm 2014 , Khoản 7 Điều 1 Luật sửa đổi, bổ sung một số điều của Luật BHYT năm 2014 , Khoản 2 Điều 43 Luật An toàn, vệ sinh lao động năm 2015, Khoản 3 Điều 168 Bộ luật Lao động năm 2019, Khoản 2 Điều 11 Nghị định số 28/2015/NĐ-CP ngày 12/3/2015 của Chính phủ quy định chi tiết thi hành một số điều của Luật Việc làm về BHTN, người lao động làm việc theo nhiều hợp đồng lao động thuộc đối tượng phải tham gia BHXH bắt buộc, BHYT, BHTN thì đóng BHXH, BHTN theo hợp đồng lao động giao kết đầu tiên; đóng bảo hiểm tai nạn lao động, bệnh nghề nghiệp theo từng hợp đồng lao động; đóng BHYT theo hợp đồng lao động có mức tiền lương cao nhất. Đối với hợp đồng lao động mà không thuộc đối tượng tham gia BHXH bắt buộc, BHYT, BHTN thì người sử dụng lao động có trách nhiệm chi trả thêm cùng lúc với kỳ trả lương một khoản tiền cho người lao động tương đương với mức người sử dụng lao động đóng BHXH bắt buộc, BHYT, BHTN cho người lao động theo quy định của pháp luật về BHXH, BHYT, BHTN. Vì vậy, đề nghị ông căn cứ quy định nêu trên để biết và thực hiện chính sách BHXH, BHYT, BHTN theo đúng quy định của pháp luật.",https://chinhsachonline.chinhphu.vn/ky-nhieu-hop-dong-lao-dong-dong-bhxh-the-nao-68894.htm,out_of_scope,,"AI hỗ trợ (Codex); chưa xác nhận bởi người. Hỏi đóng/hoàn trả/giải quyết BHXH, BHYT, BHTN nói chung hoặc hợp đồng lao động; không chỉ chế độ BH TNLĐ-BNN trong Điều 1–62.",ai_assisted,proposed
46,"Từ ngày 16/5/2023 đến ngày 22/5/2023, tôi bị rối loạn tiền đình, phải nằm điều trị tại Trạm y tế phường Minh Phương, TP. Việt Trì, tỉnh Phú Thọ. Điều trị xong, tôi xin cấp giấy nghỉ ốm hưởng BHXH nhưng không được cấp. Toi được cho biết, Trạm Y tế phường chỉ cấp giấy hưởng BHXH cho bệnh nhân bị ảnh hưởng bởi dịch COVID-19. Xin hỏi, trả lời của Trạm Y tế phường như vậy có đúng không?","Bảo hiểm xã hội tỉnh Phú Thọ trả lời vấn đề này như sau: Tại Khoản 1 Điều 20 Thông tư số 56/2017/TT-BYT ngày 29/12/2017 của Bộ trưởng Bộ Y tế quy định chi tiết thi hành Luật BHXH và Luật An toàn, vệ sinh lao động thuộc lĩnh vực y tế quy định: Việc cấp Giấy chứng nhận nghỉ việc hưởng BHXH phải đáp ứng các yêu cầu sau đây: - Do cơ sở khám bệnh, chữa bệnh đã được cấp giấy phép hoạt động cấp. Người hành nghề làm việc tại cơ sở khám bệnh, chữa bệnh này được ký giấy chứng nhận nghỉ việc hưởng BHXH theo phân công của người đứng đầu cơ sở khám chữa bệnh đó; - Phù hợp với phạm vi hoạt động chuyên môn của cơ sở khám bệnh, chữa bệnh nơi cấp giấy chứng nhận nghỉ việc hưởng BHXH đã được cơ quan có thẩm quyền phê duyệt; - Phù hợp với tình trạng sức khỏe của người bệnh và hướng dẫn chuyên môn của Bộ Y tế. Tại Khoản 11 Điều 1 Thông tư số 18/2022/TT-BYT ngày 31/12/2022 sửa đổi, bổ sung một số điều của Thông tư số 56/2017/TT-BYT ngày 29/12/2017 của Bộ trưởng Bộ Y tế quy định chi tiết thi hành Luật BHXH và Luật An toàn, vệ sinh lao động thuộc lĩnh vực y tế sửa đổi Khoản 3 Điều 15 như sau: Trường hợp người bệnh được lưu trú tại Trạm y tế xã mà được Sở Y tế quyết định có giường lưu trú theo quy định tại Điểm b Khoản 5 Điều 4 Thông tư số 39/2018/TT-BYT ngày 30/11/2018 của Bộ Y tế quy định thống nhất giá dịch vụ khám bệnh, chữa bệnh BHYT giữa các bệnh viện cùng hạng trong toàn quốc và hướng dẫn áp dụng giá, thanh toán chi phí khám bệnh, chữa bệnh BHYT trong một số trường hợp thì được cấp Giấy chứng",https://chinhsachonline.chinhphu.vn/tram-y-te-xa-phuong-co-duoc-cap-giay-nghi-viec-huong-bhxh-68851.htm,out_of_scope,,"AI hỗ trợ (Codex); chưa xác nhận bởi người. Giấy nghỉ việc, hồ sơ hoặc quyền hưởng chế độ ốm đau/chăm con theo BHXH, không phải hồ sơ hưởng TNLĐ tại Điều 57.",ai_assisted,proposed
47,"Tôi là kỹ sư bảo hộ lao động hạng III, mã số V.05.02.07, trực tiếp làm công tác chuyên môn đúng theo vị trí việc làm tại Khoa Sức khỏe môi trường y tế trường học thuộc Trung tâm Kiểm soát bệnh tật, giám sát vệ sinh môi trường, nước… Xin hỏi, tôi được hưởng bao nhiêu % phụ cấp ưu đãi nghề?","Bộ Y tế trả lời vấn đề này như sau: Việc thực hiện chế độ phụ cấp ưu đãi theo nghề đối với công chức, viên chức công tác tại các cơ sở y tế công lập thực hiện theo quy định tại Nghị định số 56/2011/NĐ-CP ngày 4/7/2011 của Chính phủ; Thông tư liên tịch số 02/2012/TTLT-BYT-BNV-BTC ngày 19/1/2012 của Bộ Y tế, Bộ Nội vụ, Bộ Tài chính hướng dẫn thực hiện Nghị định số 56/2011/NĐ-CP và Nghị định số 05/2023/NĐ-CP của Chính phủ sửa đổi, bổ sung một số điều của Nghị định số 56/2011/NĐ-CP. Nội dung câu hỏi chưa nêu rõ thông tin cụ thể khung năng lực vị trí việc làm theo Đề án vị trí việc làm được cấp có thẩm quyền phê duyệt, chức danh nghề nghiệp, phân công công việc theo vị trí việc làm cụ thể và mức độ thường xuyên, trực tiếp thực tiếp thực hiện công việc được phân công nên chưa đủ căn cứ để trả lời.",https://chinhsachonline.chinhphu.vn/can-cu-thuc-hien-che-do-phu-cap-nghe-voi-vien-chuc-co-so-y-te-79349.htm,out_of_scope,,AI hỗ trợ (Codex); chưa xác nhận bởi người. Phụ cấp ưu đãi nghề của viên chức y tế; không phải bồi dưỡng bằng hiện vật Điều 24.,ai_assisted,proposed
48,"Căn cứ định mức dự toán thu gom, vận chuyển và xử lý chất thải rắn đô thị công bố kèm theo Quyết định số 592/QĐ-BXD ngày 30/5/2014 của Bộ Xây dựng; căn cứ thành phần công việc quy định tại mã hiệu: MT5.01.00, thì công tác quét rác đường phố bằng cơ giới bao gồm các việc: - Chuẩn bị phương tiện, dụng cụ và bảo hộ lao động; - Xe ô tô quét hút theo đúng lịch trình quy định, tới thời điểm quét đỗ cách mép vỉa 0,2m – 0,3m, bật đèn công tác, kiểm tra các thông số trước khi cho xe vận hành; - Bảo đảm tốc độ xe khi quét hút đạt 4km/h – 5km/h; - Khi rác đầy tiến hành đổ phế thải đúng nơi quy định; - Hết ca vệ sinh phương tiện, tập kết về địa điểm quy định. Để thực hiện đúng theo định mức ban hành, đề nghị Bộ Xây dựng giải đáp một số nội dung sau: Trên một tuyến đường không có dải phân cách khi thực hiện công tác quét rác đường phố bằng cơ giới có phải sẽ được thanh toán khối lượng nhân 2 lần? Vì phải quét lề đường bên trái và quét lề đường bên phải. Cụ thể tuyến đường có chiều dài 1km thì khi thực hiện công tác quét rác đường phố bằng cơ giới sẽ được thanh toán 2km. Trên một tuyến đường có dải phân cách khi thực hiện công tác quét rác đường phố bằng cơ giới có phải sẽ được thanh toán khối lượng nhân 4 lần? Vì ngoài việc phải quét lề đường bên trái và lề đường bên phải, còn phải quét gờ lề dải phân cách bên trái và gờ lề dải phân cách bên phải.","Bộ Xây dựng trả lời vấn đề này như sau: Định mức dự toán công tác quét đường phố bằng cơ giới được quy định tại mã hiệu định mức MT5.01.00 công bố tại Quyết định số 592/QĐ-BXD ngày 30/5/2014 của Bộ Xây dựng công bố định mức dự toán thu gom, vận chuyển và xử lý chất thải rắn đô thị. Trong đó, trị số định mức tính cho 1km quét hút theo đúng lịch trình quy định. Khi vận dụng, áp dụng định mức dự toán nêu trên, UBND tỉnh, thành phố trực thuộc trung ương cần phê duyệt hoặc ủy quyền phê duyệt quy trình, lịch trình thực hiện công tác quét hút đường phố đi kèm với các điều kiện áp dụng, phạm vi áp dụng,... Trường hợp việc vận dụng, áp dụng định mức do Bộ Xây dựng công bố không phù hợp với điều kiện thực tế của địa phương thì tổ chức điều chỉnh định mức hoặc xây dựng định mức mới cho phù hợp theo quy định.",https://chinhsachonline.chinhphu.vn/co-the-dieu-chinh-dinh-muc-du-toan-cho-phu-hop-thuc-te-59762.htm,out_of_scope,,"AI hỗ trợ (Codex); chưa xác nhận bởi người. Định mức dự toán và thanh toán công tác quét đường, không thuộc Điều 1–62.",ai_assisted,proposed
49,"Tôi sinh tháng 10/1963, làm công nhân đo đếm vải, trải vải từ tháng 6/1994 đến nay. Vậy, những người làm việc trong ngành may, dệt và một số ngành đặc thù như giầy, mộc, mũ nhựa có được tính là ngành nặng nhọc, độc hại khi nghỉ chế độ hưu trí không? Năm 2019 tôi nghỉ hưu thì quá trình công tác có được tính là làm nghề nặng nhọc độc hại không?","Bộ Lao động – Thương binh và Xã hội trả lời vấn đề này như sau: Pháp luật lao động, an toàn, vệ sinh lao động không quy định “ngành may công nghiệp” là ngành nặng nhọc, độc hại, nguy hiểm, chỉ quy định nghề, công việc nặng nhọc, độc hại, nguy hiểm và đặc biệt nặng nhọc, độc hại, nguy hiểm. Nghề, công việc “may công nghiệp” được xếp điều kiện lao động loại IV theo Danh mục nghề, công việc nặng nhọc, độc hại, nguy hiểm và đặc biệt nặng nhọc, độc hại, nguy hiểm ban hành kèm theo Quyết định số 1629/LĐTBXH-QĐ ngày 26/12/1996 của Bộ trưởng Bộ Lao động - Thương binh và Xã hội áp dụng đối với người lao động vận hành máy may công nghiệp. Ngoài ra, nghề, công việc nặng nhọc, độc hại, nguy hiểm và đặc biệt nặng nhọc, độc hại, nguy hiểm trong lĩnh vực dệt may được quy định cụ thể tại Danh mục ban hành kèm theo Quyết định số 1453/LĐTBXH-QĐ ngày 13/10/1995, Quyết định số 915/LĐTBXH-QĐ ngày 30/7/1996, Quyết định số 1629/LĐTBXH-QĐ ngày 26/12/1996, Quyết định số 1152/2003/QĐ-LĐTBXH ngày 18/9/2003 của Bộ Lao động - Thương binh và Xã hội. Hiện nay, công việc đo đếm vải, trải vải chưa được quy định trong Danh mục nghề, công việc nặng nhọc, độc hại, nguy hiểm và đặc biệt nặng nhọc, độc hại, nguy hiểm. Theo quy định tại Khoản 1 Điều 2 Thông tư số 15/2016/TT-BLĐTBXH ngày 28/6/2016 của Bộ Lao động - Thương binh và Xã hội ban hành Danh mục nghề, công việc nặng nhọc, độc hại, nguy hiểm và đặc biệt nặng nhọc, độc hại, nguy hiểm: “Người lao động làm các nghề, công việc ban hành kèm theo Thông tư này và ",https://chinhsachonline.chinhphu.vn/may-cong-nghiep-co-thuoc-nghe-nang-nhoc-doc-hai-khong-22120.htm,in_scope,22,"AI hỗ trợ (Codex); chưa xác nhận bởi người. Hỏi công việc đo đếm/trải vải có thuộc danh mục nghề nặng nhọc hay không; chọn Điều 22, không gán chế độ hưu chỉ vì bối cảnh nghỉ hưu.",ai_assisted,proposed
50,"Theo quy định xử phạt vi phạm hành chính về an toàn thực phẩm có quy định xử phạt đối với trường hợp chủ cơ sở hoặc người quản lý phụ trách, người trực tiếp sản xuất, kinh doanh thực phẩm, phụ gia thực phẩm, chất hỗ trợ chế biến thực phẩm, dụng cụ, vật liệu bao gói, chứa đựng tiếp xúc trực tiếp với thực phẩm không có giấy khám sức khỏe, giấy khám sức khỏe hết hiệu lực, hoặc có giấy khám sức khỏe còn hiệu lực nhưng đang bị mắc một trong các bệnh bệnh: tả, lỵ, thương hàn, viêm gan A, E, viêm da nhiễm trùng, lao phổi, tiêu chảy cấp. Tôi xin hỏi, đối với công ty sản xuất thực phẩm (gia vị), có các kho bán hàng/trung tâm phân phối tại nhiều chi nhánh trên toàn quốc, thì ngoài việc thực hiện khám sức khỏe định kỳ hằng năm theo Thông tư số 32/2023/TT-BYT, công ty có bắt buộc phải tổ chức khám, xét nghiệm định kỳ hằng năm để phát hiện các bệnh tả, lỵ, thương hàn, viêm gan A, E, viêm da nhiễm trùng, lao phổi, tiêu chảy cấp đối với người lao động thực hiện bán, phân phối sản phẩm thành phẩm hay không? Trường hợp có yêu cầu, tôi đề nghị cơ quan có thẩm quyền cho biết căn cứ pháp lý và phương thức thực hiện theo quy định hiện hành.","Bộ Y tế trả lời vấn đề này như sau: Theo quy định của Bộ luật Lao động thì người lao động phải được khám sức khỏe khi tuyển dụng và khám sức khỏe định kỳ. Người lao động tham gia hoạt động sản xuất, kinh doanh, chế biến thực phẩm cũng không là ngoại lệ. Luật An toàn thực phẩm yêu cầu họ phải đủ sức khỏe để tham gia sản xuất kinh doanh, chế biến thực phẩm. Để phòng ngừa nguy cơ truyền bệnh qua thực phẩm, Nghị định số 155/2018/NĐ-CP (sửa đổi, bổ sung một số quy định liên quan đến điều kiện đầu tư kinh doanh thuộc phạm vi quản lý nhà nước của Bộ Y tế) quy định: Người trực tiếp chế biến thức ăn phải được tập huấn kiến thức an toàn thực phẩm và được chủ cơ sở xác nhận và không bị mắc các bệnh tả, lỵ, thương hàn, viêm gan A, E, viêm da nhiễm trùng, lao phổi, tiêu chảy cấp khi đang sản xuất, kinh doanh thực phẩm.",https://chinhsachonline.chinhphu.vn/dieu-kien-suc-khoe-doi-voi-nguoi-san-xuat-kinh-doanh-thuc-pham-85066.htm,out_of_scope,,AI hỗ trợ (Codex); chưa xác nhận bởi người. [CẦN RÀ SOÁT] Hỏi xét nghiệm bệnh truyền nhiễm cho người kinh doanh thực phẩm theo an toàn thực phẩm; khác khám sức khỏe lao động chung Điều 21.,ai_assisted,needs_review
51,"Công ty tôi đang thực hiện gói thầu khám sức khỏe định kỳ cho cán bộ công nhân viên. Xin hỏi, gói thầu trên thuộc loại hình nào?","Bộ Kế hoạch và Đầu tư trả lời vấn đề này như sau: Theo Khoản 8, Điều 4 Luật Đấu thầu quy định dịch vụ tư vấn là một hoặc một số hoạt động bao gồm: - Lập, đánh giá báo cáo quy hoạch, tổng sơ đồ phát triển, kiến trúc; - Khảo sát, lập báo cáo nghiên cứu tiền khả thi, báo cáo nghiên cứu khả thi, báo cáo đánh giá tác động môi trường; - Khảo sát, lập thiết kế, dự toán; - Lập hồ sơ mời quan tâm, hồ sơ mời sơ tuyển, hồ sơ mời thầu, hồ sơ yêu cầu; - Đánh giá hồ sơ quan tâm, hồ sơ dự sơ tuyển, hồ sơ dự thầu, hồ sơ đề xuất; - Thẩm tra, thẩm định; - Giám sát; - Quản lý dự án; - Thu xếp tài chính; - Kiểm toán, đào tạo, chuyển giao công nghệ; - Các dịch vụ tư vấn khác. Khoản 9, Điều 4 Luật Đấu thầu quy định dịch vụ phi tư vấn là một hoặc một số hoạt động bao gồm: Logistics, bảo hiểm, quảng cáo, lắp đặt không thuộc quy định tại Khoản 45 Điều này; nghiệm thu chạy thử, tổ chức đào tạo, bảo trì, bảo dưỡng, vẽ bản đồ và hoạt động khác không phải là dịch vụ tư vấn quy định tại Khoản 8 Điều này. Đối với vấn đề của ông Hạnh, gói thầu khám sức khỏe định kỳ thuộc loại hình dịch vụ phi tư vấn theo quy định nêu trên.",https://chinhsachonline.chinhphu.vn/goi-thau-kham-suc-khoe-dinh-ky-thuoc-loai-hinh-dich-vu-phi-tu-van-21358.htm,out_of_scope,,"AI hỗ trợ (Codex); chưa xác nhận bởi người. Hỏi phân loại gói thầu, tiêu chí hoặc đánh giá hồ sơ dự thầu theo pháp luật đấu thầu.",ai_assisted,proposed
52,"Đơn vị của tôi thuộc đối tượng áp dụng Thông tư liên tịch số 71/2014/TTLT-BTC-BNV về cơ chế tự chủ, tự chịu trách nhiệm về sử dụng kinh phí quản lý hành chính đối với các cơ quan Nhà nước. Tôi muốn hỏi, khi đơn vị tôi xây dựng quy chế chi tiêu nội bộ thì phải căn cứ vào văn bản nào để quy định mức chi hỗ trợ các ngày lễ, tết, các ngày kỷ niệm, trợ cấp khó khăn thường xuyên, đột xuất; trợ cấp ăn trưa, chi đồng phục cho cán bộ, công chức và người lao động của cơ quan; trợ cấp hiếu, hỷ, thăm hỏi ốm đau; trợ cấp nghỉ hưu, nghỉ mất sức; hỗ trợ cho cán bộ, công chức và người lao động trong biên chế khi thực hiện tinh giản biên chế; chi khám sức khỏe định kỳ, thuốc y tế trong cơ quan?","Bộ Tài chính trả lời vấn đề này như sau: Khoản 7, Điều 3 Thông tư liên tịch số 71/2014/TTLT-BTC-BNV ngày 30/5/2014 của Bộ Tài chính, Bộ Nội vụ quy định cơ chế tự chủ, tự chịu trách nhiệm về sử dụng kinh phí quản lý hành chính đối với các cơ quan Nhà nước quy định như sau: “7. Sử dụng kinh phí quản lý hành chính tiết kiệm được: a) Kết thúc năm ngân sách, sau khi hoàn thành các nhiệm vụ được giao, cơ quan thực hiện chế độ tự chủ có số chi thực tế thấp hơn số dự toán được giao về kinh phí thực hiện chế độ tự chủ thì phần chênh lệch này được xác định là kinh phí tiết kiệm. - Các hoạt động nghiệp vụ đặc thù; kinh phí mua sắm, sửa chữa thường xuyên giao thực hiện chế độ tự chủ, đã thực hiện xong đầy đủ nhiệm vụ, khối lượng theo dự toán được duyệt, bảo đảm chất lượng thì kinh phí chưa sử dụng hết là khoản kinh phí tiết kiệm. - Các hoạt động nghiệp vụ đặc thù; kinh phí mua sắm, sửa chữa thường xuyên đã giao kinh phí thực hiện chế độ tự chủ nếu không thực hiện nhiệm vụ đã giao, không thực hiện đầy đủ số lượng, khối lượng công việc, hoặc thực hiện không bảo đảm chất lượng thì không được xác định là kinh phí tiết kiệm và phải nộp trả ngân sách Nhà nước phần kinh phí không thực hiện; trường hợp nếu được cấp có thẩm quyền cho phép chuyển sang năm sau tiếp tục thực hiện (bao gồm cả trường hợp công việc đang thực hiện dở dang) thì được chuyển số dư kinh phí sang năm sau để tiếp tục thực hiện công việc đó và được phân bổ vào kinh phí giao tự chủ của năm sau; đối với công việc đã thực hiện mộ",https://chinhsachonline.chinhphu.vn/can-cu-xay-dung-quy-che-chi-tieu-noi-bo-21032.htm,out_of_scope,,"AI hỗ trợ (Codex); chưa xác nhận bởi người. Quy chế chi tiêu nội bộ và kinh phí quản lý hành chính theo cơ chế tự chủ, không thuộc phạm vi luật ATVSLĐ 1–62.",ai_assisted,proposed
53,"Vừa qua trường Đại học Luật Hà Nội có thông báo về việc khám sức khỏe định kỳ bắt buộc đối với sinh viên hệ đại học chính quy theo quy định tại Thông tư số 10/2016/TT-BGDĐT và Thông tư số 14/2013/TT-BYT . Sau khi có 736 sinh viên không tham gia khám sức khỏe thì Nhà trường có Thông báo số 2, theo đó, sau khi lịch khám bổ sung diễn ra mà sinh viên không tham gia khám thì sẽ lập danh sách và sẽ báo cáo Ban Giám hiệu xử lý theo quy định. Tôi đã tham khảo 2 Thông tư trên thì thấy không có nội dung yêu cầu sinh viên chuẩn bị ra trường phải khám sức khỏe bắt buộc. Xin hỏi, nếu sinh viên không tham gia khám sức khỏe định kỳ thì có được ra trường sau khi tích lũy đủ học phần hay không?","Bộ Giáo dục và Đào tạo trả lời vấn đề này như sau: Thông tư số 10/2016/TT-BGDĐT ngày 5/4/2016 của Bộ Giáo dục và Đào tạo về việc ban hành quy chế công tác sinh viên đối với chương trình đào tạo đại học hệ chính quy có quy định tại Khoản 5, Điều 4: ""Sinh viên có nhiệm vụ thực hiện đầy đủ quy định về việc khám sức khỏe đầu khóa và khám sức khỏe định kỳ trong thời gian học tập theo quy định của cơ sở giáo dục đại học"". Theo đó, trường Đại học Luật Hà Nội tổ chức khám sức khỏe cho sinh viên nhập học và khám định kỳ khi sinh viên kết thúc khóa học ra trường. Đối với các sinh viên khi tích lũy đủ số tín chỉ và bảo đảm các điều kiện tốt nghiệp thì sẽ được Hội đồng xét tốt nghiệp xem xét để công nhận tốt nghiệp theo quy định hiện hành.",https://chinhsachonline.chinhphu.vn/sinh-vien-co-bat-buoc-phai-kham-suc-khoe-dinh-ky-19559.htm,out_of_scope,,"AI hỗ trợ (Codex); chưa xác nhận bởi người. Nghĩa vụ khám sức khỏe và điều kiện tốt nghiệp của sinh viên, không phải khám sức khỏe NLĐ.",ai_assisted,proposed
54,"Tôi làm việc tại Nhà máy nhiệt điện trực thuộc Chi nhánh Phát điện dầu khí. Nhà máy được trang bị hệ thống sản xuất Hydro nên đơn vị phải thực hiện thủ tục xin cấp Giấy chứng nhận đủ điều kiện kinh doanh hóa chất sản xuất, kinh doanh có điều kiện trong lĩnh vực công nghiệp. Theo khoản 1 Điều 32 Nghị định số 113/2017/NĐ-CP (được sửa đổi, bổ sung tại Nghị định số 82/2022/NĐ-CP), quy định đối tượng phải được huấn luyện an toàn hóa chất gồm: ""1. Nhóm 1, bao gồm: a) Người đứng đầu đơn vị, cơ sở sản xuất, kinh doanh và phòng, ban, chi nhánh trực thuộc; phụ trách bộ phận sản xuất, kinh doanh, kỹ thuật; quản đốc phân xưởng hoặc tương đương; b) Cấp phó của người đứng đầu theo quy định tại điểm a khoản 1 Điều này được giao nhiệm vụ phụ trách công tác an toàn hóa chất"". Tôi xin hỏi, người đứng đầu trong trường hợp này được hiểu là Giám đốc Chi nhánh Phát điện dầu khí hay Giám đốc Nhà máy nhiệt điện? Ai là người có thẩm quyền ký văn bản đề nghị cấp Giấy chứng nhận đủ điều kiện kinh doanh hóa chất sản xuất, kinh doanh có điều kiện trong lĩnh vực công nghiệp cho nhà máy? Người ký văn bản đề nghị có bắt buộc phải được huấn luyện an toàn hóa chất theo quy định hay không?","Cục Hóa chất, Bộ Công Thương trả lời vấn đề này như sau: Tại khoản 1 Điều 32 Nghị định số 113/2017/NĐ-CP ngày 9/10/2017 của Chính phủ quy định chi tiết và hướng dẫn thi hành một số điều của Luật Hóa chất quy định đối tượng phải được huấn luyện an toàn hóa chất như sau: ""a) Người đứng đầu đơn vị, cơ sở sản xuất, kinh doanh và phòng, ban, chi nhánh trực thuộc; phụ trách bộ phận sản xuất, kinh doanh, kỹ thuật; quản đốc phân xưởng hoặc tương đương; b) Cấp phó của người đứng đầu theo quy định tại điểm a khoản 1 Điều này được giao nhiệm vụ phụ trách công tác an toàn hóa chất"". Căn cứ quy định nêu trên, người đứng đầu Nhà máy nhiệt điện và người đứng đầu Chi nhánh Phát điện dầu khí đều thuộc đối tượng phải được huấn luyện an toàn hóa chất. Mẫu văn bản đề nghị cấp Giấy chứng nhận đủ điều kiện sản xuất, kinh doanh hóa chất sản xuất, kinh doanh có điều kiện trong lĩnh vực công nghiệp (mẫu số 01a) được quy định tại phụ lục VI kèm theo Nghị định số 113/2017/NĐ-CP được sửa đổi theo quy định tại khoản 3 Điều 2 của Nghị định số 82/2022/NĐ-CP ngày 18/10/2022 của Chính phủ sửa đổi, bổ sung một số điều của Nghị định số 113/2017/NĐ-CP. Theo mẫu số 01a nêu trên, đại diện tổ chức/cá nhân là người ký văn bản đề nghị cấp Giấy chứng nhận đủ điều kiện sản xuất, kinh doanh hóa chất sản xuất, kinh doanh có điều kiện trong lĩnh vực công nghiệp. Để xác định người ký văn bản đề nghị cấp Giấy chứng nhận đủ điều kiện có phải thực hiện huấn luyện an toàn hóa chất hay không, đề nghị công ty căn cứ quy định tạ",https://chinhsachonline.chinhphu.vn/giam-doc-nha-may-hay-chi-nhanh-phai-huan-luyen-an-toan-hoa-chat-83117.htm,out_of_scope,,AI hỗ trợ (Codex); chưa xác nhận bởi người. Huấn luyện an toàn hóa chất/điều kiện hoạt động hóa chất theo Nghị định 113/2017 và Luật Hóa chất; không đồng nhất với Điều 14 Luật ATVSLĐ.,ai_assisted,proposed
55,"Xin hỏi, quy trình, thủ tục để đánh giá chính xác môi trường làm việc độc hại, nguy hiểm thực hiện như thế nào? Lãnh đạo đơn vị được phép đánh giá hay là phải thành lập hội đồng đánh giá?","Sở Lao động - Thương binh và Xã hội tỉnh Tây Ninh trả lời vấn đề này như sau: Điều 18 Luật An toàn, vệ sinh lao động quy định về kiểm soát các yếu tố nguy hiểm, yếu tố có hại tại nơi làm việc như sau: “1. Người sử dụng lao động phải tổ chức đánh giá, kiểm soát yếu tố nguy hiểm, yếu tố có hại tại nơi làm việc để đề ra các biện pháp kỹ thuật an toàn, vệ sinh lao động, chăm sóc sức khỏe cho người lao động; thực hiện các biện pháp khử độc, khử trùng cho người lao động làm việc ở nơi có yếu tố gây nhiễm độc, nhiễm trùng. 2. Đối với yếu tố có hại được Bộ trưởng Bộ Y tế quy định giới hạn tiếp xúc cho phép để kiểm soát tác hại đối với sức khỏe người lao động thì người sử dụng lao động phải tổ chức quan trắc môi trường lao động để đánh giá yếu tố có hại ít nhất một lần trong một năm. Đơn vị tổ chức quan trắc môi trường lao động phải có đủ điều kiện về cơ sở, vật chất, trang thiết bị và nhân lực. 3. Đối với yếu tố nguy hiểm thì người sử dụng lao động phải thường xuyên kiểm soát, quản lý đúng yêu cầu kỹ thuật nhằm bảo đảm an toàn, vệ sinh lao động tại nơi làm việc và ít nhất một lần trong một năm phải tổ chức kiểm tra, đánh giá yếu tố này theo quy định của pháp luật. 4. Ngay sau khi có kết quả quan trắc môi trường lao động để đánh giá yếu tố có hại và kết quả kiểm tra, đánh giá, quản lý yếu tố nguy hiểm tại nơi làm việc, người sử dụng lao động phải: a) Thông báo công khai cho người lao động tại nơi quan trắc môi trường lao động và nơi được kiểm tra, đánh giá, quản lý yếu tố nguy hiểm; b",https://chinhsachonline.chinhphu.vn/cach-xac-dinh-moi-truong-lam-viec-doc-hai-nguy-hiem-23350.htm,in_scope,18,"AI hỗ trợ (Codex); chưa xác nhận bởi người. Hỏi đánh giá, kiểm soát yếu tố nguy hiểm/có hại; nguồn viện dẫn Điều 18.",ai_assisted,proposed
56,"Công ty chúng tôi kinh doanh trong lĩnh vực vận tải, sử dụng các loại xe tải 2 trở lên và xe container, xe đầu kéo. Xin hỏi, tài xế, người bảo trì, bảo dưỡng các loại xe tại Công ty có phải tham gia huấn luyện an toàn, vệ sinh lao động theo Nghị định số 44/2016/NĐ-CP hay không?","Cục An toàn lao động, Bộ Lao động – Thương binh và Xã hội trả lời vấn đề này như sau: Thông tư số 06/2020/TT-BLĐTBXH ngày 20/8/2020 của Bộ Lao động – Thương binh và Xã hội ban hành danh mục công việc có yêu cầu nghiêm ngặt về an toàn, vệ sinh lao động quy định công việc trực tiếp lái, sửa chữa, bảo hành xe ô tô các loại thuộc Mục 16 của Danh mục. Theo quy định Khoản 5 Điều 1 Nghị định số 140/2018/NĐ-CP ngày 8/10/2018 của Chính phủ sửa đổi, bổ sung các nghị định liên quan đến điều kiện đầu tư kinh doanh và thủ tục hành chính thuộc phạm vi quản lý Nhà nước của Bộ Lao động – Thương binh và Xã hội thì người lao động làm công việc có yêu cầu nghiêm ngặt về an toàn, vệ sinh lao động phải tham gia huấn luyện an toàn, vệ sinh lao động thuộc nhóm 3. Nội dung, thời gian, chương trình huấn luyện và việc cấp thẻ an toàn lao động cho người lao động nhóm 3 thực hiện theo Nghị định số 44/2016/NĐ-CP ngày 15/5/2016 của Chính phủ quy định chi tiết một số điều của Luật An toàn, vệ sinh lao động về hoạt động kiểm định kỹ thuật an toàn lao động, huấn luyện an toàn, vệ sinh lao động và quan trắc môi trường lao động. Như vậy, người làm công việc trực tiếp lái xe, sửa chữa, bảo dưỡng xe ô tô của Công ty phải tham dự huấn luyện an toàn, vệ sinh lao động và được cấp thẻ an toàn lao động.",https://chinhsachonline.chinhphu.vn/lai-xe-tai-cong-ty-van-tai-phai-duoc-huan-luyen-an-toan-lao-dong-23287.htm,in_scope,14,"AI hỗ trợ (Codex); chưa xác nhận bởi người. Hỏi lái xe và người bảo dưỡng xe có phải huấn luyện ATVSLĐ; Điều 14, chi tiết nhóm 3 tại văn bản hướng dẫn.",ai_assisted,proposed
57,"Đơn vị tôi muốn tìm nhà thầu cung cấp dịch vụ huấn luyện an toàn hoá chất theo Nghị định 113/2017/NĐ-CP . Xin hỏi, các điều kiện bắt buộc phải có đối với đơn vị tổ chức huấn luyện an toàn hoá chất là gì?","Bộ Công Thương trả lời vấn đề này như sau: Theo Điều 33 Nghị định số 113/2017/NĐ-CP ngày 9/10/2017 của Chính phủ quy định chi tiết và hướng dẫn thi hành một số điều của Luật Hóa chất không quy định điều kiện của đơn vị tổ chức huấn luyện an toàn hóa chất mà chỉ quy định yêu cầu đối với người huấn luyện (giảng viên) an toàn hóa chất, nội dung, thời gian huấn luyện an toàn hóa chất cho từng đối tượng được huấn luyện, cụ thể như sau: “Điều 33. Nội dung, người huấn luyện, thời gian huấn luyện an toàn hóa chất 1. Nội dung huấn luyện an toàn hóa chất phải phù hợp với vị trí công tác của người được huấn luyện; tính chất, chủng loại, mức độ nguy hiểm của hóa chất tại cơ sở hoạt động hóa chất. 2. Nội dung huấn luyện đối với Nhóm 1 a) Những quy định của pháp luật trong hoạt động hóa chất; b) Các yếu tố nguy hiểm trong sản xuất, kinh doanh, bảo quản, sử dụng hóa chất của cơ sở hoạt động hóa chất; c) Phương án phối hợp với cơ quan có thẩm quyền để huy động nguồn lực bên trong và bên ngoài của cơ sở để ứng phó, khắc phục sự cố. 3. Nội dung huấn luyện đối với Nhóm 2: a) Những quy định của pháp luật trong hoạt động hóa chất; b) Các đặc tính nguy hiểm của hóa chất, phiếu an toàn hóa chất của các hóa chất nguy hiểm trong hoạt động sản xuất, kinh doanh, bảo quản, sử dụng hóa chất của cơ sở hoạt động hóa chất; phân loại, ghi nhãn hóa chất; c) Quy trình quản lý an toàn hóa chất, kỹ thuật bảo đảm an toàn khi làm việc, tiếp xúc với hóa chất nguy hiểm; d) Các yếu tố nguy hiểm trong sản xuất, kinh d",https://chinhsachonline.chinhphu.vn/dieu-kien-duoc-to-chuc-huan-luyen-an-toan-hoa-chat-21575.htm,out_of_scope,,AI hỗ trợ (Codex); chưa xác nhận bởi người. Huấn luyện an toàn hóa chất/điều kiện hoạt động hóa chất theo Nghị định 113/2017 và Luật Hóa chất; không đồng nhất với Điều 14 Luật ATVSLĐ.,ai_assisted,proposed
58,"Đơn vị tôi có mời thầu gói thầu thi công xây lắp (mở thầu ngày 25/6/2018). Trong quá trình đánh giá hồ sơ dự thầu lựa chọn nhà thầu có vấn đề như sau: Hồ sơ mời thầu yêu cầu nhân sự chủ chốt gồm: - Một chỉ huy trưởng: Yêu cầu có chứng chỉ hành nghề tư vấn giám sát thi công xây dựng (hoặc an toàn lao động) hạng I trở lên (lĩnh vực xây dựng và hoàn thiện), loại công trình thủy lợi, đê điều; kinh nghiệm tối thiểu trong các vị trí công việc tương tự 1 công trình cấp I, loại công trình thủy lợi, đê điều; - Hai cán bộ kỹ thuật: Yêu cầu là kỹ sư chuyên ngành xây dựng công trình (thủy lợi, xây dựng, giao thông); kinh nghiệm tối thiểu trong các vị trí công việc tương tự 1 công trình cấp 1; loại công trình thủy lợi, đê điều; - Một cán bộ giám sát hiện trường: Yêu cầu có chứng chỉ hành nghề tư vấn giám sát thi công xây dựng (hoặc an toàn lao động) hạng I trở lên (lĩnh vực xây dựng và hoàn thiện), loại công trình thủy lợi, đê điều. Tuy nhiên, hồ sơ dự thầu của nhà thầu có: - Chỉ huy trưởng là kỹ sư thủy lợi, có chứng chỉ bồi dưỡng nghiệp vụ chỉ huy trưởng công trường xây dựng, có chứng chỉ huấn luyện an toàn lao động – vệ sinh lao động (do chi nhánh Công ty cổ phần Tư vấn phát triển và Đào tạo về quản lý cấp). - Một cán bộ giám sát hiện trường có chứng chỉ hành nghề tư vấn giám sát thi công xây dựng và hoàn thiện công trình dân dụng và công nghiệp (do Sở Xây dựng tỉnh Tuyên Quang cấp 28/11/2015). Tôi xin hỏi, vậy, đơn vị dự thầu này có được đánh giá là đạt yêu cầu về chỉ huy trưởng và cán bộ giám sát hiện trường không (vì chỉ huy trưởng không có chứng chỉ hành nghề giám sát hoặc an toàn lao động theo yêu cầu hồ sơ mời thầu)? Cán bộ giám sát cũng không có chứng chỉ hành nghề giám sát phù hợp theo yêu cầu hồ sơ mời thầu)? Nếu đánh giá là không đạt thì có phù hợp đúng theo pháp luật về đấu thầu hay không?","Bộ Kế hoạch và Đầu tư trả lời vấn đề này như sau: Nghị định số 63/2014/NĐ-CP quy định việc đánh giá hồ sơ dự thầu phải căn cứ vào tiêu chuẩn đánh giá hồ sơ dự thầu và các yêu cầu khác trong hồ sơ mời thầu, căn cứ vào hồ sơ dự thầu đã nộp, các tài liệu giải thích, làm rõ hồ sơ dự thầu của nhà thầu để bảo đảm lựa chọn được nhà thầu có đủ năng lực và kinh nghiệm, có giải pháp khả thi để thực hiện gói thầu. Theo hướng dẫn tại Mục 2.2 Chương III của Mẫu hồ sơ mời thầu xây lắp áp dụng phương thức một giai đoạn hai túi hồ sơ (Mẫu số 02) ban hành kèm theo Thông tư số 03/2015/TT-BKHĐT ngày 6/5/2015 của Bộ Kế hoạch và Đầu tư, nhà thầu phải chứng minh rằng mình có đầy đủ nhân sự cho các vị trí chủ chốt đáp ứng những yêu cầu theo hồ sơ mời thầu. Theo đó, việc đánh giá về nhân sự chủ chốt được thực hiện trên cơ sở nhân sự mà nhà thầu đã đề xuất trong hồ sơ dự thầu và yêu cầu trong hồ sơ mời thầu.",https://chinhsachonline.chinhphu.vn/quy-dinh-ve-nhan-su-chu-chot-khi-du-thau-21312.htm,out_of_scope,,"AI hỗ trợ (Codex); chưa xác nhận bởi người. Hỏi phân loại gói thầu, tiêu chí hoặc đánh giá hồ sơ dự thầu theo pháp luật đấu thầu.",ai_assisted,proposed
59,"Đơn vị của tôi có một số người làm công tác kiểm nghiệm thuốc, trực tiếp kiểm nghiệm các sản phẩm hoá dược, dược phẩm, mỹ phẩm, thường xuyên tiếp xúc với hoá chất độc hại như eter, methanol, acetonitril, benzen, toluen, acid sulfuric đặc, HCl đặc...Tuy nhiên, cơ quan kiểm tra môi trường lao động của tỉnh chỉ đo được các yếu tố vi khí hậu (nhiệt độ, độ ẩm, tốc độ gió), các yếu tố vật lý (ánh sáng, tiếng ồn); bụi, hơi khí độc (NO2, SO2, CO2). Các điều kiện này thì đơn vị đều đạt do phải làm trong phòng thí nghiệm. Nếu căn cứ kết quả đo môi trường lao động thì các kiểm nghiệm viên không được hưởng chế độ bồi dưỡng bằng hiện vật khi làm công việc độc hại, rất thiệt thòi cho người lao động. Đề nghị cơ quan có thẩm quyền giải đáp vướng mắc này.","Bộ Lao động – Thương binh và Xã hội trả lời vấn đề này như sau: Để bảo đảm quyền lợi cho người lao động, công ty nơi bà làm việc có thể thuê các đơn vị cung ứng dịch vụ quan trắc môi trường lao động đủ điều kiện theo quy định tại Điều 33 Nghị định số 44/2016/NĐ-CP ngày 15/5/2016 của Chính phủ quy định chi tiết một số điều của Luật An toàn, vệ sinh lao động về hoạt động kiểm định kỹ thuật an toàn lao động, huấn luyện an toàn, vệ sinh lao động và quan trắc môi trường lao động. Bà có thể tham khảo tên những đơn vị đủ điều kiện quan trắc môi trường lao động trên Cổng thông tin điện tử của Bộ Y tế hoặc xin ý kiến Cục Quản lý môi trường y tế, Bộ Y tế để tìm đơn vị đo phù hợp.",https://chinhsachonline.chinhphu.vn/duoc-phep-thue-don-vi-quan-trac-moi-truong-lao-dong-21112.htm,in_scope,18,AI hỗ trợ (Codex); chưa xác nhận bởi người. [CẦN RÀ SOÁT] Vướng mắc chính là đơn vị quan trắc không đo được hóa chất cần thiết; nguồn hướng dẫn thuê đơn vị quan trắc đủ điều kiện. Bồi dưỡng hiện vật là mục đích; cần rà ranh giới với Điều 24.,ai_assisted,needs_review
60,"Tôi xin hỏi, nếu người lao động đã được đào tạo an toàn hóa chất theo Nghị định 44/2016/NĐ-CP thì có bắt buộc phải đào tạo theo Nghị định 113/2017/NĐ-CP nữa không và ngược lại? Trường hợp công ty tôi chỉ mua hóa chất sử dụng cho sản xuất, làm thí nghiệm và xử lý nước thải thì có bắt buộc người lao động trong công ty phải được đào tạo an toàn hóa chất theo 3 nhóm (nhóm 1, 2, 3) như trong quy định của Nghị định 113/2017/NĐ-CP không, hay chỉ đào tạo nhóm 3 cho những người làm việc liên quan đến hóa chất là đủ (công ty tôi không sản xuất và kinh doanh hóa chất)?","Bộ Công Thương trả lời vấn đề này như sau: Ngày 15/5/2016 Chính phủ ban hành Nghị định 44/2016/NĐ-CP quy định chi tiết một số điều của Luật An toàn, vệ sinh lao động về hoạt động kiểm định kỹ thuật an toàn lao động, huấn luyện an toàn, vệ sinh lao động và quan trắc môi trường lao động. Tại Điều 18 Nghị định 44/2016/NĐ-CP quy định nội dung huấn luyện cho 6 nhóm đối tượng phải được huấn luyện an toàn, vệ sinh lao động; 2 nhóm đối tượng là người làm công tác an toàn vệ sinh lao động và người lao động làm công việc có yêu cầu nghiêm ngặt về an toàn, vệ sinh lao động có nội dung huấn luyện chuyên ngành. Theo Điều 31 Nghị định 113/2017/NĐ-CP ngày 9/10/2017 của Chính phủ quy định chi tiết và hướng dẫn thi hành một số điều của Luật Hóa chất về huấn luyện an toàn hóa chất như sau: “1. Tổ chức, cá nhân hoạt động hóa chất có trách nhiệm tổ chức huấn luyện an toàn hóa chất hoặc cử các đối tượng được quy định tại Điều 32 của Nghị định này tham gia các khóa huấn luyện của các tổ chức huấn luyện an toàn hóa chất, định kỳ 02 năm một lần. 2. Hoạt động huấn luyện an toàn hóa chất có thể được tổ chức riêng hoặc kết hợp với các hoạt động huấn luyện an toàn khác được pháp luật quy định”. Căn cứ quy định của Nghị định 113/2017/NĐ-CP, tổ chức, cá nhân chủ động trong việc tổ chức huấn luyện, kiểm tra và công nhận kết quả kiểm tra huấn luyện an toàn hóa chất (Nghị định 113/2017/NĐ-CP không quy định người được huấn luyện phải được cấp Giấy chứng nhận). Bên cạnh đó, tổ chức, cá nhân có thể lồng ghép ho",https://chinhsachonline.chinhphu.vn/doi-tuong-phai-duoc-huan-luyen-an-toan-hoa-chat-20765.htm,out_of_scope,,AI hỗ trợ (Codex); chưa xác nhận bởi người. Huấn luyện an toàn hóa chất/điều kiện hoạt động hóa chất theo Nghị định 113/2017 và Luật Hóa chất; không đồng nhất với Điều 14 Luật ATVSLĐ.,ai_assisted,proposed
61,"Công ty của tôi có người lao động bị tai nạn trên đường đi làm về trong thời gian và địa điểm hợp lý. Vậy, người lao động bị tai nạn giao thông nếu có giấy ra viện và Giấy chứng nhận nghỉ việc hưởng BHXH thì có được hưởng chế độ ốm đau không? Nếu người lao động đã được hưởng chế độ ốm đau thì sau khi đã bình phục, công ty có được làm thủ tục để người lao động đi giám định y khoa và làm thủ tục hưởng chế độ tai nạn lao động nếu có tỷ lệ thương tật từ 5% trở lên không?","BHXH Việt Nam trả lời vấn đề này như sau: Điểm c Khoản 1, Khoản 2 Điều 45 Luật An toàn vệ sinh, lao động quy định điều kiện hưởng chế độ tai nạn lao động là bị suy giảm khả năng lao động từ 5% trở lên khi bị tai nạn trên tuyến đường đi từ nơi ở đến nơi làm việc hoặc từ nơi làm việc về nơi ở trong khoảng thời gian và tuyến đường hợp lý. Trường hợp người lao động tại đơn vị của ông bị tai nạn giao thông trên đường đi làm về, nếu được đoàn điều tra tai nạn lao động kết luận là tai nạn lao động và được Hội đồng giám định y khoa kết luận suy giảm khả năng lao động từ 5% trở lên thì người lao động đủ điều kiện hưởng chế độ tai nạn lao động theo quy định nêu trên. Mặt khác, tại điểm b Khoản 2 Điều 3 Thông tư số 59/2015/TT-BLĐTBXH ngày 29/12/2015 của Bộ Lao động – Thương binh và Xã hội quy định chi tiết và hướng dẫn thi hành một số điều của Luật BHXH về BHXH bắt buộc quy định: Không giải quyết chế độ ốm đau đối với người lao động nghỉ việc điều trị lần đầu do tai nạn lao động, bệnh nghề nghiệp. Do đó, thời gian điều trị tai nạn lao động lần đầu, người lao động tại đơn vị của ông không được giải quyết hưởng chế độ ốm đau. Trường hợp người lao động bị tai nạn do lỗi của người khác gây ra hoặc không xác định được người gây ra tai nạn thì người sử dụng lao động ngoài việc trợ cấp cho người lao động theo quy định tại Khoản 2 Điều 39 Luật An toàn vệ sinh, lao động vẫn phải thực hiện các trách nhiệm khác theo quy định tại Điều 38 Luật An toàn vệ sinh, lao động bao gồm cả việc giới thiệu để ",https://chinhsachonline.chinhphu.vn/nghi-viec-dieu-tri-tai-nan-lao-dong-co-duoc-huong-che-do-om-dau-23201.htm,in_scope,45,"AI hỗ trợ (Codex); chưa xác nhận bởi người. [CẦN RÀ SOÁT] Nguồn dẫn điểm c khoản 1, khoản 2 Điều 45 về điều kiện hưởng BH TNLĐ khi tai nạn trên đường về; có giao thoa chế độ ốm đau, cần rà lại.",ai_assisted,needs_review
62,"Chị tôi đang làm việc tại công ty thì bị xe tải của khách hàng đâm vào, bị suy giảm khả năng lao động 45%. Theo Phòng Tổ chức-Hành chính của công ty thì không phải lỗi do người sử dụng lao động gây ra nên công ty chỉ chi trả trợ cấp không bồi thường cho chị tôi. Xin hỏi, công ty trả lời như vậy có đúng không?","Bộ Lao động – Thương binh và Xã hội trả lời vấn đề này như sau: Để có căn cứ giải quyết chế độ tai nạn lao động cho người lao động cần căn cứ vào biên bản điều tra tai nạn lao động. Căn cứ biên bản điều tra tai nạn lao động nêu trên, nếu xác định người lao động bị tai nạn lao động mà không hoàn toàn do lỗi của chính họ gây ra thì người sử dụng lao động có trách nhiệm bồi thường cho người lao động theo quy định tại Điều 38 Luật An toàn, vệ sinh lao động. Đề nghị bà liên hệ với Sở Lao động - Thương binh và Xã hội theo quy định tại Điều 10 Nghị định số 66/2008/NĐ-CP ngày 28/5/2008 về hỗ trợ pháp lý cho doanh nghiệp để được hướng dẫn chi tiết.",https://chinhsachonline.chinhphu.vn/can-cu-bien-ban-dieu-tra-tai-nan-lao-dong-de-duoc-boi-thuong-22271.htm,in_scope,38,"AI hỗ trợ (Codex); chưa xác nhận bởi người. Nguồn dẫn Điều 38: công ty bồi thường khi tai nạn không hoàn toàn do lỗi NLĐ, không phụ thuộc việc lỗi do khách hàng.",ai_assisted,proposed
63,Để được xác nhận là tai nạn lao động trên quãng đường từ nhà đến công ty và từ công ty về nhà thì cần điều kiện gì? Người lao động khi tham gia giao thông như thế nào thì mới được xác nhận là tai nạn lao động?,"Bộ Lao động – Thương binh và Xã hội trả lời vấn đề này như sau: Việc xác định người lao động có được hưởng trợ cấp theo Khoản 2, Điều 39 Luật An toàn, vệ sinh lao động phải căn cứ vào biên bản điều tra tai nạn lao động của đoàn điều tra tai nạn lao động có thẩm quyền quy định tại Điều 35 Luật An toàn, vệ sinh lao động (biên bản sẽ xác định tuyến đường, thời gian, nguyên nhân và kết luận tính chất vụ việc). Người lao động tham gia giao thông để thực hiện công việc, nhiệm vụ lao động, bị tai nạn gây tổn thương cho bất kỳ bộ phận, chức năng nào của cơ thể hoặc tử vong, thì được xác định là tai nạn lao động.",https://chinhsachonline.chinhphu.vn/can-cu-xac-dinh-truong-hop-bi-tai-nan-lao-dong-21688.htm,in_scope,35,AI hỗ trợ (Codex); chưa xác nhận bởi người. [CẦN RÀ SOÁT] Hỏi cách xác nhận tai nạn trên đường đi làm; nguồn yêu cầu kết luận của đoàn điều tra theo Điều 35. Cần phân biệt với điều kiện hưởng BH tại Điều 45.,ai_assisted,needs_review
64,"Căn cứ Khoản 2, Điều 39 Luật An toàn, vệ sinh lao động, người lao động bị tai nạn khi đi làm từ nơi ở đến nơi làm việc hoặc từ nơi làm việc về nơi ở, tại địa điểm và thời gian hợp lý thì người lao động được trợ cấp tai nạn lao động từ người sử dụng lao động. Trong trường hợp này có bắt buộc người sử dụng lao động chi trả chi phí y tế, tiền lương trong thời gian điều trị cho người lao động hay không?","Bộ Lao động – Thương binh và Xã hội trả lời vấn đề này như sau: Căn cứ vào biên bản điều tra tai nạn, trường hợp xác định người lao động bị tai nạn khi đi từ nơi ở đến nơi làm việc hoặc từ nơi làm việc đến nơi ở theo tuyến đường và thời gian hợp lý, nếu do lỗi của người khác gây ra hoặc không xác định được người gây ra tai nạn thì người sử dụng lao động trợ cấp cho người lao động theo quy định tại Khoản 2, Điều 39 Luật An toàn, vệ sinh lao động , không quy định bắt buộc người sử dụng lao động phải chi trả chi phí y tế, tiền lương trong thời gian điều trị. Khuyến khích những thoả thuận có lợi hơn cho người lao động theo quy định tại Khoản 1, Điều 4 Bộ luật Lao động 2012. Để thuận lợi, đề nghị ông liên hệ với Sở Lao động – Thương binh và Xã hội của địa phương để được hướng dẫn chi tiết và trợ giúp pháp lý",https://chinhsachonline.chinhphu.vn/co-bat-buoc-dn-tra-phi-dieu-tri-khi-nguoi-lao-dong-bi-tai-nan-21653.htm,in_scope,39,"AI hỗ trợ (Codex); chưa xác nhận bởi người. Hỏi nghĩa vụ y tế/lương trong trường hợp đặc thù đã nêu rõ khoản 2 Điều 39; giữ Điều 39 theo nguồn, không suy rộng Điều 38.",ai_assisted,proposed
65,"Công ty tôi có một lao động đến giờ đi làm dắt xe ra vỉa hè để đi làm thì bị choáng ngã dẫn đến gãy xương, giám định tỷ lệ suy giảm sức lao động là 40%. Vậy, trường hợp này có được tính là trong thời gian và cung đường hợp lý để đủ điều kiện giải quyết chế độ tai nạn lao động không? Trường hợp người lao động này bị choáng, tự ngã và có người làm chứng.","Bộ Lao động – Thương binh và Xã hội trả lời vấn đề này như sau: Theo quy định tại khoản 1, Điều 35 Luật An toàn vệ sinh lao động năm 2015 thì người sử dụng lao động có trách nhiệm thành lập Đoàn điều tra tai nạn lao động cấp cơ sở đối với trường hợp này. Việc xác định trường hợp này có phải tai nạn lao động hay không phải căn cứ vào kết quả điều tra tai nạn lao động. Trường hợp không đồng ý với kết quả điều tra tai nạn lao động của Đoàn điều tra tai nạn lao động cấp cơ sở mà có khiếu nại, tố cáo đề nghị ông Minh liên hệ với Sở Lao động-Thương binh và Xã hội địa phương để giải quyết theo quy định tại Điều 17 Nghị định số 39/2016/NĐ-CP ngày 15/5/2016 của Chính phủ quy định chi tiết thi hành một số điều của Luật An toàn vệ sinh lao động.",https://chinhsachonline.chinhphu.vn/xac-dinh-truong-hop-co-phai-tai-nan-lao-dong-hay-khong-20699.htm,in_scope,35,AI hỗ trợ (Codex); chưa xác nhận bởi người. [CẦN RÀ SOÁT] Nguồn yêu cầu đoàn điều tra cấp cơ sở theo khoản 1 Điều 35 xác định tính chất tai nạn; chưa đủ dữ kiện kết luận điều kiện hưởng.,ai_assisted,needs_review
66,"Tôi bị tai nạn hỏng một bên mắt trong khi làm việc tại công ty từ năm 2005, nhưng chưa hưởng chế độ tai nạn lao động. Tôi còn giữ biên bản điều tra tai nạn lao động, giấy ra viện, bản sao bệnh án. Xin hỏi, nay tôi muốn làm chế độ tai nạn lao động có được không?","Bộ Lao động – Thương binh và Xã hội trả lời vấn đề này như sau: Vào thời điểm năm 2005, chế độ tai nạn lao động thực hiện theo quy định tại Điều 107 Bộ luật Lao động năm 1994 ; Khoản 23, Điều 1 Luật Sửa đổi, bổ sung một số điều Bộ luật Lao động năm 2002 và Điều 16 Điều lệ BHXH ban hành kèm theo Nghị định số 12/CP ngày 26/1/1995. Theo đó, từ người sử dụng lao động, bao gồm: Chi phí y tế, tiền lương từ khi sơ cứu, cấp cứu đến khi điều trị xong. Bồi thường hoặc trợ cấp theo mức suy giảm khả năng lao động. Chi tiết chế độ bồi thường, trợ cấp được quy định tại Thông tư số 10/2003/TT-BLĐTBXH ngày 18/4/2003 của Bộ Lao động - Thương binh và Xã hội hướng dẫn việc thực hiện chế độ bồi thường và trợ cấp đối với người lao động bị tai nạn lao động, bệnh nghề nghiệp. Từ Quỹ BHXH nếu thuộc đối tượng BHXH bắt buộc theo quy định tại Khoản 36, Điều 1 Luật Sửa đổi, bổ sung một số điều Bộ luật Lao động năm 2002; điều kiện hưởng và chế độ được hưởng theo quy định tại Mục III Điều lệ BHXH ban hành kèm theo Nghị định số 12/CP. Trường hợp công ty của ông Hải thuộc đối tượng tham gia loại hình BHXH bắt buộc và ông làm việc theo hợp đồng lao động từ 3 tháng trở lên theo quy định tại Khoản 36, Điều 1 Luật Sửa đổi, bổ sung một số điều Bộ luật Lao động năm 2002 nhưng công ty của ông không tham gia loại hình BHXH bắt buộc cho ông, thì công ty phải trả cho ông một khoản tiền ngang với mức quy định trong Điều lệ BHXH theo quy định tại Khoản 2, Điều 107 Bộ luật Lao động năm 1994. Hiện nay, chế độ tai nạn lao",https://chinhsachonline.chinhphu.vn/bi-tai-nan-lao-dong-tu-2005-nay-co-the-lam-che-do-19684.htm,out_of_scope,,AI hỗ trợ (Codex); chưa xác nhận bởi người. [CẦN RÀ SOÁT] Vụ việc/chế độ lịch sử được nguồn giải quyết theo pháp luật trước Luật ATVSLĐ 2015 hoặc quy định chuyển tiếp. Không tự hồi tố Điều 1–62; cần người chốt có chấp nhận ánh xạ theo chủ đề hay không.,ai_assisted,needs_review
67,"Người lao động bị tai nạn do mình tự gây ra hoặc do vi phạm giao thông, xảy ra từ đường đi làm đến nơi làm việc có được công nhận là tai nạn lao động không?","Bộ Lao động – Thương binh và Xã hội trả lời vấn đề này như sau: Tại Khoản 8, Điều 3 Luật An toàn, vệ sinh lao động quy định: “Tai nạn lao động là tai nạn gây tổn thương cho bất kỳ bộ phận, chức năng nào của cơ thể hoặc gây tử vong cho người lao động, xảy ra trong quá trình lao động, gắn liền với việc thực hiện công việc, nhiệm vụ lao động”. Các trường hợp ông nêu tại câu hỏi chưa đủ thông tin nên chưa thể kết luận được. Ông Tâm cần căn cứ vào kết quả điều tra tai nạn lao động theo quy định pháp luật để có thể xác định được trường hợp nào là tai nạn lao động.",https://chinhsachonline.chinhphu.vn/can-cu-xac-dinh-cac-truong-hop-la-tai-nan-lao-dong-19589.htm,in_scope,3,AI hỗ trợ (Codex); chưa xác nhận bởi người. [CẦN RÀ SOÁT] Nguồn viện dẫn định nghĩa TNLĐ tại khoản 8 Điều 3 và yêu cầu điều tra; chưa đủ dữ kiện để gán trực tiếp Điều 45.,ai_assisted,needs_review
68,"Tôi công tác tại Chi nhánh Xí nghiệp Môi trường đô thị huyện Gia Lâm, TP. Hà Nội. Ngày 11/6/2014, tôi bị ngã trên đường đi làm, được đưa đến bệnh viện, bác sĩ kết luận tôi bị chấn thương phần mềm và cho ra viện. Trường hợp của tôi đã được Tổ trưởng báo cáo lên Xí nghiệp nhưng không nhận được ý kiến về việc lập biên bản hiện trường. Khi tôi đi khám lại thì được chẩn đoán rạn đầu xương cánh tay, được nghỉ làm 2 tuần hưởng BHXH. Ngày 24/6/2014, tôi đến khám tại bệnh viện, và được kết luận bị dập tủy đầu xương trên cánh tay phải, dập điểm bám gân cơ trên và dưới vai phải. Quá trình điều trị thuốc không có tiến triển nên ngày 31/3/2015, bệnh viện yêu cầu tôi nhập viện để phẫu thuật. Từ khi tôi bị tai nạn đến nay, Xí nghiệp không hướng dẫn tôi làm thủ tục hưởng chế độ tai nạn và cũng chưa thanh toán tiền nghỉ hưởng BHXH từ năm 2014. Tôi xin hỏi, trường hợp của tôi có được coi là tai nạn lao động không? Nếu là tai nạn lao động thì tôi cần những giấy tờ gì để hưởng chế độ? Trách nhiệm của người sử dụng lao động trong trường hợp này như thế nào? Xí nghiệp không chi trả tiền nghỉ ốm từ năm 2014 cho tôi có đúng không? Việc Xí nghiệp trả lời do vụ việc từ năm trước nên đến năm nay không giải quyết có đúng quy định không?","Bộ Lao động - Thương binh và Xã hội trả lời vấn đề này như sau: Theo quy định tại Thông tư liên tịch số 12/2012/TTLT-BLĐTBXH-BYT ngày 21/5/2012 của liên Bộ Lao động – Thương binh và Xã hội, Bộ Y tế hướng dẫn thực hiện việc khai báo, điều tra, thống kê và báo cáo tai nạn lao động thì vụ tai nạn của ông Giỏi phải được Chi nhánh Xí nghiệp Môi trường đô thị huyện Gia Lâm thuộc Công ty TNHH Nhà nước MTV Môi trường đô thị Hà Nội thành lập Đoàn điều tra tai nạn lao động cấp cơ sở để điều tra, xem xét tính hợp lý về thời gian, địa điểm để kết luận vụ tai nạn đó có được coi là tai nạn lao động hay không. Trong trường hợp vụ tai nạn của ông Giỏi được Đoàn điều tra tai nạn lao động cấp cơ sở kết luận là tai nạn lao động thì Công ty phải có trách nhiệm trợ cấp cho người lao động theo quy định tại Điểm b, Khoản 1 Điều 4 Thông tư số 04/2015/TT-BLĐTBXH ngày 2/2/2015 của Bộ Lao động – Thương binh và Xã hội hướng dẫn thực hiện chế độ bồi thường, trợ cấp và chi phí y tế của người sử dụng lao động đối với người lao động bị tai nạn lao động, bệnh nghề nghiệp. Lập hồ sơ làm đề nghị cơ quan bảo hiểm giải quyết chế độ bảo hiểm tai nạn lao động, bệnh nghề nghiệp theo quy định của Điều 114 Luật BHXH. Việc người sử dụng lao động trả lời do vụ việc từ năm trước nên đến nay không giải quyết là không đúng quy định của pháp luật. Người sử dụng lao động phải thực hiện các nghĩa vụ của người sử dụng lao động đối với ông Giỏi theo các quy định của pháp luật.",https://chinhsachonline.chinhphu.vn/truong-hop-nao-duoc-xac-dinh-la-tai-nan-lao-dong-17545.htm,out_of_scope,,AI hỗ trợ (Codex); chưa xác nhận bởi người. [CẦN RÀ SOÁT] Vụ việc/chế độ lịch sử được nguồn giải quyết theo pháp luật trước Luật ATVSLĐ 2015 hoặc quy định chuyển tiếp. Không tự hồi tố Điều 1–62; cần người chốt có chấp nhận ánh xạ theo chủ đề hay không.,ai_assisted,needs_review
69,"Tôi muốn hỏi, trường hợp người lao động trong khi lên ban gác Hầm đường sắt thì bị rắn cắn phải đưa đi cấp cứu thì có được xem là tai nạn lao động không? Có văn bản mới nhất nào quy định về danh mục và mã số yếu tố gây chấn thương để phân loại tai nạn lao động không?","Bộ Lao động – Thương binh và Xã hội trả lời vấn đề này như sau: Căn cứ khoản 1 Điều 6 Thông tư liên tịch số 12/2012/TTLT-BLĐTBXH-BYT ngày 21/5/2012 của liên Bộ Lao động – Thương binh và Xã hội, Bộ Y tế hướng dẫn việc khai báo, điều tra, thống kê và báo cáo tai nạn lao động thì khi nhận được tin báo có tai nạn xảy ra tại cơ sở của mình, người sử dụng lao động phải thành lập ngay Đoàn điều tra tai nạn lao động cấp cơ sở để tiến hành điều tra vụ tai nạn đó. Trong quá trình làm việc Đoàn điều tra cần xem xét các yếu tố như tai nạn xảy ra trong quá trình lao động gắn liền với việc thực hiện công việc, nhiệm vụ lao động không? Có xảy ra trong quá trình thực hiện công việc, nhiệm vụ khác theo sự phân công của người sử dụng lao động không? Có thực hiện các nhu cầu cần thiết mà Bộ luật Lao động và nội quy cơ sở cho phép không? Hoặc xem xét tai nạn có xảy ra khi đi từ nơi ở đến nơi làm việc, từ nơi làm việc về nơi ở tại địa điểm và thời gian hợp lý không? Trên cơ sở này mới có thể kết luận xem vụ tai nạn xảy ra tại cơ sở có phải là tai nạn lao động hay không. Danh mục các chấn thương để phân loại tai nạn lao động được quy định tại Phụ lục số 01 ban hành kèm theo Thông tư liên tịch số 12/2012/TTLT-BLĐTBXH-BYT nêu trên.",https://chinhsachonline.chinhphu.vn/truong-hop-nao-duoc-coi-la-tai-nan-lao-dong-16284.htm,out_of_scope,,AI hỗ trợ (Codex); chưa xác nhận bởi người. [CẦN RÀ SOÁT] Vụ việc/chế độ lịch sử được nguồn giải quyết theo pháp luật trước Luật ATVSLĐ 2015 hoặc quy định chuyển tiếp. Không tự hồi tố Điều 1–62; cần người chốt có chấp nhận ánh xạ theo chủ đề hay không.,ai_assisted,needs_review
70,"Bố của tôi làm việc trong ngành vận tải của tỉnh Tuyên Quang được 3 năm, sau đó chuyển công tác làm cán bộ xã Phúc Ứng, huyện Sơn Dương. Tháng 7/2012, trên đường đi làm thì bị tai nạn giao thông, gây chấn thương sọ não và chết sau khi bị tai nạn 1 tháng. Do khi bị tai nạn, gia đình không báo để Công an đến lập hồ sơ hiện trường vụ tai nạn, nên gia đình hiện không có hồ sơ, nhưng có người làm chứng. Tôi muốn biết, trường hợp của bố tôi có được hưởng trợ cấp tai nạn lao động không?","BHXH Việt Nam trả lời vấn đề trên như sau: Pháp luật về BHXH hiện hành quy định người lao động đang làm việc bị chết do tai nạn lao động hoặc bị chết trong thời gian điều trị lần đầu do tai nạn lao động thì thân nhân được hưởng trợ cấp một lần bằng 36 tháng lương tối thiểu chung và hưởng chế độ tử tuất theo quy định. Hồ sơ hưởng chế độ tử tuất đối v ới đối tượng này, gồm: - Sổ BHXH - Giấy chứng tử hoặc giấy báo tử - Tờ khai của thân nhân người chết - Biên bản điều tra tai nạn lao động (trường hợp tai nạn giao thông được xác định là tai nạn lao động thì kèm theo bản sao Biên bản tai nạn giao thông hoặc Biên bản khám nghiệm hiện trường, sơ đồ hiện trường vụ tai nạn). Trường hợp của bố ông, theo trình bày thì khi bị tai nạn, do không báo nên cơ quan công an không lập hồ sơ tai nạn giao thông theo quy định. Căn cứ quy định nêu trên thì chưa có đủ hồ sơ để làm cơ sở xem xét giải quyết chế độ BHXH chết do tai nạn lao động đối với người lao động. Để biết cụ thể về quyền lợi và thủ tục hưởng các chế độ BHXH đối với bố ông, đề nghị ông Thao liên hệ trực tiếp với đơn vị sử dụng lao động nơi bố ông đã làm việc trước khi bị tai nạn.",https://chinhsachonline.chinhphu.vn/dieu-kien-huong-tro-cap-tai-nan-lao-dong-16165.htm,out_of_scope,,AI hỗ trợ (Codex); chưa xác nhận bởi người. [CẦN RÀ SOÁT] Vụ việc/chế độ lịch sử được nguồn giải quyết theo pháp luật trước Luật ATVSLĐ 2015 hoặc quy định chuyển tiếp. Không tự hồi tố Điều 1–62; cần người chốt có chấp nhận ánh xạ theo chủ đề hay không.,ai_assisted,needs_review
71,"Tôi bị tai nạn lao động dẫn đến cụt tay và chân, hiện đang hưởng trợ cấp tai nạn lao động hằng tháng. Tôi được biết, người đang hưởng lương và trợ cấp thấp hơn 3.000.000 đồng/tháng thì được tăng thêm 300.000 đồng nữa. Xin hỏi, tôi có được tăng trợ cấp không?","Bảo hiểm xã hội Việt Nam trả lời vấn đề này như sau: Theo nội dung ông Cao hỏi, thì ông hiện đang hưởng trợ cấp tai nạn lao động hằng tháng. Như vậy, ông thuộc đối tượng là người đang hưởng trợ cấp tai nạn lao động, bệnh nghề nghiệp hằng tháng quy định tại Điểm h Điều 1 Nghị định số 42/2023/NĐ-CP ngày 29/6/2023 của Chính phủ về việc điều chỉnh lương hưu, trợ cấp BHXH và trợ cấp hằng tháng. Điều 2 Nghị định số 42/2023/NĐ-CP quy định về thời điểm và mức điều chỉnh lương hưu, trợ cấp BHXH: ""1. Từ ngày 01 tháng 7 năm 2023, điều chỉnh như sau: a) Tăng thêm 12,5% trên mức lương hưu, trợ cấp bảo hiểm xã hội và trợ cấp hằng tháng của tháng 6 năm 2023 đối với các đối tượng quy định tại Khoản 1 Điều 1 Nghị định này đã được điều chỉnh theo Nghị định số 108/2021/NĐ-CP ngày 07 tháng 12 năm 2021 của Chính phủ điều chỉnh lương hưu, trợ cấp bảo hiểm xã hội và trợ cấp hằng tháng. b) Tăng thêm 20,8% trên mức lương hưu, trợ cấp bảo hiểm xã hội và trợ cấp hằng tháng của tháng 6 năm 2023 đối với các đối tượng quy định tại Khoản 1 Điều 1 Nghị định này chưa được điều chỉnh theo Nghị định số 108/2021/NĐ-CP ngày 07 tháng 12 năm 2021 của Chính phủ điều chỉnh lương hưu, trợ cấp bảo hiểm xã hội và trợ cấp hằng tháng. 2. Từ ngày 01 tháng 7 năm 2023, người đang hưởng lương hưu, trợ cấp bảo hiểm xã hội, trợ cấp hằng tháng theo quy định tại Khoản 2 Điều 1 Nghị định này, sau khi điều chỉnh theo quy định tại Khoản 1 Điều này, có mức hưởng thấp hơn 3.000.000 đồng/tháng thì được điều chỉnh tăng thêm như sau: Tă",https://chinhsachonline.chinhphu.vn/nguoi-bi-tai-nan-lao-dong-co-duoc-tang-tro-cap-hang-thang-72231.htm,out_of_scope,,"AI hỗ trợ (Codex); chưa xác nhận bởi người. [CẦN RÀ SOÁT] Hỏi đối tượng/mức tăng trợ cấp theo một nghị định điều chỉnh cụ thể; Điều 49 chỉ dẫn chiếu, không trả lời được chính sách tăng tương ứng. Cần thống nhất ranh giới với ánh xạ chủ đề Điều 49.",ai_assisted,needs_review
72,"Tôi bị tai nạn lao động, đang hưởng trợ cấp tai nạn lao động hằng tháng. Tôi được nghe thông tin, người đang hưởng lương và trợ cấp thấp hơn 3 triệu đồng thì được tăng thêm 300.000 đồng. Xin hỏi, trường hợp của tôi có được tăng không?","Bảo hiểm xã hội tỉnh Hải Dương trả lời vấn đề này như sau: Căn cứ Nghị định số 42/2023/NĐ-CP ngày 29/6/2023 của Chính phủ quy định về điều chỉnh lương hưu, trợ cấp BHXH và trợ cấp hằng tháng, ông thuộc đối tượng được điều chỉnh tại Điểm h Điều 1 Nghị định số 42/2023/NĐ-CP, cụ thể từ ngày 1/7/2023, mức hưởng trợ cấp của ông đã tăng thêm 20,8% trợ cấp hằng tháng của tháng 6/2023. Quy định về tăng thêm 300.000 đồng/tháng đối với người có mức hưởng dưới 3.000.000 đồng ông hỏi áp dụng với các đối tượng thuộc Điểm a, b, c, d, đ, e và g Khoản 1 Điều này (nghỉ hưởng lương hưu, trợ cấp BHXH, trợ cấp hằng tháng trước ngày 1/1/1995, sau khi thực hiện điều chỉnh theo quy định tại Khoản 1 Điều 2 Nghị định này có mức lương hưu, trợ cấp BHXH, trợ cấp hằng tháng dưới 3.000.000 đồng/tháng) Đối chiếu với quy định này thì ông không thuộc đối tượng điều chỉnh tăng thêm 300.000 đồng/tháng.",https://chinhsachonline.chinhphu.vn/ai-duoc-tang-them-300000-dong-thang-sau-dieu-chinh-luong-huu-70259.htm,out_of_scope,,"AI hỗ trợ (Codex); chưa xác nhận bởi người. [CẦN RÀ SOÁT] Hỏi đối tượng/mức tăng trợ cấp theo một nghị định điều chỉnh cụ thể; Điều 49 chỉ dẫn chiếu, không trả lời được chính sách tăng tương ứng. Cần thống nhất ranh giới với ánh xạ chủ đề Điều 49.",ai_assisted,needs_review
73,"Tôi là công nhân, bị tai nạn lao động đã được BHXH giải quyết chế độ hàng tháng từ tháng 11/2021. Nay thương tật của tôi bị tái phát và tôi đã điều trị ổn định. Vậy, tôi có được giám định lại để xác định lại tỷ lệ thương tật không? Sau bao lâu mới được đi giám định lại thương tật, thủ tục như thế nào?","Bảo hiểm xã hội tỉnh Quảng Ngãi trả lời vấn đề này như sau: Tại Điểm b Khoản 1 Điều 47 Luật An toàn, vệ sinh lao động quy định, người lao động bị tai nạn lao động, bệnh nghề nghiệp được giám định lại mức suy giảm khả năng lao động sau khi thương tật, bệnh tật tái phát đã được điều trị ổn định; Theo quy định tại Thông tư số 18/2022/TT-BYT ngày 31/12/2022 sửa đổi, bổ sung một số điều của Thông tư số 56/2017/TT-BYT ngày 29/12/2017 của Bộ trưởng Bộ Y tế quy định chi tiết thi hành Luật Bảo hiểm xã hội và Luật An toàn, vệ sinh lao động thuộc lĩnh vực y tế: Đối với các trường hợp giám định lại tai nạn lao động, bệnh nghề nghiệp người lao động được chủ động đi khám giám định mức suy giảm khả năng lao động và được trả phí khám giám định trong trường hợp kết quả khám giám định đủ điều kiện để điều chỉnh tăng mức hưởng trợ cấp tai nạn lao động, bệnh nghề nghiệp Đối chiếu các quy định trên, sau khi thương tật, bệnh tật tái phát của bà đã được điều trị ổn định thì bà chủ động đi khám giám định mức suy giảm khả năng lao động và được Quỹ Tai nạn lao động – Bệnh nghề nghiệp trả phí giám định theo quy định nếu kết quả khám giám định của bà đủ điều kiện để điều chỉnh tăng mức hưởng trợ cấp tai nạn lao động. Thủ tục nộp tại Trung tâm Giám định y khoa: Giấy đề nghị khám giám định theo mẫu; Bản chính hoặc bản sao hợp lệ Tóm tắt hồ sơ bệnh án theo mẫu hoặc Giấy ra viện theo mẫu ghi rõ tổn thương tái phát. Trường hợp người được giám định thuộc đối tượng quy định tại Điểm c Khoản 1 Điều 47 của Luật ",https://chinhsachonline.chinhphu.vn/duoc-giam-dinh-lai-muc-suy-giam-kha-nang-lao-dong-khi-nao-67125.htm,in_scope,47,"AI hỗ trợ (Codex); chưa xác nhận bởi người. [CẦN RÀ SOÁT] Trọng tâm là được giám định lại khi thương tật tái phát; Điều 47. Hồ sơ liên quan Điều 62/văn bản y tế là phần bổ sung, cần rà lại R5 nếu coi là yêu cầu độc lập.",ai_assisted,needs_review
74,Tôi bị cụt một cánh tay và đang hưởng trợ cấp tai nạn lao động với mức suy giảm khả năng lao động 70%. Vậy tôi có được hưởng thêm trợ cấp người khuyết tật không?,"Bộ Lao động – Thương binh và Xã hội trả lời vấn đề này như sau: Theo quy định tại Khoản 1 Điều 51 Luật Người khuyết tật , người khuyết tật đang hưởng chính sách ưu đãi người có công với cách mạng; đang hưởng lương hưu, trợ cấp BHXH hằng tháng thì không được hưởng chính sách bảo trợ xã hội. Vì vậy, ông không thuộc đối tượng được hưởng đồng thời chế độ trợ cấp người khuyết tật.",https://chinhsachonline.chinhphu.vn/bi-tai-nan-lao-dong-co-duoc-huong-them-tro-cap-nguoi-khuyet-tat-66313.htm,out_of_scope,,"AI hỗ trợ (Codex); chưa xác nhận bởi người. Trợ cấp người khuyết tật/bảo trợ xã hội hoặc bệnh nan y, không phải chế độ TNLĐ-BNN.",ai_assisted,proposed
75,"Tôi đang hưởng trợ cấp tai nạn lao động hằng tháng, vậy tôi có thuộc đối tượng được tăng trợ cấp theo Nghị định số 108/2021/NĐ-CP và Thông tư số 37/2021/TT-BLĐTBXH hay không?","Bộ Lao động – Thương binh và Xã hội trả lời vấn đề này như sau: Theo quy định tại Khoản 1, Điều 1 Nghị định số 108/2021/NĐ-CP ngày 7/12/2021 của Chính phủ về điều chỉnh lương hưu, trợ cấp BHXH và trợ cấp hằng tháng thì từ ngày 1/1/2022, người đang hưởng lương hưu, trợ cấp BHXH và trợ cấp hằng tháng được điều chỉnh tăng thêm 7,4% trên mức lương hưu, trợ cấp của tháng 12/2021, cụ thể bao gồm: - Cán bộ, công chức, công nhân, viên chức và người lao động (kể cả người có thời gian tham gia BHXH tự nguyện, người nghỉ hưu từ Quỹ BHXH nông dân Nghệ An chuyển sang theo Quyết định số 41/2009/QĐ-TTg ngày 16/3/2009 của Thủ tướng Chính phủ về việc chuyển BHXH nông dân Nghệ An sang BHXH tự nguyện); quân nhân, công an nhân dân và người làm công tác cơ yếu đang hưởng lương hưu hằng tháng. - Cán bộ xã, phường, thị trấn quy định tại Nghị định số 92/2009/NĐ-CP ngày 22/10/2009 của Chính phủ về chức danh, số lượng, một số chế độ, chính sách đối với cán bộ, công chức ở xã, phường, thị trấn và những người hoạt động không chuyên trách ở cấp xã, Nghị định số 34/2019/NĐ-CP ngày 24/4/2019 của Chính phủ sửa đổi, bổ sung một số quy định về cán bộ, công chức cấp xã và người hoạt động không chuyên trách ở cấp xã, ở thôn, tổ dân phố, Nghị định số 121/2003/NĐ-CP ngày 21/10/2003 của Chính phủ về chế độ, chính sách đối với cán bộ, công chức ở xã, phường, thị trấn và Nghị định số 09/1998/NĐ-CP ngày 23/1/1998 của Chính phủ sửa đổi, bổ sung Nghị định số 50/CP ngày 26/7/1995 của Chính phủ về chế độ sinh hoạt phí đố",https://chinhsachonline.chinhphu.vn/co-tang-tro-cap-tai-nan-lao-dong-hang-thang-theo-nghi-dinh-108-64090.htm,out_of_scope,,"AI hỗ trợ (Codex); chưa xác nhận bởi người. [CẦN RÀ SOÁT] Hỏi đối tượng/mức tăng trợ cấp theo một nghị định điều chỉnh cụ thể; Điều 49 chỉ dẫn chiếu, không trả lời được chính sách tăng tương ứng. Cần thống nhất ranh giới với ánh xạ chủ đề Điều 49.",ai_assisted,needs_review
76,"Bố tôi là bộ đội, bị tai nạn khi đi làm và hiện hưởng trợ cấp tai nạn lao động hàng tháng. Vừa qua tôi trúng tuyển đại học. Nhà trường thông báo, chỉ con thương binh, con liệt sĩ mới được hưởng chính sách ưu tiên. Tôi xin hỏi, như vậy có đúng không?","Bộ Giáo dục và Đào tạo trả lời vấn đề này như sau: Theo quy định của Quy chế tuyển sinh đại học, cao đẳng hệ chính quy hiện hành, chỉ những đối tượng ""con thương binh, con bệnh binh, con của người được hưởng chính sách như thương binh"" được xếp hạng và có tỷ lệ suy giảm khả năng lao động, mới được ưu tiên trong tuyển sinh (tùy theo tỷ lệ suy giảm khả năng lao động) theo nhóm đối tượng. Như vậy, nếu bố của thí sinh Vũ Hữu Duyên là bộ đội, bị tai nạn trong quá trình làm nhiệm vụ, được cấp thẻ ""Người được hưởng chính sách như thương binh"" bị suy giảm khả năng lao động là 35% thì mới phù hợp với quy định của Quy chế tuyển sinh.",https://chinhsachonline.chinhphu.vn/con-nguoi-huong-tro-cap-tnld-co-duoc-uu-tien-tuyen-sinh-18638.htm,out_of_scope,,"AI hỗ trợ (Codex); chưa xác nhận bởi người. Hỏi học phí hoặc ưu tiên giáo dục; TNLĐ/nghề độc hại chỉ là bối cảnh, căn cứ trả lời thuộc chính sách giáo dục.",ai_assisted,proposed
77,"Tôi đang hưởng trợ cấp tai nạn lao động hàng tháng hạng ¾, tỷ lệ thương tật 41%, mức hưởng trợ cấp là 850.000 đồng/tháng. Tôi xin hỏi, từ ngày 1/1/2015 tôi có được điều chỉnh tăng 8% mức trợ cấp theo Nghị định số 09/2015/NĐ-CP không?","Bảo hiểm xã hội Việt Nam trả lời vấn đề này như sau: Trường hợp của ông Thái Văn Hoàng thuộc đối tượng hiện đang hưởng trợ cấp tai nạn lao động hàng tháng. Đối chiếu với quy định tại Điều I Chương I Nghị định số 09/2015/NĐ-CP ngày 22/1/2015 của Chính phủ về việc điều chỉnh lương hưu, trợ cấp bảo hiểm xã hội và trợ cấp hàng tháng đối với cán bộ xã đã nghỉ việc thì ông không thuộc đối tượng điều chỉnh. Do vậy, từ ngày 1/1/2015 ông Hoàng không được điều chỉnh tăng thêm 8% mức trợ cấp tai nạn lao động hàng tháng.",https://chinhsachonline.chinhphu.vn/doi-tuong-nao-duoc-dieu-chinh-8-tro-cap-tu-nam-2015-16781.htm,out_of_scope,,"AI hỗ trợ (Codex); chưa xác nhận bởi người. [CẦN RÀ SOÁT] Hỏi đối tượng/mức tăng trợ cấp theo một nghị định điều chỉnh cụ thể; Điều 49 chỉ dẫn chiếu, không trả lời được chính sách tăng tương ứng. Cần thống nhất ranh giới với ánh xạ chủ đề Điều 49.",ai_assisted,needs_review
78,"Tôi là giáo viên tại Trung tâm Kỹ thuật tổng hợp hướng nghiệp Vĩnh Linh thuộc Sở Giáo dục và Đào tạo tỉnh Quảng Trị. Tháng 5/2014, tôi bị tai nạn giao thông trên đường đến trường giảng dạy. Tôi đã làm hồ sơ để giám định thương tật tai nạn lao động và muốn tìm hiểu về quyền lợi của cá nhân theo quy định của Bộ Luật Lao động , cụ thể: - Việc sơ cấp cứu, điều trị tại bệnh viện, tôi có được cơ quan chủ quản trả mọi kinh phí điều trị và phục hồi chức năng không? Nếu các hình thức tai nạn gây ra khác nhau, thì cách tính chi trả cho việc sơ cấp cứu, điều trị, phục hồi sức khỏe có khác nhau không? - Các mức chi trả kinh phí điều trị cho người bị tai nạn lao động được quy định thế nào? Nếu tôi điều trị cấp cứu tại bệnh viện tuyến trên (vượt tuyến) có được người sử dụng lao động thanh toán theo hóa đơn điều trị hay không? Nếu không thanh toán theo hóa đơn, thì người sử dụng lao động thanh toán kinh phí điều trị cho tôi theo chế độ, định mức nào? - Tôi bị tai nạn gãy xương chân nặng, phải phẫu thuật nẹp định vị xương, vì vậy sau khi ra viện vẫn mua thuốc điều trị định kỳ và sau thời gian hồi phục chức năng, sức khỏe, phải phẫu thuật lại lần thứ hai. Vậy, kinh phí phẫu thuật điều trị cho lần này có được người sử dụng lao động chi trả không? - Trong thời gian hồi phục sức khỏe, tôi không thể tham gia công tác giảng dạy, thì có được hưởng nguyên lương và chế độ phụ cấp ưu đãi không? Nếu được hưởng lương và phụ cấp ưu đãi, thì thời gian được hưởng tối đa là bao nhiêu tháng từ khi phẫu thuật?","Bộ Lao động – Thương binh và Xã hội trả lời vấn đề này như sau: Điều 144 của Bộ Luật lao động năm 2012 quy định trách nhiệm của người sử dụng lao động đối với người bị tai nạn lao động. Người lao động được hưởng chế độ quy định tại Điều 144 này là người bị tai nạn lao động được quy định tại Điều 142 của Bộ luật Lao động năm 2012.Căn cứ theo quy định tại Điểm a, Khoản 2, Điều 3 Thông tư liên tịch số 12/2012/TTLT-BLĐTBXH – BYT ngày 21/5/2012 của Bộ Lao động – Thương binh và Xã hội và Bộ Y tế hướng dẫn việc khai báo, điều tra, thống kê báo cáo tai nạn lao động, nếu đủ căn cứ để chứng minh tai nạn xảy ra đối với ông Hoàng Đức Long khi đi từ nơi ở đến nơi làm việc xảy ra tại địa điểm và thời gian hợp lý thì tai nạn đó được coi là tai nạn lao động. Đây là căn cứ để lập hồ sơ giải quyết các chế độ đối với người bị tai nạn được coi là tai nạn lao động theo quy định của pháp luật về lao động, bao gồm: - Chế độ trợ cấp tai nạn lao động từ người sử dụng lao động tuỳ theo mức độ suy giảm khả năng lao động theo quy định tại điểm a, Khoản 1 mục II Thông tư số 10/2003/TT-BLĐTBXH ngày 18/4/2003 của Bộ Lao động – Thương binh và Xã hội hướng dẫn việc thực hiện chế độ bồi thường, trợ cấp đối với người lao động bị tai nạn lao động, bệnh nghề nghiệp. - Chế độ tai nạn lao động, bệnh nghề nghiệp theo quy định của Luật bảo hiểm xã hội , nếu ông Hoàng Đức Long tham gia bảo hiểm xã hội bắt buộc. Hiện nay, pháp luật chưa quy định các trường hợp được coi là tai nạn lao động được hưởng mọi chế độ như ngư",https://chinhsachonline.chinhphu.vn/che-do-khi-bi-tai-nan-giao-thong-tren-duong-di-lam-15735.htm,out_of_scope,,AI hỗ trợ (Codex); chưa xác nhận bởi người. [CẦN RÀ SOÁT] Vụ việc/chế độ lịch sử được nguồn giải quyết theo pháp luật trước Luật ATVSLĐ 2015 hoặc quy định chuyển tiếp. Không tự hồi tố Điều 1–62; cần người chốt có chấp nhận ánh xạ theo chủ đề hay không.,ai_assisted,needs_review
79,"Năm 2019, tôi làm công việc trực tiếp chăm sóc bệnh nhân lao tại Khoa Truyền nhiễm, Bệnh viện đa khoa tỉnh Đắk Nông. Năm 2011, tôi bị bệnh lao hạch, điều trị tại Bệnh viện Chợ Rẫy và Trung tâm y tế Gia Nghĩa. Năm 2013, Bệnh viện của tôi có công văn để tôi đi giám định sức khỏe bệnh nghề nghiệp. Tháng 8/2014, tôi chuyển công tác đến Bệnh viện đa khoa khu vực Đặng Thùy Trâm, tỉnh Quảng Ngãi. Tháng 9/2014, tôi nhận được kết quả giám định suy giảm 35% khả năng lao động do bệnh nghề nghiệp. Tôi đã hoàn thiện đầy đủ hồ sơ theo Quyết định số 222/QĐ-BHXH (gồm: Đơn đề nghị của người lao động, công văn của đơn vị sử dụng lao động mẫu 05, giấy ra viện, biên bản giám định sức khỏe, sổ BHXH, quyết định phân công công tác), gửi đến BHXH huyện Đức Phổ, nhưng bị từ chối nhận hồ sơ. Tôi được hướng dẫn liên hệ BHXH tỉnh Đắk Nông giải quyết. Xin hỏi, như vậy có đúng không (tôi đã chuyển công tác, chuyển BHXH về Quảng Ngãi)?","Bảo hiểm xã hội tỉnh Quảng Ngãi trả lời vấn đề này như sau: Tại Khoản 2 Điều 45 Nghị định số 88/2020/NĐ-CP ngày 28/7/2020 của Chính phủ quy định người bị bệnh nghề nghiệp điều trị xong, ra viện trước ngày 1/7/2016 thì vẫn thực hiện theo quy định của Luật BHXH năm 2014 và các văn bản quy định chi tiết, hướng dẫn thi hành chế độ bệnh nghề nghiệp ban hành trước ngày 1/1/2016. Tại Khoản 4 Điều 28 Nghị định số 115/2015/NĐ-CP ngày 11/11/2015 của Chính phủ quy định người lao động đủ điều kiện và hưởng các chế độ BHXH trước ngày 1/1/2016 thì vẫn thực hiện theo quy định của pháp luật trước ngày 1/1/2016. Tại Điểm d Khoản 1 Điều 18 Luật BHXH số 71/2006/QH11 quy định người sử dụng lao động có trách nhiệm lập hồ sơ để người lao động được hưởng BHXH. Tại Mục 4.1 Khoản 4 Phần III Quyết định số 222/QĐ-BHXH ngày 25/2/2021 của BHXH Việt Nam về việc công bố thủ tục hành chính được thay thế, bãi bỏ thuộc thẩm quyền giải quyết của BHXH Việt Nam quy định: Người lao động chuyển sang đơn vị sử dụng lao động khác bị mắc bệnh nghề nghiệp trong thời gian bảo đảm lập hồ sơ theo quy định tại Điểm 1, 3, 5, 6 Mục 4.3 (Thành phần hồ sơ) nộp cho đơn vị sử dụng lao động. Điều này có nghĩa là đối với người lao động đã chuyển sang làm việc tại đơn vị sử dụng lao động khác nhưng phát hiện bị mắc bệnh nghề nghiệp (phát hiện mắc bệnh nghề nghiệp trong thời gian làm việc ở đơn vị mới) trong thời gian bảo đảm thì nộp hồ sơ giải quyết bệnh nghề nghiệp cho đơn vị sử dụng lao động đang làm việc. Đối chiếu với các quy ",https://chinhsachonline.chinhphu.vn/chuyen-cong-tac-giai-quyet-tro-cap-benh-nghe-nghiep-the-nao-66129.htm,out_of_scope,,AI hỗ trợ (Codex); chưa xác nhận bởi người. [CẦN RÀ SOÁT] Vụ việc/chế độ lịch sử được nguồn giải quyết theo pháp luật trước Luật ATVSLĐ 2015 hoặc quy định chuyển tiếp. Không tự hồi tố Điều 1–62; cần người chốt có chấp nhận ánh xạ theo chủ đề hay không.,ai_assisted,needs_review
80,"Tôi sinh ngày 1/8/1967, đóng BHXH từ tháng 1/1990 đến nay, có 15 năm làm nghề nặng nhọc, độc hại. Ông Xin hỏi, tôi có đủ điều kiện nghỉ hưu trước tuổi không? Chế độ và mức lương của tôi được tính như thế nào?","BHXH TP. Hà Nội trả lời vấn đề này như sau: Ông Vinh sinh ngày 1/8/1967, tổng thời gian tham gia BHXH là 26 năm 8 tháng, trong đó có 15 năm làm nghề nặng nhọc, độc hại. Căn cứ quy định tại Điều 54 Luật BHXH số 58/2014/QH13 về điều kiện hưởng lương hưu, người lao động khi nghỉ việc có đủ 20 năm đóng BHXH trở lên thì được hưởng lương hưu nếu thuộc một trong các trường hợp sau đây: Nam đủ 60 tuổi, nữ đủ 55 tuổi; Nam từ đủ 55 tuổi đến đủ 60 tuổi, nữ từ đủ 50 tuổi đến đủ 55 tuổi và có đủ 15 năm làm nghề hoặc công việc nặng nhọc, độc hại, nguy hiểm hoặc đặc biệt nặng nhọc, độc hại, nguy hiểm theo danh mục do Bộ Lao động – Thương binh và Xã hội, Bộ Y tế ban hành hoặc có đủ 15 năm làm việc ở nơi có phụ cấp khu vực hệ số 0,7 trở lên; Người lao động từ đủ 50 tuổi đến đủ 55 tuổi và có đủ 20 năm đóng BHXH trở lên mà trong đó có đủ 15 năm làm công việc khai thác than trong hầm lò; Người bị nhiễm HIV/AIDS do tai nạn rủi ro nghề nghiệp. Như vậy, đối chiếu với quy định trên, nếu là lao động nữ thì đủ điều kiện hưởng chế độ hưu trí; nếu là lao động nam thì chưa đủ điều kiện hưởng chế độ hưu trí. Căn cứ quy định tại Điều 55 Luật BHXH số 58/2014/QH13 về điều kiện hưởng lương hưu khi suy giảm khả năng lao động, người lao động khi nghỉ việc có đủ 20 năm đóng BHXH trở lên thì được hưởng lương hưu với mức thấp hơn so với người đủ điều kiện hưởng lương hưu quy định tại Điều 54 nếu thuộc một trong các trường hợp sau đây: Từ ngày 1/1/2016, nam đủ 51 tuổi, nữ đủ 46 tuổi và bị suy giảm khả năng lao động",https://chinhsachonline.chinhphu.vn/che-do-huu-tri-doi-voi-nguoi-lam-nghe-nang-nhoc-doc-hai-19689.htm,out_of_scope,,"AI hỗ trợ (Codex); chưa xác nhận bởi người. Trọng tâm là điều kiện, tuổi, mức hưởng hoặc thủ tục hưu trí/nghỉ việc theo BHXH và chính sách tinh giản; không phải chế độ TNLĐ-BNN.",ai_assisted,proposed
81,"Thông tư số 22/2025/TT–BVHTTDL ngày 29/12/2025 của Bộ trưởng Bộ Văn hóa, Thể thao và Du lịch quy định: ""Cán bộ, công chức, viên chức làm các nghề, công việc quy định tại Điều 3 Thông tư này được hưởng chế độ bồi dưỡng bằng hiện vật theo quy định tại Thông tư số 24/2022/TT-BLĐTBXH ngày 30 tháng 11 năm 2022 của Bộ trưởng Bộ Lao động - Thương binh và Xã hội quy định việc bồi dưỡng bằng hiện vật với người lao động làm việc trong điều kiện có yếu tố nguy hiểm, yếu tố có hại"". Tôi là nhân viên thư viện thuộc danh mục nghề, công việc quy định tại mục Điều kiện lao động loại IV phần XXVIII (thể thao, văn hóa, thông tin) Danh mục nghề, công việc nặng nhọc, độc hại nguy hiểm và nghề, công việc đặc biệt nặng nhọc, độc hại nguy hiểm tại Thông tư số 11/2020/TT-BLĐTBXH ngày 12/11/2020 của Bộ trưởng Bộ Lao động - Thương binh và Xã hội. Xin hỏi, tôi có được hưởng phụ cấp bồi dưỡng bằng hiện vật không, và cơ quan nào sẽ thực hiện chi trả và mức chi trả được xác định như thế nào?","Bộ Văn hóa, Thể thao và Du lịch trả lời vấn đề này như sau: Theo Điều 3 Thông tư số 24/2022/TT-BLĐTBXH ngày 30/11/2022 của Bộ trưởng Bộ Lao động - Thương binh và Xã hội, người lao động được hưởng bồi dưỡng bằng hiện vật khi đáp ứng đầy đủ các điều kiện quy định, trong đó việc xác định yếu tố nguy hiểm, yếu tố có hại trong môi trường lao động phải được thực hiện bởi tổ chức đủ điều kiện hoạt động quan trắc môi trường lao động. Mức bồi dưỡng được xác định theo Điều 4 và Phụ lục I ban hành kèm theo Thông tư này. Do thông tin bà Trần Thị Thu cung cấp chưa đủ cơ sở xác định điều kiện lao động thực tế để xác định việc hưởng chế độ, đề nghị bà liên hệ cơ quan, đơn vị trực tiếp sử dụng lao động để căn cứ kết quả quan trắc môi trường lao động và các quy định nêu trên xem xét, thực hiện chế độ bồi dưỡng bằng hiện vật theo quy định.",https://chinhsachonline.chinhphu.vn/can-cu-xet-huong-boi-duong-bang-hien-vat-doi-voi-nguoi-lao-dong-91711.htm,in_scope,24,"AI hỗ trợ (Codex); chưa xác nhận bởi người. Hỏi quyền hưởng, bên chi trả và mức bồi dưỡng hiện vật cho nhân viên thư viện; Điều 24 và Thông tư 24/2022 hướng dẫn.",ai_assisted,proposed
82,"Tôi sinh tháng 10/1967, đóng BHXH được 19 năm 06 tháng trong đó có 15 năm làm công việc nặng nhọc, độc hại, nguy hiểm. Xin hỏi, tôi muốn nghỉ hưu từ tháng 7/2026 thì có được đóng bù 06 tháng để đủ 20 năm đóng BHXH không? Nếu nghỉ từ tháng 07/2026 thì lương hưu của tôi được tính như thế nào? Từ thời điểm nào?","Bảo hiểm xã hội TP. Hà Nội trả lời vấn đề này như sau: Căn cứ điểm b khoản 1 Điều 64 Luật BHXH năm 2024 quy định về đối tượng và điều kiện hưởng lương hưu đối với người lao động đủ tuổi nghỉ hưu theo quy định, có tổng thời gian đóng BHXH bắt buộc từ đủ 15 năm trở lên khi làm nghề, công việc nặng nhọc, độc hại, nguy hiểm hoặc đặc biệt nặng nhọc, độc hại, nguy hiểm thuộc danh mục nghề, công việc nặng nhọc, độc hại, nguy hiểm hoặc đặc biệt nặng nhọc, độc hại, nguy hiểm hoặc làm việc ở vùng có điều kiện kinh tế - xã hội đặc biệt khó khăn bao gồm cả thời gian làm việc ở nơi có phụ cấp khu vực hệ số 0,7 trở lên trước ngày 01/01/2021. Theo khoản 7 Điều 33 quy định về trường hợp thời gian đóng BHXH bắt buộc còn thiếu tối đa 06 tháng để đủ điều kiện hưởng lương hưu hoặc trợ cấp tuất hằng tháng thì người lao động hoặc thân nhân của người lao động được đóng tiếp một lần cho số tháng còn thiếu. Theo thông tin ông cung cấp, ông sinh tháng 10/1967, có đủ 15 năm làm nghề, công việc nặng nhọc, độc hại, nguy hiểm, như vậy ông đủ điều kiện nghỉ hưu theo quy định, vì vậy ông không được đóng tiếp một lần cho số tháng còn thiếu. Căn cứ tính lương hưu Do ông không cung cấp đầy đủ dữ liệu nên BHXH TP. Hà Nội chưa có đủ căn cứ để tính chính xác mức lương hưu và thời điểm hưởng khi ông nghỉ hưu từ tháng 07/2026. Căn cứ theo Điều 72 Luật BHXH năm 2024, mức bình quân tiền lương làm căn cứ đóng BHXH để tính lương hưu, trợ cấp một lần được xác định theo chế độ tiền lương của người lao động. Cụ thể, người",https://chinhsachonline.chinhphu.vn/khi-nao-duoc-dong-bu-bhxh-de-huong-che-do-huu-90469.htm,out_of_scope,,"AI hỗ trợ (Codex); chưa xác nhận bởi người. Trọng tâm là điều kiện, tuổi, mức hưởng hoặc thủ tục hưu trí/nghỉ việc theo BHXH và chính sách tinh giản; không phải chế độ TNLĐ-BNN.",ai_assisted,proposed
83,"Tôi đã học xong chương trình liên thông từ trình độ sơ cấp lên trung cấp thuộc trường Cao đẳng (Khoa Máy tàu biển, thời gian đào tạo 10 tháng; thuộc đối tượng học nghề học nặng nhọc, độc hại, nguy hiểm). Trong quá trình học tập, tôi được nhà trường hướng dẫn và hỗ trợ hoàn thiện hồ sơ đề nghị chi trả tiền miễn, giảm học phí theo Nghị định số 238/2025/NĐ-CP. Hồ sơ của tôi đã được nộp tại UBND xã, sau đó được xã xét duyệt và chuyển lên cấp tỉnh. Tuy nhiên, hồ sơ của tôi bị trả về với lý do chương trình đào tạo thuộc diện đào tạo ngắn hạn. Tôi xin hỏi, đối với trường hợp học liên thông từ sơ cấp lên trung cấp, người học có thuộc đối tượng được hưởng chính sách hỗ trợ, miễn giảm học phí theo Nghị định số 238/2025/NĐ-CP không (trong thời gian theo học, tôi không được hưởng lương hay sinh hoạt phí từ bất kỳ cơ quan nào)?","Bộ Giáo dục và Đào tạo trả lời vấn đề này như sau: Điểm b khoản 1 Điều 16 và khoản 7 Điều 19 Nghị định số 238/2025/NĐ-CP ngày 03/9/2025 của Chính phủ quy định về chính sách học phí, miễn, giảm, hỗ trợ học phí, hỗ trợ chi phí học tập và giá dịch vụ trong lĩnh vực giáo dục đào tạo quy định đối tượng được giảm 70% học phí gồm: ""Học sinh, sinh viên học các chuyên ngành nhã nhạc cung đình, chèo, tuồng, cải lương, múa, xiếc; một số nghề học nặng nhọc, độc hại, nguy hiểm đối với giáo dục nghề nghiệp theo danh mục các nghề học nặng nhọc, độc hại, nguy hiểm do cơ quan quản lý nhà nước về giáo dục nghề nghiệp ở trung ương quy định"". Khoản 7 Điều 19 Nghị định số 238/2025/NĐ-CP quy định: ""Không áp dụng chế độ miễn, giảm, hỗ trợ học phí đối với người học theo hình thức giáo dục thường xuyên các chương trình giáo dục đáp ứng yêu cầu của người học, cập nhật kiến thức, kỹ năng, chuyển giao công nghệ, đào tạo, bồi dưỡng nâng cao năng lực nghề nghiệp hoặc đào tạo, bồi dưỡng ngắn hạn; trừ trường hợp người học chương trình giáo dục thường xuyên để cấp văn bằng của hệ thống giáo dục quốc dân"". Trường hợp của ông Phạm Văn Hiệp cần đối chiếu với các quy định tại Nghị định số 238/2025/NĐ-CP để xem xét có thuộc đối tượng được giảm 70% học phí hay không. Trường hợp chưa rõ, đề nghị ông gửi câu hỏi (trong đó làm rõ chương trình đào tạo, thời điểm nộp hồ sơ miễn giảm học phí, thành phần hồ sơ miễn giảm học phí, bằng cấp chứng chỉ, hình thức đào tạo) đến Cổng TTĐT của Bộ Giáo dục và Đào tạo để được giải ",https://chinhsachonline.chinhphu.vn/hoc-nghe-nang-nhoc-theo-dien-ngan-han-co-duoc-giam-hoc-phi-90099.htm,out_of_scope,,"AI hỗ trợ (Codex); chưa xác nhận bởi người. Hỏi học phí hoặc ưu tiên giáo dục; TNLĐ/nghề độc hại chỉ là bối cảnh, căn cứ trả lời thuộc chính sách giáo dục.",ai_assisted,proposed
84,"Tôi đang học cao đẳng ngành y sĩ đa khoa, thuộc ngành nặng nhọc, độc hại được giảm 70% học phí theo Nghị định số 238/2025/NĐ-CP. Trước khi đi học, tôi đã nghỉ không hưởng lương tại công ty do công ty tạm dừng hoạt động. Hiện tôi không có lương hay sinh hoạt phí gì khác của công ty, trước đó cũng chưa hưởng chính sách gì của nhà nước. Xin hỏi, tôi có được miễn giảm 70% học phí không?","Bộ Giáo dục và Đào tạo trả lời vấn đề này như sau: Khoản 5 Điều 19 Nghị định số 238/2025/NĐ-CP quy định: ""Không áp dụng miễn, giảm, hỗ trợ học phí đối với trường hợp đang hưởng lương hoặc sinh hoạt phí khi đi học, các trường hợp học cao học, nghiên cứu sinh (trừ đối tượng quy định tại khoản 9, khoản 11 Điều 15 và điểm b khoản 3 Điều 16 Nghị định này)"". Như vậy, trường hợp bà Phan Thị Hồng Phấn đang theo học chương trình cao đẳng ngành nặng nhọc độc hại được giảm 70% học phí theo điểm b khoản 1 Điều 16 Nghị định 238/2025/NĐ-CP và nếu có đầy đủ minh chứng không hưởng lương hoặc sinh hoạt phí thì thuộc đối tượng được giảm 70% học phí.",https://chinhsachonline.chinhphu.vn/nghi-khong-luong-truoc-khi-di-hoc-co-duoc-giam-hoc-phi-89835.htm,out_of_scope,,"AI hỗ trợ (Codex); chưa xác nhận bởi người. Hỏi học phí hoặc ưu tiên giáo dục; TNLĐ/nghề độc hại chỉ là bối cảnh, căn cứ trả lời thuộc chính sách giáo dục.",ai_assisted,proposed
85,"Tôi đang học liên thông ngành Dược học tại trường đại học ngoài công lập. Theo Nghị định số 238/2025/NĐ-CP, các đối tượng được giảm 70% học phí gồm “một số nghề học nặng nhọc, độc hại, nguy hiểm đối với giáo dục nghề nghiệp theo danh mục các nghề học nặng nhọc, độc hại, nguy hiểm do cơ quan quản lý nhà nước về giáo dục nghề nghiệp ở trung ương quy định”. Trong Thông tư số 05/2023/TT-BLĐTBXH Ban hành ""Danh mục ngành, nghề học nặng nhọc, độc hại, nguy hiểm trình độ trung cấp, cao đẳng"", Dược học là ngành được xếp trong Danh mục này. Tuy nhiên, Thông tư số 05/2023/TT-BLĐTBXH không nhắc đến trình độ đại học, sau đại học. Tôi xin hỏi, các mã ngành trong Danh mục đính kèm Thông tư số 05/2023/TT-BLĐTBXH có được áp dụng với trình độ đại học, sau đại học không? Nếu không áp dụng, văn bản nào của cơ quan quản lý nhà nước về giáo dục nghề nghiệp ở trung ương quy định danh mục này? Sinh viên ngành Dược hệ liên thông, trường đại học ngoài công lập, có được hưởng chế độ giảm học phí theo Nghị định số 238/2025/NĐ-CP không?","Bộ Giáo dục và Đào tạo trả lời vấn đề này như sau: Điểm b khoản 1 Điều 16 Nghị định số 238/2025/NĐ-CP quy định đối tượng được giảm 70% học phí gồm: ""Học sinh, sinh viên học các chuyên ngành nhã nhạc cung đình, chèo, tuồng, cải lương, múa, xiếc; một số nghề học nặng nhọc, độc hại, nguy hiểm đối với giáo dục nghề nghiệp theo danh mục các nghề học nặng nhọc, độc hại, nguy hiểm do cơ quan quản lý nhà nước về giáo dục nghề nghiệp ở trung ương quy định"". Như vậy, ngành Dược học thuộc ""Danh mục ngành, nghề học nặng nhọc, độc hại, nguy hiểm trình độ trung cấp, cao đẳng"" được ban hành tại Thông tư số 05/2023/TT-BLĐTBXH ngày 15/6/2023, tuy nhiên nếu sinh viên Thái Ngân là sinh viên ngành Dược học hệ liên thông trình độ đại học, sau đại học thì không được hưởng chính sách giảm 70% học phí theo quy định của Nghị định số 238/2025/NĐ-CP.",https://chinhsachonline.chinhphu.vn/hoc-lien-thong-dai-hoc-nganh-duoc-co-duoc-giam-hoc-phi-89099.htm,out_of_scope,,"AI hỗ trợ (Codex); chưa xác nhận bởi người. Hỏi học phí hoặc ưu tiên giáo dục; TNLĐ/nghề độc hại chỉ là bối cảnh, căn cứ trả lời thuộc chính sách giáo dục.",ai_assisted,proposed
86,"Tôi xin hỏi, người học tốt nghiệp THCS học tiếp lên trình độ trung cấp đã được miễn học phí hệ trung cấp, nay tiếp tục học liên thông lên cao đẳng thuộc ngành nghề nặng nhọc độc hại thì có được giảm 70% học phí không?","Bộ Giáo dục và Đào tạo trả lời vấn đề này như sau: Khoản 6 Điều 19 Nghị định số 238/2025/NĐ-CP quy định: ""Không áp dụng chế độ miễn, giảm, hỗ trợ học phí đối với người học trong trường hợp đã hưởng chế độ này tại một cơ sở giáo dục nghề nghiệp hoặc cơ sở giáo dục đại học, nay tiếp tục học thêm ở một cơ sở giáo dục nghề nghiệp và giáo dục đại học khác cùng cấp học và trình độ đào tạo. Nếu người học thuộc đối tượng được miễn, giảm học phí đồng thời học ở nhiều cơ sở giáo dục hoặc nhiều khoa, nhiều ngành trong cùng một cơ sở giáo dục thì chỉ được hưởng một chế độ miễn, giảm học phí"". Điểm b khoản 1 Điều 16 Nghị định số 238/2025/NĐ-CP quy định đối tượng được giảm 70% học phí gồm: ""Học sinh, sinh viên học các chuyên ngành nhã nhạc cung đình, chèo, tuồng, cải lương, múa, xiếc; một số nghề học nặng nhọc, độc hại, nguy hiểm đối với giáo dục nghề nghiệp theo danh mục các nghề học nặng nhọc, độc hại, nguy hiểm do cơ quan quản lý nhà nước về giáo dục nghề nghiệp ở trung ương quy định"". Cấp học, trình độ đào tạo của hệ thống giáo dục quốc dân được quy định tại khoản 2 Điều 6 Luật Giáo dục năm 2019, khoản 1 Điều 1 Luật sửa đổi bổ sung một số điều của Luật Giáo dục. Như vậy, việc người học tốt nghiệp THCS học tiếp lên trình độ trung cấp (trình độ trung học nghề) tiếp tục học liên thông cao đẳng (trình độ cao đẳng) là 2 đối tượng thuộc 2 cấp học, trình độ đào tạo khác nhau. Người học đã được miễn học phí khi tham gia chương trình trung học nghề thì tiếp tục được hưởng chế độ giảm 70% học ph",https://chinhsachonline.chinhphu.vn/hoc-lien-thong-truong-hop-nao-duoc-giam-hoc-phi-89034.htm,out_of_scope,,"AI hỗ trợ (Codex); chưa xác nhận bởi người. Hỏi học phí hoặc ưu tiên giáo dục; TNLĐ/nghề độc hại chỉ là bối cảnh, căn cứ trả lời thuộc chính sách giáo dục.",ai_assisted,proposed
87,"Công ty tôi sản xuất và chế biến dầu ăn thực vật. Công ty thực hiện quan trắc môi trường lao động theo quy định và chi trả các chế độ liên quan theo Danh mục nghề, công việc nặng nhọc, độc hại, nguy hiểm và nghề, công việc đặt biệt nặng nhọc, độc hại, nguy hiểm theo Thông tư số 11/2020/TT-BLĐTBXH. Căn cứ kết quả quan trắc môi trường lao động năm 2025 và kết quả của 3 năm trước, công ty tôi không có công việc nặng nhọc độc hại hoặc công việc đặc biệt nặng nhọc độc hại mới phát sinh. Tôi xin hỏi, công ty tôi có phải thực hiện phân loại lao động theo điều kiện lao động quy định tại Thông tư số 03/2025/TT-BLĐTBXH không?","Sở Nội vụ tỉnh Quảng Ninh trả lời vấn đề này như sau: Theo khoản 2 Điều 5 Thông tư số 03/2025/TT-BLĐTBXH : ""Hằng năm căn cứ vào kết quả quan trắc môi trường lao động và kết quả phòng chống các yếu tố nguy hiểm, yếu tố có hại để đánh giá việc cải thiện điều kiện lao động của các nghề, công việc đang áp dụng; nếu cần xác định loại điều kiện lao động thì thực hiện theo phương pháp quy định tại Điều 4 Thông tư này"". Khoản 3 Điều 5 Thông tư số 03/2025/TT-BLĐTBXH quy định: ""Trường hợp phát sinh nghề, công việc mới có yếu tố nặng nhọc, độc hại, nguy hiểm thì người sử dụng lao động thực hiện đánh giá, xếp loại điều kiện lao động theo quy định tại Thông tư này để xác định loại điều kiện lao động của nghề, công việc đó"".",https://chinhsachonline.chinhphu.vn/phat-sinh-cong-viec-doc-hai-phai-danh-gia-xep-loai-dieu-kien-lao-dong-88599.htm,in_scope,22,"AI hỗ trợ (Codex); chưa xác nhận bởi người. Hỏi phân loại lao động theo điều kiện lao động; khoản 1–2 Điều 22, chi tiết tại Thông tư 03/2025.",ai_assisted,proposed
88,"Tôi công tác tại Trung tâm y tế khu vực, là đơn vị sự nghiệp nhóm 3, tự chủ một phần. Đơn vị tôi đang xét chế độ bồi dưỡng độc hại, nguy hiểm cho viên chức, người lao động nhưng thấy có một số điểm chưa thống nhất. Theo quy định tại Thông tư số 07/2005/TT-BNV hướng dẫn thực hiện chế độ phụ cấp độc hại, nguy hiểm đối với cán bộ, công chức, viên chức thì chế độ chi trả theo các mức từ 0.1, 0.2, 0.3, 0.4 tùy vào từng mức độ công việc. Theo Thông tư số 24/2022/TT-BLĐTBXH quy định việc bồi dưỡng bằng hiện vật đối với người lao động làm việc trong điều kiện có yếu tố nguy hiểm, yếu tố có hại thì các mức phụ cấp bằng hiện vật tương ứng: a) Mức 1: 13.000 đồng; b) Mức 2: 20.000 đồng; c) Mức 3: 26.000 đồng; d) Mức 4: 32.000 đồng. Tôi xin hỏi, cùng một người có được đồng thời nhận tiền chế độ theo quy định tại Thông tư số 07/2005/TT-BNV và chế độ theo Thông tư số 24/2022/TT-BLĐTBXH không? Việc chi trả chế độ theo Thông tư số 07/2005/TT-BNV hiện này có phải bắt buộc làm hồ sơ đề nghị hưởng phụ cấp độc hại, nguy hiểm theo khoản 3, mục III của Thông tư số 07/2005/TT-BNV không?","Bộ Nội vụ trả lời vấn đề này như sau: Quy định về việc thực hiện bồi dưỡng bằng hiện vật đối với người lao động làm việc trong điều kiện có yếu tố nguy hiểm, yếu tố có hại tại Thông tư số 24/2022/TT-BLĐTBXH khác với hướng dẫn chế độ phụ cấp độc hại nguy hiểm đối với cán bộ, công chức, viên chức quy định tại Thông tư số 07/2005/TT-BNV. Điều 3 Thông tư số 24/2022/TT-BLĐTBXH quy định điều kiện được hưởng bồi dưỡng bằng hiện vật: ""Người lao động được hưởng bồi dưỡng bằng hiện vật khi có đủ hai điều kiện sau: 1. Làm các nghề, công việc thuộc danh mục nghề, công việc đặc biệt nặng nhọc, độc hại, nguy hiểm và nặng nhọc, độc hại, nguy hiểm do Bộ trưởng Bộ Lao động - Thương binh và Xã hội ban hành. 2. Đang làm việc trong môi trường lao động có ít nhất 01 trong 02 yếu tố sau đây: a) Có ít nhất một trong các yếu tố nguy hiểm, yếu tố có hại không bảo đảm tiêu chuẩn, quy chuẩn vệ sinh cho phép theo quy định của Bộ Y tế; b) Tiếp xúc với ít nhất 01 yếu tố được xếp từ 4 điểm trở lên thuộc nhóm chỉ tiêu ""Tiếp xúc các nguồn gây bệnh truyền nhiễm theo Luật phòng, chống các bệnh truyền nhiễm"" (số thứ tự 10.1 Mục A, Phụ lục I ban hành kèm theo Thông tư số 29/2021/TT-BLĐTBXH ngày 28 tháng 12 năm 2021 của Bộ trưởng Bộ Lao động - Thương binh và Xã hội quy định tiêu chuẩn phân loại lao động theo điều kiện lao động). Việc xác định các yếu tố quy định tại khoản 2 Điều này phải được thực hiện bởi tổ chức đủ điều kiện hoạt động quan trắc môi trường lao động theo quy định của pháp luật"". Khoản 2 Điều 5 Th",https://chinhsachonline.chinhphu.vn/lam-cong-viec-co-yeu-to-nguy-hiem-doc-hai-duoc-nhung-che-do-gi-87619.htm,multi_intent,,"AI hỗ trợ (Codex); chưa xác nhận bởi người. [CẦN RÀ SOÁT] Hỏi hưởng đồng thời bồi dưỡng hiện vật (Điều 24, C3) với phụ cấp độc hại và hồ sơ phụ cấp theo Thông tư 07/2005 (ngoài phạm vi). Nhãn tạm cho câu trộn trong/ngoài phạm vi; cần thống nhất với nhóm.",ai_assisted,needs_review
89,"Bệnh viện tôi công tác triển khai các chế độ đối với viên chức, người lao động nữ sau thời gian nghỉ thai sản theo quy định của pháp luật. Trong quá trình áp dụng, bệnh viện phát sinh trường hợp viên chức, người lao động thuộc khoản 2 và khoản 4 Điều 137 Bộ luật Lao động 2019, cụ thể: Khoản 2 Điều 137 quy định, lao động nữ làm nghề, công việc nặng nhọc, độc hại, nguy hiểm hoặc đặc biệt nặng nhọc, độc hại, nguy hiểm hoặc làm nghề, công việc có ảnh hưởng xấu tới chức năng sinh sản và nuôi con khi mang thai và có thông báo cho người sử dụng lao động biết thì được người sử dụng lao động chuyển sang làm công việc nhẹ hơn, an toàn hơn hoặc giảm bớt 1 giờ làm việc hằng ngày mà không bị cắt giảm tiền lương và quyền, lợi ích cho đến hết thời gian nuôi con dưới 12 tháng tuổi. Khoản 4 Điều 137 quy định, lao động nữ trong thời gian hành kinh được nghỉ mỗi ngày 30 phút, trong thời gian nuôi con dưới 12 tháng tuổi được nghỉ mỗi ngày 60 phút trong thời gian làm việc. Thời gian nghỉ vẫn được hưởng đủ tiền lương theo hợp đồng lao động. Tuy nhiên, hiện chưa có hướng dẫn cụ thể về việc xử lý khi hai điều kiện trên phát sinh đồng thời, dẫn đến cách hiểu và cách áp dụng khác nhau trong thực tiễn. Nhằm bảo đảm việc thực hiện đúng quy định pháp luật và thống nhất trong toàn bệnh viện, tôi xin được hướng dẫn: Trường hợp viên chức, người lao động thuộc đối tượng của khoản 2 và khoản 4 Điều 137 Bộ luật Lao động 2019, bệnh viện có thể áp dụng một trong hai khoản hay áp dụng cả hai khoản nêu trên? Thời gian giảm giờ làm việc hoặc thời gian nghỉ theo quy định tại khoản 2 và khoản 4 Điều 137 có được tính vào thời giờ làm việc bình thường không?","Bộ Nội vụ trả lời vấn đề này như sau: Theo quy định tại khoản 2 Điều 137 Bộ luật Lao động , lao động nữ làm nghề, công việc nặng nhọc, độc hại, nguy hiểm hoặc đặc biệt nặng nhọc, độc hại, nguy hiểm hoặc làm nghề, công việc có ảnh hưởng xấu tới chức năng sinh sản và nuôi con khi mang thai và có thông báo cho người sử dụng lao động biết thì được người sử dụng lao động chuyển sang làm công việc nhẹ hơn, an toàn hơn hoặc giảm bớt 1 giờ làm việc hằng ngày mà không bị cắt giảm tiền lương và quyền, lợi ích cho đến hết thời gian nuôi con dưới 12 tháng tuổi. Đồng thời, lao động nữ trong trường hợp nêu tại khoản 2, Điều 137 Bộ luật Lao động khi nuôi con dưới 12 tháng tuổi vẫn được hưởng chế độ quy định tại khoản 4 Điều 137 Bộ luật Lao động, khoản 4 Điều 80 Nghị định số 145/2020/NĐ-CP ngày 14/12/2020 của Chính phủ quy định chi tiết và hướng dẫn thi hành một số điều của Bộ luật Lao động về điều kiện lao động và quan hệ lao động.",https://chinhsachonline.chinhphu.vn/che-do-lam-viec-doi-voi-lao-dong-nu-nuoi-con-duoi-12-thang-tuoi-84178.htm,out_of_scope,,"AI hỗ trợ (Codex); chưa xác nhận bởi người. Giảm giờ làm/nghỉ cho lao động nữ theo Điều 137 Bộ luật Lao động, không phải Điều 1–62 Luật ATVSLĐ.",ai_assisted,proposed
90,"Tôi sinh tháng 7/1974, có 15 năm làm công việc nặng nhọc, độc hại, nguy hiểm (khai thác phi thoại cấp 1): 1/1/2001-31/12/2015. Trong thời gian 15 năm, công ty đã đóng BHXH đầy đủ cho tôi 14 năm 3 tháng, 9 tháng còn lại (1/7/2002-31/10/2002 và 1/8/2007-31/12/2007) tôi nghỉ chế độ thai sản đúng quy định. Tôi xin hỏi, với thời gian như trên, tôi có đủ điều kiện 15 năm làm nghề, công việc nặng nhọc, độc hại, nguy hiểm để nghỉ hưu vào tháng 8/2026 không? Hay trong 15 năm đó chỉ được tính 14 năm 3 tháng, trừ 9 tháng nghỉ thai sản?","Bảo hiểm xã hội Việt Nam trả lời vấn đề này như sau: Tại điểm b khoản 1 Điều 12 Thông tư số 12/2025/TT-BNV ngày 30/6/2025 của Bộ trưởng Bộ Nội vụ quy định về thời gian làm nghề, công việc nặng nhọc, độc hại, nguy hiểm hoặc đặc biệt nặng nhọc, độc hại, nguy hiểm hoặc làm việc ở vùng có điều kiện kinh tế - xã hội đặc biệt khó khăn bao gồm cả thời gian làm việc ở nơi có phụ cấp khu vực hệ số 0,7 trở lên trước ngày 1/1/2021 hoặc làm công việc khai thác than trong hầm lò như sau: Đối với người lao động đang làm nghề, công việc nặng nhọc, độc hại, nguy hiểm hoặc đặc biệt nặng nhọc, độc hại, nguy hiểm hoặc làm việc ở vùng có điều kiện kinh tế - xã hội đặc biệt khó khăn nghỉ việc hưởng chế độ thai sản mà thời gian hưởng chế độ thai sản được tính là thời gian đóng BHXH bắt buộc thì thời gian này được tính là thời gian làm nghề, công việc hoặc làm việc ở vùng có điều kiện kinh tế - xã hội đặc biệt khó khăn. Theo thông tin bà Thanh cung cấp thì bà có thời gian làm nghề, công việc khai thác phi thoại (điện thoại viên cấp 1) từ ngày 1/1/2001 đến ngày 31/12/2015, trong thời gian này có thời gian bà nghỉ hưởng chế độ thai sản (2 lần) là 9 tháng và thời gian này được tính là thời gian đóng BHXH bắt buộc thì thời gian hưởng chế độ thai sản được tính là thời gian làm nghề, công việc nặng nhọc, độc hại, nguy hiểm hoặc đặc biệt nặng nhọc, độc hại, nguy hiểm. Đối tượng và điều kiện nghỉ hưu Tại điểm b khoản 1 Điều 64 Luật BHXH năm 2024 quy định người lao động khi nghỉ việc có thời gian đóng BHXH ",https://chinhsachonline.chinhphu.vn/thoi-gian-thai-san-co-duoc-tinh-khi-xet-dieu-kien-nghi-huu-som-84165.htm,out_of_scope,,"AI hỗ trợ (Codex); chưa xác nhận bởi người. Trọng tâm là điều kiện, tuổi, mức hưởng hoặc thủ tục hưu trí/nghỉ việc theo BHXH và chính sách tinh giản; không phải chế độ TNLĐ-BNN.",ai_assisted,proposed
91,"Tôi đóng BHXH từ năm 1994, là thuyền viên tàu tìm kiếm cứu nạn từ năm 2005. Xin hỏi, theo danh mục ngành nghề nặng nhọc, độc hại, nguy hiểm tại Thông tư số 11/2020/TT-BLĐTBXH thì tôi có được xem là người lao động có từ đủ 15 năm trở lên làm nghề, công việc nặng nhọc, độc hại, nguy hiểm hoặc đặc biệt nặng nhọc, độc hại, nguy hiểm hay không? Tôi có được hưởng chế độ nghỉ hưu ở tuổi thấp hơn tuổi nghỉ hưu trong điều kiện lao động bình thường không?","Bảo hiểm xã hội TP. Đà Nẵng trả lời vấn đề này như sau: Nghề, công việc ""Thuyền viên làm việc trên tàu tìm kiếm cứu nạn"" được xếp điều kiện lao động loại V theo Danh mục nghề, công việc nặng nhọc, độc hại, nguy hiểm và đặc biệt nặng nhọc, độc hại, nguy hiểm ban hành kèm theo Thông tư số 15/TT-BLĐTBXH ngày 28/6/2016, Thông tư số 11/2020/TT-BLĐTBXH ngày 12/11/2020 của Bộ trưởng Bộ Lao động - Thương binh và Xã hội. Theo quy định tại khoản 3 Điều 3 Thông tư số 11/2020/TT- BLĐTBXH ban hành Danh mục nghề, công việc nặng nhọc, độc hại, nguy hiểm và đặc biệt nặng nhọc, độc hại, nguy hiểm: ""Thời gian người lao động làm các nghề, công việc ban hành kèm theo các Quyết định, Thông tư bị bãi bỏ theo quy định tại khoản 2 Điều này vẫn được tính là thời gian làm các nghề, công việc nặng nhọc, độc hại, nguy hiểm hoặc đặc biệt nặng nhọc, độc hại, nguy hiểm cho đến ngày Thông tư này có hiệu lực"". Căn cứ quy định trên, thời gian làm nghề hoặc công việc nặng nhọc, độc hại, nguy hiểm hoặc đặc biệt nặng nhọc, độc hại, nguy hiểm để xét điều kiện hưởng lương hưu trước tuổi được tính kể từ thời điểm chức danh nghề hoặc công việc được công nhận theo các văn bản của cơ quan có thẩm quyền (từ ngày có hiệu lực của văn bản). Do bà Bảo Trang chưa cung cấp đầy đủ thông tin nên cơ quan BHXH không thể trả lời cụ thể câu hỏi của bà. Đề nghị bà Bảo Trang liên hệ với cơ quan BHXH nơi bà đang đóng BHXH hoặc cư trú và cung cấp thông tin cụ thể về ngày, tháng, năm sinh, quá trình đóng BHXH để được tư vấn và giải đáp",https://chinhsachonline.chinhphu.vn/thuyen-vien-tau-tim-kiem-cuu-nan-co-phai-nghe-nang-nhoc-82833.htm,out_of_scope,,"AI hỗ trợ (Codex); chưa xác nhận bởi người. Trọng tâm là điều kiện, tuổi, mức hưởng hoặc thủ tục hưu trí/nghỉ việc theo BHXH và chính sách tinh giản; không phải chế độ TNLĐ-BNN.",ai_assisted,proposed
92,"Thông tư số 36/2012/TT-BLĐTBXH ban hành bổ sung danh mục nghề, công việc nặng nhọc, độc hại, nguy hiểm và đặc biệt nặng nhọc, độc hại, nguy hiểm có hiệu lực từ ngày 1/5/2013. Tôi xin hỏi, vậy người lao động làm công việc này từ ngày 5/1/1998 được tính hưởng chế độ từ ngày 5/1/1998 hay từ ngày 1/5/2013?","Bộ Nội vụ trả lời vấn đề này như sau: Văn bản quy phạm pháp luật được áp dụng từ thời điểm bắt đầu có hiệu lực. Văn bản quy phạm pháp luật được áp dụng đối với hành vi, sự kiện xảy ra tại thời điểm mà văn bản đó đang có hiệu lực. Trường hợp văn bản quy phạm pháp luật có quy định hiệu lực trở về trước thì áp dụng theo quy định đó. Thông tư số 36/2012/TT-BLĐTBXH ngày 28/12/2012 của Bộ trưởng Bộ Lao động - Thương binh và Xã hội ban hành bổ sung danh mục nghề, công việc nặng nhọc, độc hại, nguy hiểm và đặc biệt, nặng nhọc, độc hại, nguy hiểm (sau đây gọi tắt là Danh mục nghề) có hiệu lực từ 1/5/2013; không quy định hiệu lực trở về trước khi áp dụng Danh mục nghề. Pháp luật về lao động hiện hành không quy định hiệu lực trở về trước đối với việc áp dụng Danh mục nghề. Vì vậy, nếu ông Nguyễn Tất Thủy làm nghề, công việc nặng nhọc, độc hại, nguy hiểm hoặc nghề, công việc đặc biệt nặng nhọc, độc hại, nguy hiểm được quy định tại Thông tư số 36/2012/TT-BLĐTBXH thì được áp dụng từ 1/5/2013.",https://chinhsachonline.chinhphu.vn/xac-dinh-thoi-diem-ap-dung-danh-muc-nghe-nang-nhoc-doc-hai-nguy-hiem-82747.htm,out_of_scope,,"AI hỗ trợ (Codex); chưa xác nhận bởi người. [CẦN RÀ SOÁT] Hỏi thời điểm hiệu lực/hồi tố của Thông tư 36/2012, không hỏi nội dung phân loại nghề tại Điều 22.",ai_assisted,needs_review
93,"Nghị định số 178/2024/NĐ-CP quy định, những người làm việc ở vùng có điều kiện kinh tế - xã hội đặc biệt khó khăn 15 năm trở lên (hệ số phụ cấp khu vực 0,7) và làm việc trong môi trường nặng nhọc, độc hại, nguy hiểm áp dụng Phụ lục II ban hành kèm theo Nghị định số 135/2020/NĐ-CP, còn những người làm việc tại các vùng khác, lao động trong điều kiện bình thường thì được áp dụng Phụ lục I ban hành kèm theo Nghị định số 135/2020/NĐ-CP để tính hưởng chế độ, chính sách. Điều này dẫn đến chế độ của hai đối tượng được hưởng có sự chênh lệch rõ ràng. Người làm việc ở vùng thông thường được áp dụng Phụ lục I của Nghị định 135/2020/NĐ-CP, nên thời gian tính để hưởng trợ cấp nghỉ hưu trước tuổi dài hơn 5 năm so với người có từ đủ 15 năm làm việc tại vùng có điều kiện kinh tế - xã hội đặc biệt khó khăn. Ngược lại, người làm việc từ đủ 15 năm trở lên ở vùng khó khăn chỉ được áp dụng Phụ lục II, khiến thời gian tính để hưởng trợ cấp nghỉ hưu ngắn hơn). Tình trạng bất hợp lý trên còn thể hiện rõ trong trường hợp hai người cùng bắt đầu công tác tại vùng khó khăn. Một người được điều chuyển sang vùng khác trước khi đủ 15 năm nên được áp dụng Phụ lục I. Trong khi đó, người còn lại tiếp tục làm việc đủ 15 năm thì lại áp dụng Phụ lục II, dẫn đến chế độ trợ cấp hưu trí thấp hơn (hoặc không có chế độ), dù thời gian gắn bó với vùng khó khăn dài hơn. Tại khoản 1 Điều 5 Nghị định số 135/2020/NĐ-CP quy định: người lao động có thời gian làm việc liên tục 15 năm tại các vùng có phụ cấp khu vực 0,7 trở lên, hoặc 15 năm làm việc trong môi trường nặng nhọc, độc hại thì có thể được nghỉ hưu trước tuổi, nhưng không quá 5 năm. Có nghĩa rằng, người lao động làm tại vùng điều kiện khó khăn và môi trường nặng nhọc, độc hại vẫn có quyền lựa chọn giữa nghỉ đúng tuổi theo Phụ lục I hoặc nghỉ sớm theo Phụ lục II. Tôi cho rằng những người lao động thuộc đối tượng này càng phải được hưởng đầy đủ các chế độ như người lao động nghỉ hưu trước tuổi quy định tại Phụ lục I Nghị định số 135/2020/NĐ-CP. Tuy nhiên, Nghị định số 178/2024/NĐ-CP (được sửa đổi bởi Nghị định số 67/2025/NĐ-CP) lại hạn chế quyền lựa chọn này của người lao động. Những bất cập nêu trên đang dần bộc lộ ở rất nhiều địa phương có điều kiện kinh tế khó khăn, những địa phương miền núi, biên giới, hải đảo. Nhiều người ở vùng này đã hưởng ứng chủ trương tinh gọn bộ máy, tinh giảm biên chế của Đảng và nhà nước, họ đã nộp đơn xin nghỉ hưu trước tuổi, nhưng khi bị áp vào Phụ lục II để tính hưởng chế độ, chính sách thì họ đã rút đơn xin nghỉ hưu, do chế độ thấp, hoặc không có chế độ. Từ đó, cho thấy sự thiếu đồng bộ giữa các quy định hiện hành. Tôi kiến nghị cần sớm nghiên cứu điều chỉnh, hoàn thiện quy định pháp luật nhằm bảo đảm sự thống nhất, công bằng và đúng tinh thần ưu đãi, chế độ vượt trội của Đảng, Nhà nước đối với những người đã cống hiến tại vùng khó khăn, lao động trong điều kiện nặng nhọc, độc hại, nguy hiểm trong tiến trình sắp xếp, tinh gọn bộ máy hệ thống chính trị.","Bộ Nội vụ trả lời vấn đề này như sau: Tại Điều 7 Nghị định số 178/2024/NĐ-CP (được sửa đổi, bổ sung tại Nghị định số 67/2025/NĐ-CP ) đã quy định về chính sách nghỉ hưu trước tuổi, trong đó đã quy định rõ số năm nghỉ hưu trước tuổi để hưởng chính sách được tính so với tuổi nghỉ hưu trước của cán bộ, công chức, viên chức và người lao động có 15 năm trở lên làm việc ở vùng điều kiện kinh tế - xã hội đặc biệt khó khăn hoặc 15 năm trở lên làm nghề, công việc nặng nhọc độc hại, nguy hiểm là thực hiện theo quy định về tuổi nghỉ hưu tại Luật Bảo hiểm xã hội và Nghị định số 135/2020/NĐ-CP của Chính phủ . Vì vậy, đề nghị ông Nguyễn Văn Hùng thực hiện theo quy định nêu trên.",https://chinhsachonline.chinhphu.vn/da-quy-dinh-ve-so-nam-nghi-huu-truoc-tuoi-de-huong-chinh-sach-81780.htm,out_of_scope,,"AI hỗ trợ (Codex); chưa xác nhận bởi người. Trọng tâm là điều kiện, tuổi, mức hưởng hoặc thủ tục hưu trí/nghỉ việc theo BHXH và chính sách tinh giản; không phải chế độ TNLĐ-BNN.",ai_assisted,proposed
94,"Tôi phụ trách công việc về miễn, giảm học phí cho học sinh, sinh viên tại trường cao đẳng. Xin hỏi, hồ sơ thực hiện chế độ giảm 70% học phí đối với nhóm nghề nặng nhọc, độc hại theo Nghị định số 81/2021/NĐ-CP gồm những giấy tờ gì?","Bộ Giáo dục và Đào tạo trả lời vấn đề này như sau: Ngày 3/9/2025, Chính phủ đã ban hành Nghị định số 238/2025/NĐ-CP thay thế Nghị định số 81/2021/NĐ-CP ngày 27/8/2021 quy định về cơ chế thu, quản lý học phí đối với cơ sở giáo dục thuộc hệ thống giáo dục quốc dân và chính sách miễn, giảm học phí, hỗ trợ chi phí học tập; giá dịch vụ trong lĩnh vực giáo dục, đào tạo. Theo đó, điểm b khoản 1 Điều 16 Nghị định số 238/2025/NĐ-CP quy định đối tượng được giảm 70% học phí gồm: ""Học sinh, sinh viên học các chuyên ngành nhã nhạc cung đình, chèo, tuồng, cải lương, múa, xiếc; một số nghề học nặng nhọc, độc hại, nguy hiểm đối với giáo dục nghề nghiệp theo danh mục các nghề học nặng nhọc, độc hại, nguy hiểm do cơ quan quản lý nhà nước về giáo dục nghề nghiệp ở trung ương quy định"". Như vậy, người học đang theo học các ngành nghề nặng nhọc, độc hại, nguy hiểm theo quy định nêu trên thì chỉ cần nộp đơn đề nghị được giảm học phí. Cơ sở giáo dục nghề nghiệp có trách nhiệm xác nhận người học đang theo học các ngành nghề nặng nhọc, độc hại, nguy hiểm theo quy định nêu trên để thực hiện giảm học phí theo quy định.",https://chinhsachonline.chinhphu.vn/thu-tuc-giam-hoc-phi-cho-cac-nghe-hoc-nang-nhoc-doc-hai-81718.htm,out_of_scope,,"AI hỗ trợ (Codex); chưa xác nhận bởi người. Hỏi học phí hoặc ưu tiên giáo dục; TNLĐ/nghề độc hại chỉ là bối cảnh, căn cứ trả lời thuộc chính sách giáo dục.",ai_assisted,proposed
95,"Tôi sinh ngày 22/2/1971, là công chức, đã đóng BHXH được hơn 28 năm, trong đó có 18 năm làm công việc nặng nhọc, độc hại. Vừa rồi, tôi nộp đơn xin nghỉ thôi việc theo Nghị định số 170/2025/NĐ-CP nhưng không được cơ quan giải quyết với lý do không đủ tuổi nghỉ hưu theo Phụ lục II Nghị định số 135/2020/NĐ-CP. Tôi xin hỏi, cơ quan không giải quyết cho tôi thôi việc như vậy có đúng không? Trường hợp tôi có thuộc đối tượng xin nghỉ thôi việc theo Nghị định số 170/2025/NĐ-CP không?","Bộ Nội vụ trả lời vấn đề này như sau: Theo quy định tại Điều 57 Nghị định số 170/2025/NĐ-CP ngày 30/6/2025 của Chính phủ quy định về tuyển dụng, sử dụng và quản lý công chức thì việc quyết định cho công chức xin tự nguyện thôi việc thuộc thẩm quyền của người đứng đầu cơ quan quản lý công chức hoặc cơ quan sử dụng công chức được phân cấp theo quy định. Vì vậy, đề nghị bà Nguyễn Thị Ngọc Phương trao đổi với cơ quan quản lý công chức tại nơi công tác để được giải quyết.",https://chinhsachonline.chinhphu.vn/tham-quyen-giai-quyet-cho-cong-chuc-xin-thoi-viec-81684.htm,out_of_scope,,"AI hỗ trợ (Codex); chưa xác nhận bởi người. Quyền quyết định cho công chức thôi việc theo Nghị định 170/2025, không thuộc phạm vi luật ATVSLĐ.",ai_assisted,proposed
96,"Thông tư số 11/2020/TT-BLĐTBXH và Thông tư số 19/2023/TT-BLĐTBXH quy định Danh mục nghề, công việc nặng nhọc, độc hại, nguy hiếm và nghề, công việc đặc biệt nặng nhọc, độc hại, nguy hiểm thì công việc vận hành thiết bị bức xạ không có trong danh mục công việc nặng nhọc độc hại, cụ thể là Nhân viên vận hành máy gia tốc tuyến tính (sử dụng tia X cường độ cao) là công việc vận hành thiết bị bức xạ. Trong khi đó trong phần XXV. Khoa học công nghệ, tại trang số 81, dòng số 25 và 33 có hai công việc trùng lặp tên. Do vậy tôi đề nghị bổ sung công việc Vận hành thiết bị bức xạ (tiếp xúc trực tiếp với bức xạ ion hóa) vào Danh mục nghề, công việc nặng nhọc, độc hại, nguy hiếm và nghề, công việc đặc biệt nặng nhọc, độc hại, nguy hiểm để người lao động được hưởng đúng quyền lợi.","Bộ Nội vụ trả lời vấn đề này như sau: Khoản 2 Điều 1 Nghị định số 142/2020/NĐ-CP ngày 9/12/2020 của Chính phủ quy định công việc bức xạ gồm: ""a) Sử dụng nguồn phóng xạ; b) Sản xuất, chế biến chất phóng xạ; c) Lưu giữ tạm thời nguồn phóng xạ và xử lý, lưu giữ chất thải phóng xạ, nguồn phóng xạ đã qua sử dụng; d) Sử dụng thiết bị bức xạ, vận hành thiết bị chiếu xạ; đ) Xây dựng cơ sở bức xạ; e) Chấm dứt hoạt động cơ sở bức xạ; g) Xuất khẩu nguồn phóng xạ, vật liệu hạt nhân nguồn, vật liệu hạt nhân, thiết bị hạt nhân; h) Nhập khẩu nguồn phóng xạ, vật liệu hạt nhân nguồn, vật liệu hạt nhân, thiết bị hạt nhân; i) Đóng gói, vận chuyển, vận chuyển quá cảnh nguồn phóng xạ, vật liệu hạt nhân nguồn, vật liệu hạt nhân"". Đề nghị ông rà soát công việc ông phản ánh, nếu thuộc nhóm đối tượng được nêu tại khoản 2 Điều 1 Nghị định số 142/2020/NĐ-CP nêu trên và nếu ông là nhân viên bức xạ có giấy chứng nhận đào tạo an toàn bức xạ với điều kiện làm việc tiếp xúc thường xuyên với nguồn phóng xạ, hóa chất độc hại thì ông áp dụng chức danh công việc ""Nhân viên bức xạ"", điều kiện lao động loại V, mục XXV-Thông tư số 11/2020/TT-BLĐTBXH. Trường hợp, nghề, công việc ông đang làm không thuộc đối tượng được quy định tại khoản 2, 3 Điều 1 Nghị định số 142/2020/NĐ-CP thì ông gửi đề xuất lên doanh nghiệp nơi ông đang làm việc để doanh nghiệp lập hồ sơ và đề xuất với Bộ Khoa học và Công nghệ có ý kiến gửi Bộ Nội vụ xem xét ban hành bổ sung Danh mục nghề. Đối với ý kiến trùng lặp tên chức danh nghề tại mục XX",https://chinhsachonline.chinhphu.vn/bo-phan-hoi-de-xuat-bo-sung-danh-muc-nghe-doc-hai-80564.htm,in_scope,22,"AI hỗ trợ (Codex); chưa xác nhận bởi người. Hỏi xếp nghề bức xạ và đề nghị bổ sung danh mục nghề nặng nhọc; khoản 2 Điều 22, nguồn giải thích danh mục và quy trình đề xuất.",ai_assisted,proposed
97,"Mẹ tôi sinh ngày 8/9/1972, là giáo viên THCS, do suy giảm khả năng lao động nên làm đơn xin nghỉ hưu sớm từ tháng 7/2025. Tôi xin hỏi, cách tính lương hưu nhận hằng tháng và lương chế độ về hưu sớm của mẹ tôi như thế nào?","Bảo hiểm xã hội Việt Nam trả lời vấn đề này như sau: Về đối tượng và điều kiện hưởng lương hưu khi suy giảm khả năng lao động: Theo quy định tại khoản 1 Điều 65 Luật BHXH năm 2024 , người lao động bị suy giảm khả năng lao động khi nghỉ việc có thời gian đóng BHXH bắt buộc từ đủ 20 năm trở lên thì được hưởng lương hưu với mức thấp hơn tuổi nghỉ hưu trong điều kiện lao động bình thường nếu thuộc một trong các trường hợp sau đây: ""a) Có tuổi thấp hơn tối đa 05 tuổi so với tuổi quy định tại điểm a khoản 1 Điều 64 của Luật này và bị suy giảm khả năng lao động từ 61% đến dưới 81%; b) Có tuổi thấp hơn tối đa 10 tuổi so với tuổi quy định tại điểm a khoản 1 Điều 64 của Luật này và bị suy giảm khả năng lao động từ 81% trở lên; c) Có từ đủ 15 năm trở lên làm nghề, công việc đặc biệt nặng nhọc, độc hại, nguy hiểm thuộc danh mục nghề, công việc đặc biệt nặng nhọc, độc hại, nguy hiểm do Bộ trưởng Bộ Lao động - Thương binh và Xã hội ban hành và bị suy giảm khả năng lao động từ 61% trở lên"". Theo quy định tại điểm b khoản 1 Điều 64 Luật BHXH năm 2024 người lao động có thời gian đóng BHXH bắt buộc từ đủ 15 năm trở lên được hưởng lương hưu nếu đủ tuổi nghỉ hưu theo quy định tại khoản 3 Điều 169 Bộ luật Lao động năm 2019 và có tổng thời gian đóng BHXH bắt buộc từ đủ 15 năm trở lên khi làm nghề, công việc nặng nhọc, độc hại, nguy hiểm hoặc đặc biệt nặng nhọc, độc hại, nguy hiểm thuộc danh mục nghề, công việc nặng nhọc, độc hại, nguy hiểm hoặc đặc biệt nặng nhọc, độc hại, nguy hiểm do Bộ trưởng B",https://chinhsachonline.chinhphu.vn/nghi-do-suy-giam-kha-nang-lao-dong-luong-huu-tinh-the-nao-80538.htm,out_of_scope,,"AI hỗ trợ (Codex); chưa xác nhận bởi người. Trọng tâm là điều kiện, tuổi, mức hưởng hoặc thủ tục hưu trí/nghỉ việc theo BHXH và chính sách tinh giản; không phải chế độ TNLĐ-BNN.",ai_assisted,proposed
98,"Trong danh mục đính kèm Thông tư số 11/2020/TT-BLĐTBXH ngày 12/11/2020, tại số thứ tự 10, điều kiện lao động loại IV, ngành III Hóa chất, trang 20 có quy định ngành ""Ép suất, thành hình các sản phẩm cao su"" là ngành nặng nhọc, độc hại do ""Công việc nặng nhọc, nóng, bụi, ồn và hơi xăng dầu"". Tôi xin hỏi, chức danh công việc của người lao động nếu ghi ""công nhân ép suất các sản phẩm cao su"" hoặc ""công nhân thành hình các sản phẩm cao su"" có được công nhận là làm nghề nặng nhọc, độc hại không hay phải ghi đầy đủ công nhân ""Ép suất, thành hình các sản phẩm cao su"" mới được công nhận là làm nghề nặng nhọc, độc hại? Tại công ty của bà Thơ, ép suất và thành hình là hai công đoạn khác nhau và đều làm công việc nặng nhọc trong môi trường nóng, bụi, ồn và hơi xăng dầu.","Bộ Nội vụ trả lời vấn đề này như sau: Khi người sử dụng lao động và cơ quan BHXH làm thủ tục tham gia BHXH cho người lao động và ghi thông tin về nghề, công việc người lao động đang làm tại sổ BHXH của người lao động, cần ghi đúng tên nghề, công việc nặng nhọc, độc hại, nguy hiểm và nghề, công việc đặc biệt nặng nhọc, độc hại, nguy hiểm đã được Bộ Lao động - Thương binh và Xã hội (nay là Bộ Nội vụ) ban hành kèm theo Thông tư số 11/2020/TT-BLĐTBXH và Thông tư số 19/2023/TT-BLĐTBXH . Việc phân công, tổ chức lao động tại doanh nghiệp là quyền của người sử dụng lao động. Đối với một nghề, công việc cụ thể căn cứ vào đặc điểm, điều kiện lao động đặc trưng của mỗi nghề, công việc người lao động đang làm trên cơ sở rà soát những tài liệu liên quan đến quá trình làm việc, điều kiện làm việc thực tế của người lao động (như bảng mô tả cụ thể vị trí việc làm; điều kiện lao động của nghề, công việc; văn bản phân công công việc hoặc văn bản xác nhận quá trình công tác của đơn vị sử dụng lao động; sổ BHXH…) so sánh với điều kiện lao động của nghề, công việc cần đối chiếu đã được quy định tại danh mục do Bộ Nội vụ ban hành để xác định người lao động có làm nghề, công việc nặng nhọc, độc hại, nguy hiểm và nghề, công việc đặc biệt nặng nhọc, độc hại, nguy hiểm hay không. Trường hợp cần điều chỉnh tên nghề, công việc trong sổ BHXH của người lao động, đề nghị liên hệ với cơ quan BHXH thực hiện điều chỉnh theo quy định của Luật BHXH.",https://chinhsachonline.chinhphu.vn/ghi-ten-nghe-cong-viec-nang-nhoc-doc-hai-the-nao-la-dung-79842.htm,in_scope,22,AI hỗ trợ (Codex); chưa xác nhận bởi người. Hỏi xác định công việc cao su thuộc danh mục nặng nhọc; Điều 22. Việc sửa tên trong sổ BHXH chỉ là bước thực hiện bổ trợ.,ai_assisted,proposed
99,"Tôi xin hỏi, Kiểm lâm viên thuộc các ngạch công chức, viên chức nói chung có thuộc trường hợp được áp dụng Phụ lục II ban hành kèm theo Nghị định 135/2020/NĐ-CP (được nghỉ hưu trước tuổi 5 năm) không, hay chỉ những trường hợp công chức, viên chức Kiểm lâm làm việc tại địa bàn cấp xã? Theo tôi tham khảo Danh mục nghề, công việc nặng nhọc, độc hại, nguy hiểm và nghề, công việc đặc biệt nặng nhọc, độc hại, nguy hiểm ban hành kèm theo Thông tư số 11/2020/TT-BLĐTBXH ngày 12/11/2020 của Bộ trưởng Bộ Lao động - Thương binh và Xã hội (nay là Bộ Nội vụ), trong đó có Kiểm lâm viên trực tiếp quản lý và bảo vệ rừng.","Bộ Nội vụ trả lời vấn đề này như sau: Nghề, công việc ""Kiểm lâm viên trực tiếp quản lý và bảo vệ rừng"" với đặc điểm điều kiện lao động ""Lao động ngoài trời, công việc nặng nhọc, nguy hiểm, giải quyết nhiều công việc phức tạp, tiếp xúc với công trùng và vi sinh vật gây bệnh"" được xếp điều kiện lao động loại IV tại Danh mục nghề, công việc nặng nhọc, độc hại, nguy hiểm và nghề, công việc đặc biệt nặng nhọc, độc hại, nguy hiểm ban hành kèm theo Thông tư số 11/2020/TT-BLĐTBXH ngày 12/11/2020 của Bộ trưởng Bộ Lao động – Thương binh và Xã hội (nay là Bộ Nội vụ). Việc áp dụng chế độ cho người làm nghề, công việc này cần căn cứ vào tên nghề, công việc, đặc điểm điều kiện lao động nêu trên và nghề, công việc người lao động đã và đang làm để xác định cụ thể. Cụ thể, đối với nghề, công việc nêu trên chỉ áp dụng đối với đối tượng Kiểm lâm viên trực tiếp quản lý và bảo vệ rừng. Bên cạnh đó, Phụ lục II ban hành kèm theo Nghị định số 135/2020/NĐ-CP ngày 18/11/2020 của Chính phủ quy định về tuổi nghỉ hưu chỉ quy định tuổi nghỉ hưu thấp nhất gắn với tháng năm sinh tương ứng, không quy định về điều kiện áp dụng.",https://chinhsachonline.chinhphu.vn/kiem-lam-vien-co-thuoc-doi-tuong-duoc-nghi-huu-truoc-tuoi-78929.htm,out_of_scope,,"AI hỗ trợ (Codex); chưa xác nhận bởi người. Trọng tâm là điều kiện, tuổi, mức hưởng hoặc thủ tục hưu trí/nghỉ việc theo BHXH và chính sách tinh giản; không phải chế độ TNLĐ-BNN.",ai_assisted,proposed
100,"Tôi đang làm hồ sơ đề nghị cấp bù tiền giảm 70% học phí cho học sinh, sinh viên một số nghề học nặng nhọc, độc hại, nguy hiểm đối với giáo dục nghề nghiệp theo danh mục các nghề học nặng nhọc, độc hại tại Thông tư số 05/2023/TT-LĐTBXH ngày 15/6/2023. Tôi có đóng BHXH bắt buộc tại công ty nhưng tôi đi học không có sinh hoạt phí (trong hồ sơ không thể hiện tôi có hưởng lương hay sinh hoạt phí). Xin hỏi, tôi đang đi học, có lương (có tham gia BHXH bắt buộc) thì có đủ điều kiện để hưởng chế độ miễn, giảm học phí không?","Bộ Giáo dục và Đào tạo trả lời vấn đề này như sau: Khoản 5 Điều 20 Nghị định số 81/2021/NĐ-CP ngày 27/8/2021 của Chính phủ quy định về cơ chế thu, quản lý học phí đối với cơ sở giáo dục thuộc hệ thống giáo dục quốc dân và chính sách miễn, giảm học phí, hỗ trợ chi phí học tập; giá dịch vụ trong lĩnh vực giáo dục, đào tạo quy định: ""Không áp dụng miễn, giảm học phí đối với trường hợp đang hưởng lương và sinh hoạt phí khi đi học, các trường hợp học cao học, nghiên cứu sinh (trừ đối tượng quy định tại khoản 14, khoản 16 Điều 15 Nghị định này)"". Như vậy, trường hợp ông Phạm Hoàng đang có lương (tham gia BHXH bắt buộc) tại công ty thì không thuộc đối tượng được hưởng chính sách miễn, giảm học phí khi đi học theo quy định tại khoản 5 Điều 20 Nghị định số 81/2021/NĐ-CP.",https://chinhsachonline.chinhphu.vn/van-huong-luong-khi-di-hoc-co-duoc-mien-giam-hoc-phi-78595.htm,out_of_scope,,"AI hỗ trợ (Codex); chưa xác nhận bởi người. Hỏi học phí hoặc ưu tiên giáo dục; TNLĐ/nghề độc hại chỉ là bối cảnh, căn cứ trả lời thuộc chính sách giáo dục.",ai_assisted,proposed
101,"Tôi muốn theo học ngành nghề trong danh sách ngành nghề học nặng nhọc, độc hại. Xin hỏi, có phải chỉ những người có hộ khẩu tại nơi cơ sở giáo dục đang hoạt động mới được xem xét để cấp bù học phí không?","Bộ Giáo dục và Đào tạo trả lời vấn đề này như sau: Điểm b khoản 1 Điều 16 Nghị định số 81/2021/NĐ-CP ngày 27/8/2021 quy định về cơ chế thu, quản lý học phí đối với cơ sở giáo dục thuộc hệ thống giáo dục quốc dân và chính sách miễn, giảm học phí, hỗ trợ chi phí học tập; giá dịch vụ trong lĩnh vực giáo dục, đào tạo quy định đối tượng hưởng chính sách giảm 70% học phí: ""Học sinh, sinh viên học các chuyên ngành nhã nhạc cung đình, chèo, tuồng, cải lương, múa, xiếc; một số nghề học nặng nhọc, độc hại, nguy hiểm đối với giáo dục nghề nghiệp theo danh mục các nghề học nặng nhọc, độc hại, nguy hiểm do Bộ Lao động - Thương binh và Xã hội quy định"". Như vậy, sinh viên các nghề học nặng nhọc, độc hại đối với giáo dục nghề nghiệp theo danh mục do Bộ Lao động – Thương binh và Xã hội quy định sẽ được hưởng chính sách giảm 70% học phí, không quy định hộ khẩu tại nơi có cơ sở giáo dục đang hoạt động.",https://chinhsachonline.chinhphu.vn/giam-hoc-phi-cho-sinh-vien-cac-nghe-hoc-nang-nhoc-doc-hai-78551.htm,out_of_scope,,"AI hỗ trợ (Codex); chưa xác nhận bởi người. Hỏi học phí hoặc ưu tiên giáo dục; TNLĐ/nghề độc hại chỉ là bối cảnh, căn cứ trả lời thuộc chính sách giáo dục.",ai_assisted,proposed
102,"Tôi xin hỏi, Điều 16 Nghị định số 81/2021/NĐ-CP quy định giảm 70% học phí (trong đó có đối tượng là học sinh, sinh viên học chuyên ngành nặng nhọc độc hại) được hiểu là áp dụng cho tất cả sinh viên hay chỉ áp dụng cho sinh viên dân tộc thiểu số?","Bộ Giáo dục và Đào tạo trả lời vấn đề này như sau: Điểm b Khoản 1 Điều 16 Nghị định số 81/2021/NĐ-CP ngày 27/8/2021 của Chính phủ quy định về cơ chế thu, quản lý học phí đối với cơ sở giáo dục thuộc hệ thống giáo dục quốc dân và chính sách miễn, giảm học phí, hỗ trợ chi phí học tập; giá dịch vụ trong lĩnh vực giáo dục, đào tạo quy định đối tượng hưởng chính sách giảm 70% học phí: ""Học sinh, sinh viên học các chuyên ngành nhã nhạc cung đình, chèo, tuồng, cải lương, múa, xiếc; một số nghề học nặng nhọc, độc hại, nguy hiểm đối với giáo dục nghề nghiệp theo danh mục các nghề học nặng nhọc, độc hại, nguy hiểm do Bộ Lao động - Thương binh và Xã hội quy định"". Như vậy, quy định nêu trên áp dụng cho tất cả đối tượng là sinh viên, không chỉ áp dụng riêng sinh viên dân tộc thiểu số.",https://chinhsachonline.chinhphu.vn/doi-tuong-sinh-vien-huong-chinh-sach-giam-70-hoc-phi-77745.htm,out_of_scope,,"AI hỗ trợ (Codex); chưa xác nhận bởi người. Hỏi học phí hoặc ưu tiên giáo dục; TNLĐ/nghề độc hại chỉ là bối cảnh, căn cứ trả lời thuộc chính sách giáo dục.",ai_assisted,proposed
103,"Doanh nghiệp 100% vốn nhà nước kinh doanh cửa hàng bán lẻ xăng dầu muốn ký hợp đồng lao động với người lao động trước đây đã làm công việc thuộc danh mục ngành nghề nặng nhọc, độc hại hiện đang hưởng chế độ hưu trí. Tôi xin hỏi, doanh nghiệp ký hợp đồng lao động với lao động theo diện người cao tuổi thì có được không? Các chế độ, chính sách được quy định như thế nào?","Bộ Lao động – Thương binh và Xã hội trả lời vấn đề này như sau: Theo quy định tại Khoản 1 Điều 3 Bộ luật Lao động thì người lao động là người làm việc cho người sử dụng lao động theo thỏa thuận, được trả lương và chịu sự quản lý, điều hành, giám sát của người sử dụng lao động (độ tuổi lao động tối thiểu của người lao động là đủ 15 tuổi trừ trường hợp quy định tại Mục 1 Chương XI của Bộ luật này). Theo quy định tại Điểm a Khoản 1 Điều 5 Bộ luật Lao động thì người lao động có quyền làm việc; tự do lựa chọn việc làm, nơi làm việc, nghề nghiệp; không bị phân biệt đối xử... Theo quy định tại Khoản 1 Điều 148 Bộ luật Lao động thì người lao động cao tuổi là người tiếp tục lao động sau độ tuổi theo quy định tại Khoản 2 Điều 169 của Bộ luật này (tuổi nghỉ hưu trong điều kiện lao động bình thường). Như vậy, khi có nhu cầu, doanh nghiệp có thể thỏa thuận giao kết hợp đồng lao động với người đang hưởng chế độ hưu trí theo quy định của pháp luật. Trường hợp người lao động là người cao tuổi thì khi sử dụng người lao động, doanh nghiệp phải bảo đảm đầy đủ các chế độ cho người lao động theo quy định của pháp luật lao động, trong đó các chế độ áp dụng riêng đối với người lao động cao tuổi quy định tại Điều 148, 149 Bộ luật Lao động. Do câu hỏi của bà Lan không nêu rõ số tuổi của người lao động nên Bộ không có đủ căn cứ để hướng dẫn cụ thể, đề nghị bà căn cứ các quy định nêu trên để thực hiện phù hợp với tình huống thực tế của doanh nghiệp.",https://chinhsachonline.chinhphu.vn/co-duoc-ky-hop-dong-voi-nguoi-lao-dong-da-nghi-huu-76975.htm,out_of_scope,,"AI hỗ trợ (Codex); chưa xác nhận bởi người. Hợp đồng và chế độ với lao động cao tuổi thuộc Bộ luật Lao động/Điều 64 ATVSLĐ, ngoài Điều 1–62.",ai_assisted,proposed
104,"Để chứng minh khả năng sẵn sàng huy động thiết bị thi công chủ yếu, khi dự thầu nhà thầu phải đính kèm E-HSDT những tài liệu sau: - Giấy Chứng nhận kiểm định kỹ thuật an toàn lao động còn hiệu lực của các loại máy, thiết bị có yêu cầu nghiêm ngặt về an toàn thuộc danh mục Thông tư số 36/2019/TT-BLĐTBXH ngày 30/12/2019 của Bộ trưởng Bộ Lao động - Thương binh và Xã hội; - Giấy Chứng nhận kiểm tra an toàn kỹ thuật và bảo vệ môi trường còn hiệu lực của xe máy chuyên dùng được lưu hành theo quy định tại Thông tư số 89/2015/TT-BGTVT ngày 31/12/2015 của Bộ trưởng Bộ Giao thông vận tải; - Giấy Chứng nhận kiểm định an toàn kỹ thuật và bảo vệ môi trường của phương tiện giao thông cơ giới đường bộ theo quy định tại Thông tư số 16/2021/TT-BGTVT ngày 12/8/2021 của Bộ trưởng Bộ Giao thông vận tải; - Giấy Chứng nhận kiểm định, giấy chứng nhận hiệu chuẩn còn hiệu lực của phương tiện, thiết bị đo theo quy định tại Thông tư số 23/2013/TT-BKHCN ngày 26/9/2013 của Bộ trưởng Bộ Khoa học và Công nghệ; - Giấy tờ chứng minh sở hữu. Tôi xin hỏi, hồ sơ mời thầu gói thầu xây lắp, bên mời thầu quy định nội dung nêu trên có phù hợp với quy định về pháp luật đấu thầu hay không?","Bộ Kế hoạch và Đầu tư trả lời vấn đề này như sau: Theo quy định tại Điểm b Khoản 1 Điều 26 Thông tư số 08/2022/TT-BKHĐT ngày 31/5/2022 của Bộ trưởng Bộ Kế hoạch và Đầu tư, nhà thầu kê khai thông tin về thiết bị thi công chủ yếu dự kiến huy động cho gói thầu theo mẫu số 06D Chương IV Mẫu E-HSMT xây lắp mà không cần đính kèm bản scan các văn bản, tài liệu liên quan. Việc đánh giá khả năng huy động thiết bị thi công chủ yếu của nhà thầu căn cứ vào thông tin nhà thầu kê khai trên webform và nhà thầu chịu trách nhiệm cung cấp tài liệu đối chiếu với thông tin kê khai trong quá trình thương thảo hợp đồng (theo hướng dẫn tại Điểm 1 Khoản 2 Điều 32 Thông tư số 08/2022/TT-BKHĐT). Việc đưa ra các yêu cầu trong hồ sơ mời thầu không được làm hạn chế sự tham gia của nhà thầu hoặc nhằm tạo lợi thế cho một hoặc số nhà thầu gây ra sự cạnh tranh không bình đẳng (Khoản 2 Điều 12 Nghị định số 63/2014/NĐ-CP ).",https://chinhsachonline.chinhphu.vn/can-cu-danh-gia-kha-nang-huy-dong-thiet-bi-thi-cong-cua-nha-thau-72463.htm,out_of_scope,,"AI hỗ trợ (Codex); chưa xác nhận bởi người. Hỏi phân loại gói thầu, tiêu chí hoặc đánh giá hồ sơ dự thầu theo pháp luật đấu thầu.",ai_assisted,proposed
105,"Tôi là nhân viên thiết bị trường học, thủ kho hóa chất. Xin hỏi, tôi có được hưởng chế độ bồi dưỡng bằng hiện vật không?","Bộ Lao động – Thương binh và Xã hội trả lời vấn đề này như sau: Tại Điều 3 Thông tư số 24/2022/TT-BLĐTBXH ngày 30/11/2022 của Bộ trưởng Bộ Lao động - Thương binh và Xã hội quy định việc bồi dưỡng bằng hiện vật đối với người lao động làm việc trong điều kiện có yếu tố nguy hiểm, yếu tố độc hại có quy định người lao động được hưởng bồi dưỡng bằng hiện vật khi có đủ hai điều kiện sau đây: - Làm các nghề, công việc thuộc danh mục nghề, công việc đặc biệt nặng nhọc, độc hại, nguy hiểm và nặng nhọc, độc hại, nguy hiểm do Bộ trưởng Bộ Lao động - Thương binh và Xã hội ban hành. - Đang làm việc trong môi trường lao động có ít nhất 1 trong 2 yếu tố sau đây: Có ít nhất một trong các yếu tố nguy hiểm, yếu tố có hại không bảo đảm tiêu chuẩn, quy chuẩn vệ sinh cho phép theo quy định của Bộ Y tế; Tiếp xúc với ít nhất 1 yếu tố được xếp từ 4 điểm trở lên thuộc nhóm chỉ tiêu ""tiếp xúc các nguồn gây bệnh truyền nhiễm theo Luật Phòng, chống các bệnh truyền nhiễm"" (số thứ tự 10.1 Mục A Phụ lục I ban hành kèm theo Thông tư số 29/2021/TT-BLĐTBXH ngày 28/12/2021 của Bộ trưởng Bộ Lao động - Thương binh và Xã hội quy định tiêu chuẩn phân loại lao động theo điều kiện lao động). Việc xác định các yếu tố quy định tại Khoản 2 Điều này phải được thực hiện bởi tổ chức đủ điều kiện hoạt động quan trắc môi trường lao động theo quy định của pháp luật. Như vậy, trong trường hợp người lao động đủ điều kiện theo quy định tại Điều 3 Thông tư số 24/2022/TT-BLĐTBXH thì được hưởng chế độ bồi dưỡng bằng hiện vật theo ",https://chinhsachonline.chinhphu.vn/dieu-kien-nguoi-lao-dong-duoc-che-do-boi-duong-bang-hien-vat-75823.htm,in_scope,24,"AI hỗ trợ (Codex); chưa xác nhận bởi người. Hỏi nhân viên thiết bị, thủ kho hóa chất có được bồi dưỡng bằng hiện vật; Điều 24 và Thông tư 24/2022.",ai_assisted,proposed
106,"Con tôi đang học năm thứ 3 Đại học Thương Mại Hà Nội, chồng tôi là công nhân đang hưởng trợ cấp bệnh nghề nghiệp. Xin hỏi, tôi có được giảm học phí không? Nếu chưa được giảm từ đầu khóa học đến nay thì có được hoàn trả học phí của những học kỳ trước không?","Bộ Giáo dục và Đào tạo trả lời vấn đề này như sau: Theo Điểm b Khoản 3 Điều 4 Thông tư liên tịch số 09/2016/TTLT-BGDĐT-BTC-BLĐTBXH ngày 30/3/2016 của liên Bộ Giáo dục và Đào tạo, Bộ Tài chính, Bộ Lao động – Thương binh và Xã hội hướng dẫn một số điều của Nghị định số 86/2015/NĐ-CP của Chính phủ quy định về cơ chế thu, quản lý học phí đối với cơ sở giáo dục thuộc hệ thống giáo dục quốc dân và chính sách miễn, giảm học phí, hỗ trợ chi phí học tập từ năm học 2015 – 2016 đến năm học 2020 – 2021 quy định: “Trẻ em học mẫu giáo và học sinh, sinh viên là con cán bộ, công nhân, viên chức mà cha mẹ hoặc mẹ bị tai nạn lao động hoặc mắc bệnh nghề nghiệp được hưởng trợ cấp thường xuyên”. Cũng theo quy định tại Thông tư liên tịch số 09/2016/TTLT-BGDĐT-BTC-BLĐTBXH, việc miễn, giảm học phí sẽ được thực hiện trong suốt thời gian học tập tại nhà trường, trừ trường hợp có những thay đổi về lý do miễn hoặc giảm học phí. Như vậy, trường hợp con của bà Nguyễn Thị Liên được giảm 50% học phí, nếu chưa được giảm từ đầu khoá học đến nay thì được hoàn trả cho những học kỳ trước. Thủ tục hồ sơ gồm: đơn đề nghị miễn giảm học phí theo mẫu đơn Phụ lục IV tại Thông tư liên tịch số 09/2016/TTLT-BGDĐT-BTC-BLĐTBXH, bản sao chứng thực sổ hưởng trợ cấp của cha hoặc mẹ mắc bệnh nghề nghiệp do BHXH cấp và nộp tại cơ sở giáo dục đại học sinh viên đang theo học (trường Đại học Thương mại).",https://chinhsachonline.chinhphu.vn/duoc-hoan-tra-tien-giam-hoc-phi-neu-chua-huong-ky-hoc-truoc-21180.htm,out_of_scope,,"AI hỗ trợ (Codex); chưa xác nhận bởi người. Hỏi học phí hoặc ưu tiên giáo dục; TNLĐ/nghề độc hại chỉ là bối cảnh, căn cứ trả lời thuộc chính sách giáo dục.",ai_assisted,proposed
107,"Anh tôi là người hoạt động không chuyên trách, công tác hơn 13 năm, đã đóng BHXH 14 năm. Hiện địa phương có đợt xét tuyển công chức và ký hợp đồng lại nhưng anh tôi không đủ điều kiện vì đang hưởng chế độ con của người hoạt động kháng chiến bị nhiễm chất độc hóa học suy giảm khả năng lao động từ 61-80%, hưởng trợ cấp hằng tháng. Xin hỏi, anh tôi không được xét tuyển công chức hoặc ký hợp đồng lại có đúng quy định không?","Bộ Nội vụ trả lời vấn đề này như sau: Khoản 1 Điều 19 Luật Cán bộ, công chức năm 2025 quy định: ""1, Người có đủ các điều kiện sau đây được đăng ký dự tuyển công chức: a) Có 01 quốc tịch là quốc tịch Việt Nam theo quy định của Luật Quốc tịch; b) Đang cư trú tại Việt Nam; c) Đủ 18 tuổi trở lên; d) Có phẩm chất chính trị, đạo đức tốt; có lý lịch rõ ràng; đ) Đủ sức khỏe để thực hiện nhiệm vụ; e) Đáp ứng các điều kiện theo yêu cầu của vị trí việc làm dự tuyển"". Khoản 3 Điều 19 Luật Cán bộ, công chức năm 2025 quy định: ""3. Những người sau đây không được đăng ký dự tuyển công chức: a) Mất hoặc bị hạn chế năng lực hành vi dân sự; người có khó khăn trong nhận thức, làm chủ hành vi; b) Đang bị truy cứu trách nhiệm hình sự; đang chấp hành hoặc đã chấp hành xong bản án, quyết định về hình sự của Tòa án mà chưa được xóa án tích; đang chấp hành biện pháp xử lý hành chính tại cơ sở cai nghiện bắt buộc, cơ sơ giáo dục bắt buộc"". Các nội dung nêu trên không quy định con của người hoạt động kháng chiến bị nhiễm chất độc hóa học thì không được dự tuyển công chức. Điểm g khoản 1 Điều 13 Nghị định số 170/2025/NĐ-CP ngày 30/6/2025 của Chính phủ quy định về tuyển dụng, sử dụng và quản lý công chức (có hiệu lực thi hành ngày 1/7/2025) quy định: ""Người hoạt động không chuyên trách ở cấp xã trước ngày Nghị định này có hiệu lực thi hành"" thuộc đối tượng tiếp nhận vào làm công chức khi đáp ứng tiêu chuẩn, điều kiện quy định tại điểm b khoản 3 Điều 13 Nghị định số 170/2025/NĐ-CP. Về ký hợp đồng, Nghị địn",https://chinhsachonline.chinhphu.vn/dieu-kien-dang-ky-du-tuyen-cong-chuc-89116.htm,out_of_scope,,"AI hỗ trợ (Codex); chưa xác nhận bởi người. Điều kiện dự tuyển công chức theo Luật Cán bộ, công chức.",ai_assisted,proposed
108,"Bố tôi là bệnh binh, suy giảm khả năng lao động 61%, xuất ngũ năm 1986. Năm 2002, gia đình được hỗ trợ kinh phí xây dựng nhà ở; do chưa có đất ở nên được địa phương giao đất và xây nhà vào năm 2003. Năm 2009, gia đình tôi làm hồ sơ xin cấp Giấy chứng nhận quyền sử dụng đất nhưng chưa được phê duyệt do chưa hoàn thiện thủ tục miễn, giảm tiền sử dụng đất. Từ năm 2012 đến năm 2025, gia đình tiếp tục nộp hồ sơ nhưng vướng quy hoạch. Đến tháng 4/2026, hồ sơ được phê duyệt với diện tích 115 m² đất ở; phần diện tích đất vườn bị xử phạt do lấn chiếm. Xin hỏi, trường hợp của bố tôi có thuộc diện được miễn, giảm tiền sử dụng đất theo Nghị định số 131/2021/NĐ-CP hay không? Nếu thuộc diện được hưởng thì thủ tục thực hiện như thế nào?","Bộ Tài chính trả lời vấn đề này như sau: Tại khoản 9 Điều 17 Nghị định số 103/2024/NĐ-CP ngày 30/7/2024 của Chính phủ (được sửa đổi, bổ sung tại điểm đ khoản 5 Điều 1 Nghị định số 291/2025/NĐ-CP ngày 01/11/2025, có hiệu lực thi hành từ ngày 06/11/2025) quy định: ""Việc miễn, giảm tiền sử dụng đất để thực hiện chính sách nhà ở, đất ở đối với người có công với cách mạng được thực hiện theo quy định của pháp luật về người có công và chỉ được thực hiện khi có quyết định của cơ quan nhà nước có thẩm quyền về việc cho phép miễn, giảm tiền sử dụng đất theo pháp luật về người có công"". Chính sách chế độ miễn, giảm tiền sử dụng đất hiện hành đối với đối tượng người có công thực hiện theo quy định tại Nghị định số 131/2021/NĐ-CP ngày 30/12/2021 của Chính phủ do Bộ Lao động - Thương binh và Xã hội (nay là Bộ Nội vụ) chủ trì trình Chính phủ ban hành. Việc xác định đối tượng người có công được hưởng chính sách nêu trên thuộc chức năng, nhiệm vụ và trách nhiệm của các cơ quan chức năng tại địa phương (các cơ quan nội vụ, nông nghiệp và môi trường...). Trên đây, Bộ Tài chính trả lời về mặt chính sách, đề nghị bà căn cứ hồ sơ cụ thể của người sử dụng đất, liên hệ với cơ quan chức năng tại địa phương để được xem xét, giải quyết theo chế độ quy định.",https://chinhsachonline.chinhphu.vn/benh-binh-co-duoc-giam-tien-su-dung-dat-88284.htm,out_of_scope,,AI hỗ trợ (Codex); chưa xác nhận bởi người. Miễn giảm tiền sử dụng đất/chuyển mục đích đất theo chính sách đất đai và người có công.,ai_assisted,proposed
109,"Bố mẹ tôi đều là thương binh (bố hạng 2/4, suy giảm khả năng lao động 65%; mẹ hạng 2/4, suy giảm 61%). Gia đình có thửa đất 830,2 m², trong đó có 200 m² đất ở. Tôi xin hỏi, bố mẹ tôi có thể chuyển đổi thêm tối đa bao nhiêu diện tích đất trồng cây lâu năm sang đất ở và được hưởng mức miễn, giảm tiền sử dụng đất như thế nào?","Bộ Tài chính trả lời vấn đề này như sau: Căn cứ các quy định của pháp luật về đất đai và chính sách ưu đãi người có công, UBND phường Nam Hồng Lĩnh (tỉnh Hà Tĩnh) đã ban hành quyết định cụ thể đối với trường hợp gia đình thương binh trên địa bàn. Theo đó, tại Quyết định số 1594/QĐ-UBND ngày 25/12/2025, UBND phường cho phép ông Thái Hoàng Anh (thương binh, suy giảm khả năng lao động 65%) và bà Nguyễn Thị Thanh Tứ (thương binh, suy giảm 61%) được giảm 100% (miễn toàn bộ) tiền sử dụng đất trong hạn mức giao đất ở khi thực hiện chuyển mục đích sử dụng đất từ đất trồng cây lâu năm sang đất ở. Việc chuyển mục đích sử dụng đất được áp dụng đối với thửa đất số 24, tờ bản đồ số 22 tại TDP 7 Đậu Liêu, phường Nam Hồng Lĩnh, trên cơ sở đã được cơ quan có thẩm quyền cho phép chuyển đổi trước đó. Quyết định cũng nêu rõ, sau khi có kết quả miễn, giảm, cơ quan chuyên môn sẽ chuyển thông tin sang cơ quan thuế để xác định nghĩa vụ tài chính. Trên cơ sở đó, cơ quan Thuế cơ sở 3 tỉnh Hà Tĩnh có trách nhiệm thông báo để người sử dụng đất nộp tiền sử dụng đất và phí, lệ phí (nếu có) theo quy định của pháp luật.",https://chinhsachonline.chinhphu.vn/gia-dinh-ong-thai-hoang-duong-duoc-mien-toan-bo-tien-su-dung-dat-84803.htm,out_of_scope,,AI hỗ trợ (Codex); chưa xác nhận bởi người. Miễn giảm tiền sử dụng đất/chuyển mục đích đất theo chính sách đất đai và người có công.,ai_assisted,proposed
110,"Bố tôi là người hoạt động kháng chiến bị nhiễm chất độc hoá học, có giấy chứng nhận; tỷ lệ suy giảm khả năng lao động mức 41-60%. Xin hỏi, bố tôi đang trong quá trình nộp hồ sơ cấp Giấy chứng nhận quyền sử dụng đất lần đầu thì có được miễn, giảm tiền sử dụng đất không? Nếu được miễn, giảm thì cần liên hệ với cơ quan nào để xin quyết định?","Bộ Tài chính trả lời vấn đề này như sau: Căn cứ Nghị định số 103/2024/NĐ-CP ngày 30/7/2024 của Chính phủ quy định về tiền sử dụng đất, tiền thuế đất: Tại khoản 3 Điều 18 quy định: ""Miễn tiền sử dụng đất đối với đất ở trong hạn mức giao đất ở (bao gồm giao đất, chuyển mục đích sử dụng đất, cấp Giấy chứng nhận cho người đang sử dụng đất) đối với hộ gia đình, người có công với cách mạng mà thuộc đối tượng được miễn tiền sử dụng đất theo quy định của pháp luật về người có công"". Tại khoản 4 Điều 19 quy định: ""Giảm tiền sử dụng đất đối với đất ở trong hạn mức giao đất ở (bao gồm giao đất, chuyển mục đích sử dụng đất, cấp Giấy chứng nhận cho người đang sử dụng đất) đối với người có công với cách mạng mà thuộc diện được giảm tiền sử dụng đất theo quy định của pháp luật về người có công"". Căn cứ Nghị định số 131/2021/NĐ-CP ngày 30/12/2021 của Chính phủ quy định chi tiết và biện pháp thi hành Pháp lệnh Ưu đãi người có công với cách mạng Tại Điều 105 quy định giảm tiền sử dụng đất trong hạn mức giao đất ở khi Nhà nước giao đất ở, chuyển mục đích sử dụng đất sang đất ở, công nhận quyền sử dụng đất ở, khi được mua nhà ở thuộc sở hữu của Nhà nước đối với các đối tượng sau: ""2. Giảm 80% tiền sử dụng đất trong hạn mức giao đất ở khi Nhà nước giao đất ở, chuyển mục đích sử dụng đất sang đất ở, công nhận quyền sử dụng đất ở, khi được mua nhà ở thuộc sở hữu của Nhà nước đối với các đối tượng sau: Thương binh, bao gồm cả thương binh loại B được công nhận trước ngày 31 tháng 12 năm 1993, người h",https://chinhsachonline.chinhphu.vn/truong-hop-duoc-giam-80-tien-su-dung-dat-81090.htm,out_of_scope,,AI hỗ trợ (Codex); chưa xác nhận bởi người. Miễn giảm tiền sử dụng đất/chuyển mục đích đất theo chính sách đất đai và người có công.,ai_assisted,proposed
111,"Mẹ tôi là giáo viên THCS, sinh ngày 7/8/1971 về hưu sớm trước 4 năm 3 tháng do suy giảm khả năng lao động. Tôi xin hỏi, cách tính lương hưu và chế độ về hưu sớm như thế nào?","Bảo hiểm xã hội khu vực XVI trả lời vấn đề này như sau: Theo thông tin ông Sang cung cấp, mẹ của ông về trước tuổi 4 năm 3 tháng, nếu có kết quả giám định y khoa tỷ lệ suy giảm khả năng lao động từ 61% trở lên và đóng BHXH bắt buộc đủ 20 năm thì đủ điều kiện để về hưu theo quy định. Căn cứ quy định của Luật BHXH số 41/2024/QH15 , cách tính lương hưu đối với mẹ của ông như sau: Tiền lương hưu = Tỉ lệ hưởng lương hưu x Mức bình quân tiền lương đóng BHXH. - Tỉ lệ hưởng lương hưu: Đóng BHXH 15 năm tương ứng với tỉ lệ hưởng 45%, sau đó cứ thêm mỗi năm đóng thì tính thêm 2%, mức tối đa bằng 75%. Nếu thời gian đóng BHXH có tháng lẻ từ 01 tháng đến 06 tháng được tính thêm 1%, từ 07 tháng đến 11 tháng được tính thêm 2%. Mức giảm trừ tỉ lệ lương hưu do nghỉ hưu trước tuổi: Mỗi năm nghỉ hưu trước tuổi giảm 2%. Nếu thời gian nghỉ hưu trước tuổi dưới 06 tháng thì không giảm tỷ lệ %, từ đủ 06 tháng đến dưới 12 tháng thì giảm 1%. - Mức bình quân tiền lương đóng BHXH: Nếu có toàn bộ thời gian đóng BHXH theo tiền lương Nhà nước quy định: Bắt đầu tham gia BHXH trước ngày 01/01/1995 thì tính bình quân tiền lương đóng BHXH của 05 năm cuối trước khi nghỉ hưu; bắt đầu tham gia BHXH từ ngày 01/01/1995 đến 31/12/2000 thì tính bình quân của 06 năm cuối trước khi nghỉ hưu; bắt đầu tham gia BHXH từ ngày 01/01/2001 đến 31/12/2006 thì tính bình quân của 08 năm cuối trước khi nghỉ hưu. Nếu có toàn bộ thời gian đóng BHXH theo tiền lương do người sử dụng lao động quyết định: Tính bình quân tiền lương của to",https://chinhsachonline.chinhphu.vn/cach-tinh-luong-huu-theo-luat-bhxh-2024-80015.htm,out_of_scope,,"AI hỗ trợ (Codex); chưa xác nhận bởi người. Trọng tâm là điều kiện, tuổi, mức hưởng hoặc thủ tục hưu trí/nghỉ việc theo BHXH và chính sách tinh giản; không phải chế độ TNLĐ-BNN.",ai_assisted,proposed
112,"Tôi công tác tại Ban Quản lý dự án chuyên ngành. Đơn vị tôi đang tổ chức lựa chọn nhà thầu thực hiện các gói thầu sử dụng nguồn vốn từ ngân sách nhà nước thuộc phạm vi điều chỉnh của Luật Đấu thầu. Ngày 31/5/2022, Bộ Kế hoạch và Đầu tư ban hành Thông tư số 08/2022/TT-BKHĐT quy định chi tiết việc cung cấp, đăng tải thông tin về đấu thầu và lựa chọn nhà thầu trên hệ thống mạng đấu thầu quốc gia. Trong quá trình tổ chức lập hồ sơ mời thầu, bên mời thầu đã gặp phải vướng mắc như sau: - Quy định về nhân sự chủ chốt của nhà thầu: Điểm đ, Khoản 3, Phụ lục 9 Thông tư số 08/2022/TT-BKHĐT ngày 31/5/2022 có nêu một số quy định của E-HSMT vi phạm Khoản 2, Điều 12 Nghị định số 63/2014/NĐ-CP, cụ thể: ""đ) Yêu cầu về nhân sự chủ chốt đối với các vị trí mà pháp luật về xây dựng không có yêu cầu về tiêu chuẩn đối với chức danh đó hoặc các vị trí kỹ thuật thông thường, công nhân kỹ thuật, lao động phổ thông"". Theo tôi tìm hiểu quy định của pháp luật hiện hành, trường hợp đối với gói thầu là thi công xây dựng công trình, bên mời thầu chỉ có thể yêu cầu nhân sự chủ chốt đối với các vị trí sau: Chỉ huy trưởng công trường (Điều 74 Nghị định số 15/2021/NĐ-CP ngày 3/3/2021 của Chính phủ quy định chi tiết một số nội dung chi tiết về quản lý dự án đầu tư xây dựng); Cán bộ phụ trách về an toàn lao động (Khoản 1, Điều 36 Nghị định số 39/2016/NĐ-CP ngày 15/5/2016 của Chính phủ quy định chi tiết một số điều Luật An toàn, vệ sinh lao động); Cán bộ kỹ thuật về phòng cháy và chữa cháy (Điều 43 Nghị định số 79/2014/NĐ-CP ngày 31/7/2014 của Chính phủ quy định chi tiết về quy định chi tiết thi hành một số điều của Luật Phòng cháy và chữa cháy). Trong quá tham khảo các gói thầu xây lắp đã đăng tải trên hệ thống mạng đấu thầu quốc gia, tôi thấy nhiều bên mời thầu quy định nhân sự chủ chốt cho gói thầu bao gồm các vị trí sau: Chỉ huy trưởng công trường; cán bộ kỹ thuật thi công phần xây dựng; cán bộ kỹ thuật thi công phần san nền; cán bộ kỹ thuật thi công phần thoát nước; cán bộ kỹ thuật thi công phần hệ thống điện; cán bộ phụ trách phần an toàn lao động; cán bộ phụ trách lập hồ sơ hoàn công, thanh quyết toán công trình; cán bộ kỹ thuật phụ trách hạng mục phòng cháy và chữa cháy; cán bộ kỹ thuật phụ trách lắp đặt thiết bị. Tôi xin hỏi, các vị trí nhân sự đối với các chức danh cán bộ kỹ thuật mà bên mời thầu đưa ra như nêu trên có phù hợp với quy định tại Điểm đ, Khoản 3, Phụ lục 9 Thông tư số 08/2022/TT-BKHĐT hay không? Trường hợp vi phạm thì phải xử lý như thế nào? - Quy định về hợp đồng tương tự: Điểm 4, Bảng số 01, Mẫu số 01A [Hồ sơ mời thầu xây lắp qua mạng, một giai đoạn một túi hồ sơ] quy định về kinh nghiệm thực hiện hợp đồng xây lắp tương tự, có nêu: ""1. Trường hợp gói thầu chỉ bao gồm 01 công trình độc lập (ví dụ công trình A): Căn cứ quy mô, tính chất của gói thầu, Bên mời thầu chọn một trong hai cách dưới đây: ""Từ ngày 01 tháng 01 năm ……(9) đến thời điểm đóng thầu, nhà thầu đã hoàn thành (10) tối thiểu 2 công trình có: Loại kết cấu:…, cấp:… [ghi theo loại kết cấu, cấp công trình của công trình thuộc gói thầu] (11), trong đó ít nhất một công trình có giá trị là V (12) và tổng giá trị tất cả các công trình ≥ X, với tư cách là nhà thầu chính (độc lập hoặc thành viên liên danh), nhà thầu quản lý hoặc nhà thầu phụ. Trong đó X= 2 x V"". Vậy, trường hợp bên mời thầu áp dụng quy định nêu trên, khi đánh giá E-HSDT nhà thầu có 1 hợp đồng tương tự đáp ứng theo yêu cầu của E-HSMT, giá trị là X thì có được coi là hợp lệ hay không? Hay bắt buộc phải có 2 hợp đồng tương tự, trong đó có ít nhất 1 hợp đồng giá trị là V?","Bộ Kế hoạch và Đầu tư trả lời vấn đề này như sau: Quy định về nhân sự chủ chốt: Khoản 2, Điều 12 Nghị định số 63/2014/NĐ-CP quy định trong hồ sơ mời thầu không được nêu bất cứ điều kiện nào nhằm hạn chế sự tham gia của nhà thầu hoặc nhằm tạo lợi thế cho một hoặc một số nhà thầu gây ra sự cạnh tranh không bình đẳng. Theo quy định tại Điểm đ, Mục 3, Phụ lục 9 ban hành kèm theo Thông tư số 08/2022/TT-BKHĐT ngày 31/5/2022, một trong các quy định của E-HSMT dẫn đến hạn chế sự tham gia của nhà thầu hoặc tạo lợi thế cho một hoặc một số nhà thầu gây ra sự cạnh tranh không bình đẳng bao gồm yêu cầu về nhân sự chủ chốt đối với các vị trí mà pháp luật về xây dựng không có yêu cầu về tiêu chuẩn đối với chức danh đó hoặc các vị trí kỹ thuật thông thường, công nhân kỹ thuật, lao động phổ thông. Theo đó, việc lập E-HSMT tuân thủ theo các quy định nêu trên và thuộc trách nhiệm của chủ đầu tư, bên mời thầu. Quy định về hợp đồng tương tự: Theo quy định về kinh nghiệm thực hiện hợp đồng xây lắp tương tự tại Mục 2.1 Chương III Mẫu E-HSMT xây lắp qua mạng một giai đoạn một túi hồ sơ ban hành kèm theo Thông tư số 08/2022/TT-BKHĐT ngày 31/5/2022 của Bộ Kế hoạch và Đầu tư, trường hợp gói thầu chỉ bao gồm 1 công trình độc lập (ví dụ công trình A): Căn cứ quy mô, tính chất của gói thầu, bên mời thầu có thể quy định ""Từ ngày 01 tháng 01 năm ___ (9) đến thời điểm đóng thầu, nhà thầu đã hoàn thành tối thiểu 2 công trình có: Loại kết cấu:…, cấp:… [ghi theo loại kết cấu, cấp công trình của công trình thuộc",https://chinhsachonline.chinhphu.vn/yeu-cau-ve-nhan-su-va-hop-dong-tuong-tu-cho-goi-thau-von-nsnn-65477.htm,out_of_scope,,"AI hỗ trợ (Codex); chưa xác nhận bởi người. Hỏi phân loại gói thầu, tiêu chí hoặc đánh giá hồ sơ dự thầu theo pháp luật đấu thầu.",ai_assisted,proposed
113,"Dự án A hoàn thành năm 2017, nay dự án B có hệ thống đường dẫn khí nén được đấu nối với dự án A. Tôi xin hỏi, có phải thực hiện kiểm định an toàn, cấp phép sử dụng hệ thống đường ống dẫn khí nén của dự án B đấu nối với dự án A không? Hay phải thực hiện cho toàn bộ hệ thống đường ống dẫn?","Bộ Lao động – Thương binh và Xã hội trả lời vấn đề này như sau: Hệ thống đường ống dẫn khí nén thuộc danh mục các loại máy, thiết bị, vật tư, chất có yêu cầu nghiêm ngặt về an toàn, vệ sinh lao động tại Thông tư số 36/2013/TT-BLĐTBXH ngày 30/12/2013. Quy trình kiểm định hệ thống đường ống dẫn khí nén được Bộ Lao động - Thương binh và Xã hội quy định tại Thông tư số 08/2021/TT-BLĐTBXH ngày 30/8/2021 ban hành quy trình kiểm định kỹ thuật an toàn hệ thống đường ống bằng kim loại dẫn khí nén, khí hóa lỏng, khí hòa tan. Khoản 1, Điều 31 Luật An toàn, vệ sinh lao động quy định các loại máy, thiết bị, vật tư có yêu cầu nghiêm ngặt về an toàn lao động phải được kiểm định trước khi đưa vào sử dụng và kiểm định định kỳ trong quá trình sử dụng bởi tổ chức hoạt động kiểm định kỹ thuật an toàn lao động. Vì vậy, kể từ ngày Thông tư số 08/2021/TT-BLĐTBXH có hiệu lực, hệ thống đường ống dẫn khí nén phải được kiểm định và khai báo theo quy định.",https://chinhsachonline.chinhphu.vn/he-thong-duong-ong-dan-khi-nen-phai-duoc-kiem-dinh-va-khai-bao-65034.htm,in_scope,31,AI hỗ trợ (Codex); chưa xác nhận bởi người. Hỏi kiểm định hệ thống đường ống khí nén khi đấu nối; nguồn viện dẫn khoản 1 Điều 31.,ai_assisted,proposed
114,"Chú của tôi sinh năm 1960, là thợ hàn của 1 công ty xây dựng thuộc Bộ Xây dựng. Ngày 28/10/1985, bị tai nạn lao động, được cấp cứu và xuất viện ngày 30/11/1985. Từ năm 1997 đến nay đã làm hồ sơ hưởng chế độ tai nạn lao động nhưng vẫn chưa được giải quyết. Hồ sơ còn lưu giữ gồm: Biên bản hiện trường tai nạn lao động viết tay, có chữ ký của người lập biên bản, Tổ trưởng sản xuất, Kỹ thuật công trình, Chủ nhiệm công trình, Phó giám đốc xí nghiệp, Công đoàn xí nghiệp ký đóng dấu (Biên bản gốc lập năm 1985); Giấy ra viện của bệnh viện Quân y 5, nơi cấp cứu, điều trị (bản gốc lập năm 1985); Văn bản của Công ty (người sử dụng lao động khi bị tai nạn) gửi Sở Lao động - Thương binh và Xã hội tỉnh Ninh Bình; BHXH tỉnh Ninh Bình; Giám định Y khoa tỉnh Ninh Bình; Đề nghị cho giám định thương tật để giải quyết chế độ cho người lao động theo chế độ hiện hành (bản gốc lập năm 1997); Văn bản Thanh tra Nhà nước về an toàn lao động của Sở Lao động - Thương binh và Xã hội tỉnh Ninh Bình về việc nạn nhân được hưởng chế độ tai nạn lao động (bản gốc lập năm 1997). Vậy, chú của tôi có thể làm đề nghị được hưởng chế độ tai nạn lao động không? Nếu được thì hồ sơ đầy đủ gồm những gì? Thủ tục thế nào? Căn cứ văn bản pháp lý nào? Trách nhiệm của cơ quan chức năng tỉnh Ninh Bình trước đây không giải quyết chế độ thì như thế nào? Có được truy lĩnh chế độ tai nạn lao động của thời gian trước đó không?","Bộ Lao động – Thương binh và Xã hội trả lời vấn đề này như sau: Giai đoạn trước năm 1995, chế độ tai nạn lao động do Tổng Công đoàn Việt Nam quản lý và tổ chức thực hiện. Từ ngày 1/1/1995 trở đi, Bộ Lao động - Thương binh và Xã hội được Chính phủ giao thực hiện quản lý Nhà nước về BHXH. BHXH Việt Nam được giao tổ chức thực hiện các chế độ, chính sách về BHXH (trong đó bao gồm cả chế độ tai nạn lao động). Theo quy định, trách nhiệm lập, hoàn thiện hồ sơ đề nghị giải quyết chế độ cho người lao động bị tai nạn lao động thuộc trách nhiệm của cơ quan, đơn vị quản lý lao động khi bị tai nạn lao động. Việc giải quyết chế độ đối với các trường hợp bị tai nạn lao động trước ngày 1/1/1995 nhưng chưa được giải quyết hưởng chế độ tai nạn lao động được thực hiện theo điểm 3 Công văn số 843/LĐ-TBXH ngày 25/3/1996 về việc hướng dẫn thực hiện một số chế độ BHXH và Công văn số 3173/LĐTBXH-BHXH ngày 23/9/2002 của Bộ Lao động - Thương binh và Xã hội hướng dẫn chấm dứt giải quyết tồn đọng về BHXH theo Công văn số 843/LĐ-TBXH ngày 25/3/1996. Tiếp đến ngày 5/5/2015, Bộ Lao động-Thương binh và Xã hội có Công văn số 1592/LĐTBXH-BHXH gửi Tổng Liên đoàn Lao động Việt Nam, BHXH Việt Nam và Sở Lao động - Thương binh và Xã hội các tỉnh, thành phố trực thuộc Trung ương về việc giải quyết vướng mắc về tai nạn lao động, bệnh nghề nghiệp trước năm 1995. Theo nội dung câu hỏi của ông, trường hợp người lao động bị tai nạn lao động trước ngày 28/10/1985, điều trị xong ra viện ngày 30/11/1985, năm 1997 đã lập hồ",https://chinhsachonline.chinhphu.vn/che-do-tai-nan-lao-dong-truoc-nam-1995-20413.htm,out_of_scope,,AI hỗ trợ (Codex); chưa xác nhận bởi người. [CẦN RÀ SOÁT] Vụ việc/chế độ lịch sử được nguồn giải quyết theo pháp luật trước Luật ATVSLĐ 2015 hoặc quy định chuyển tiếp. Không tự hồi tố Điều 1–62; cần người chốt có chấp nhận ánh xạ theo chủ đề hay không.,ai_assisted,needs_review
115,"Tôi đang làm việc tại Liên đoàn Quy hoạch và Điều tra tài nguyên nước miền Nam. Cơ quan tôi làm chế độ hưu trí cho một số công nhân về nghỉ hưu trước tuổi theo Nghị định số 108/2014/NĐ-CP. Tổng số có 7 người lao động được về, trong đó 2 trường hợp giải quyết tháng 12/2015 (đợt 1) và 5 trường hợp quyết định nghỉ đợt 2 tháng 6/2016. Cơ quan đã làm việc với BHXH tỉnh Vĩnh Long nhưng không được giải quyết với lý do trong sổ BHXH các các công nhân này ghi chức danh nghề nghiệp là công nhân khoan, không đúng với chức danh vận hành máy khoan địa chất trong danh mục nghề nặng nhọc độc hại và nguy hiểm do Bộ Lao động - Thương binh và Xã hội quy định. Do ghi sai chức danh nghề nghiệp nên cơ quan tôi đã làm Văn bản gửi Bộ Lao động - Thương binh và Xã hội đề nghị điều chỉnh từ tháng 6/2016, nhưng đến nay chưa nhận được giải đáp. Đề nghị cơ quan có thẩm quyền xem xét, sớm giải quyết chế độ cho số lao động này tại cơ quan tôi.","Bộ Lao động – Thương binh và Xã hội trả lời vấn đề này như sau: Liên đoàn Quy hoạch và Điều tra tài nguyên nước miền Nam đã có Công văn số 400/CV/TNNMN-VP ngày 1/6/2016 hỏi về việc xin điều chỉnh chức danh nghề, công việc nặng nhọc, độc hại, nguy hiểm trong sổ bảo hiểm xã hội. Bộ Lao động - Thương binh và Xã hội đã giao Cục An toàn lao động liên hệ, gửi biểu mẫu tổng hợp bằng email và hướng dẫn trực tiếp bằng điện thoại cho cán bộ tổng hợp của Liên đoàn Quy hoạch và Điều tra tài nguyên nước miền Nam. Liên đoàn đã tổng hợp, hoàn thiện hồ sơ và gửi lại cho Cục An toàn lao động vào tháng 9/2016. Cục An toàn lao động đã rà soát hồ sơ, soạn thảo công văn trả lời gửi xin ý kiến Vụ Bảo hiểm xã hội và Vụ Lao động - Tiền lương và đang làm thủ tục trình Lãnh đạo Bộ ký công văn điều chỉnh.",https://chinhsachonline.chinhphu.vn/ve-viec-dieu-chinh-chuc-danh-nghe-trong-so-bhxh-19136.htm,out_of_scope,,AI hỗ trợ (Codex); chưa xác nhận bởi người. [CẦN RÀ SOÁT] Yêu cầu điều chỉnh chức danh trong sổ BHXH để giải quyết hưu trí; khác yêu cầu phân loại nghề theo Điều 22.,ai_assisted,needs_review
116,"Anh trai tôi đóng BHXH được 3,5 năm, bị tai nạn lao động mất cánh tay phải. Xin hỏi, anh trai tôi có được hưởng chế độ gì từ BHXH không?","Bảo hiểm xã hội tỉnh Bình Định trả lời vấn đề này như sau: Căn cứ theo quy định tại Điều 45 Luật An toàn, vệ sinh lao động số 84/2015/QH13 ngày 25/6/2015 về điều kiện hưởng chế độ tai nạn lao động: ""Người lao động tham gia bảo hiểm tai nạn lao động, bệnh nghề nghiệp được hưởng chế độ tai nạn lao động khi có đủ các điều kiện sau đây: 1. Bị tai nạn thuộc một trong các trường hợp sau đây: a) Tại nơi làm việc và trong giờ làm việc, kể cả khi đang thực hiện các nhu cầu sinh hoạt cần thiết tại nơi làm việc hoặc trong giờ làm việc mà Bộ luật Lao động và nội quy của cơ sở sản xuất, kinh doanh cho phép, bao gồm nghỉ giải lao, ăn giữa ca, ăn bồi dưỡng hiện vật, làm vệ sinh kinh nguyệt, tắm rửa, cho con bú, đi vệ sinh; b) Ngoài nơi làm việc hoặc ngoài giờ làm việc khi thực hiện công việc theo yêu cầu của người sử dụng lao động hoặc người được người sử dụng lao động ủy quyền bằng văn bản trực tiếp quản lý lao động; c) Trên tuyến đường đi từ nơi ở đến nơi làm việc hoặc từ nơi làm việc về nơi ở trong khoảng thời gian và tuyến đường hợp lý; 2. Suy giảm khả năng lao động từ 5% trở lên do bị tai nạn quy định tại Khoản 1 Điều này"". Như vậy, trường hợp của anh của bà nếu có tham gia bảo hiểm tai nạn lao động, bệnh nghề nghiệp, khi bị tai nạn lao động sẽ được hưởng chế độ tai nạn lao động khi có đủ các điều kiện đã nêu trên.",https://chinhsachonline.chinhphu.vn/dieu-kien-huong-che-do-tai-nan-lao-dong-67602.htm,in_scope,45,AI hỗ trợ (Codex); chưa xác nhận bởi người. Hỏi có được BHXH giải quyết chế độ TNLĐ; nguồn viện dẫn điều kiện hưởng tại Điều 45.,ai_assisted,proposed
117,"Tôi làm việc tại nhà máy sản xuất tinh bột mỳ theo hợp đồng lao động ký với nhà máy là 1 năm. Trong lúc kiểm tra tinh bột mỳ vào thiết bị sấy, tôi bị bột mỳ bắn vào mặt và bị ngã gãy tay. Tuy nhiên tôi không được giải quyết chế độ tai nạn lao động vì nhà máy không đóng BHXH cho tôi. Vậy, tôi phải làm thủ tục gì để được hưởng chế độ tai nạn lao động?","BHXH tỉnh Quảng Ngãi trả lời vấn đề này như sau: Tại Điểm a Khoản 1 Điều 3 Nghị định số 44/2017/NĐ-CP ngày 14/4/2017 của Chính phủ quy định: “Người sử dụng lao động hằng tháng đóng vào Quỹ bảo hiểm tai nạn lao động, bệnh nghề nghiệp theo quy định tại khoản 3 Điều 44 Luật An toàn, vệ sinh lao động với mức như sau: 0,5% trên quỹ tiền lương làm căn cứ đóng BHXH của người lao động được quy định tại các điểm a, b, c, d, đ và h khoản 1 Điều 2 Luật BHXH”. - Tại khoản 4 Điều 39 Luật An toàn, vệ sinh lao động năm 2015 quy định: “Nếu người sử dụng lao động không đóng bảo hiểm tai nạn lao động, bệnh nghề nghiệp cho người lao động thuộc đối tượng tham gia BHXH bắt buộc theo quy định của Luật BHXH; thì ngoài việc phải bồi thường, trợ cấp theo quy định tại Điều 38 của Luật An toàn, vệ sinh lao động, người sử dụng lao động phải trả khoản tiền tương ứng với chế độ bảo hiểm tai nạn lao động, bệnh nghề nghiệp theo quy định tại Mục 3 Chương III Luật An toàn, vệ sinh lao động khi người lao động bị tai nạn lao động, bệnh nghề nghiệp; việc chi trả có thể thực hiện một lần hoặc hằng tháng theo thỏa thuận của các bên, trường hợp không thống nhất thì thực hiện theo yêu cầu của người lao động”. Đối chiếu các quy định trên, người sử dụng lao động có trách nhiệm đóng BHXH cho người lao động theo quy định của pháp luật. Người sử dụng lao động đã không đăng ký đóng và không đóng BHXH cho ông tại thời điểm ông xảy ra tai nạn lao động. Vì vậy, trường hợp này người sử dụng lao động phải trả chế độ cho ông th",https://chinhsachonline.chinhphu.vn/truong-hop-nao-nguoi-su-dung-lao-dong-phai-tra-che-do-tai-nan-lao-dong-65894.htm,in_scope,39,"AI hỗ trợ (Codex); chưa xác nhận bởi người. NSDLĐ không đóng BH TNLĐ; khoản 4 Điều 39 quy định trách nhiệm trả khoản tương ứng, ưu tiên theo hướng dẫn C5/C7.",ai_assisted,proposed
118,"Xin hỏi, tôi bị tai nạn giao thông thì trường hợp này được giải quyết là ốm đau hay là tai nạn lao động?","BHXH tỉnh Bình Dương trả lời vấn đề này như sau: Điều kiện để hưởng chế độ tai nạn lao động: 1. Bị tai nạn thuộc một trong các trường hợp sau đây: a) Tại nơi làm việc và trong giờ làm việc; b) Ngoài nơi làm việc hoặc ngoài giờ làm việc khi thực hiện công việc theo yêu cầu của người sử dụng lao động hoặc người được người sử dụng lao động; c) Trên tuyến đường đi từ nơi ở đến nơi làm việc hoặc từ nơi làm việc về nơi ở trong khoảng thời gian và tuyến đường hợp lý; 2. Suy giảm khả năng lao động từ 5% trở lên Căn cứ quy định trên, nếu trường hợp bà bị tai nạn giao thông mà không thuộc điều kiện nêu trên thì bà sẽ được giải quyết chế độ ốm đau (tai nạn rủi ro) theo quy định của Luật BHXH.",https://chinhsachonline.chinhphu.vn/huong-che-do-om-dau-hay-tai-nan-lao-dong-65018.htm,in_scope,45,AI hỗ trợ (Codex); chưa xác nhận bởi người. Hỏi phân biệt tai nạn giao thông đủ điều kiện hưởng BH TNLĐ; nguồn liệt kê điều kiện tại Điều 45.,ai_assisted,proposed
119,"Công ty tôi có người lao động mắc COVID-19, được Trạm y tế xã cấp giấy hoàn thành cách ly. Công ty sử dụng giấy hoàn thành cách ly này để làm thủ tục hưởng chế độ BHXH cho người lao động. Cơ quan BHXH không giải quyết chế độ mà yêu cầu phải có giấy ra viện hoặc Giấy chứng nhận nghỉ việc hưởng BHXH. Tôi xin hỏi, BHXH yêu cầu như vậy có đúng không?","Bảo hiểm xã hội Việt Nam trả lời vấn đề này như sau: Khoản 1, Điều 25 Luật BHXH năm 2014 quy định về điều kiện hưởng chế độ ốm đau đối với người lao động đang tham gia BHXH là: Bị ốm đau, tai nạn mà không phải là tai nạn lao động phải nghỉ việc và có xác nhận của cơ sở khám bệnh, chữa bệnh có thẩm quyền theo quy định của Bộ Y tế. Hồ sơ hưởng chế độ ốm đau đối với người lao động bị ốm đau theo quy định tại Khoản 1, 2, Điều 100 Luật BHXH năm 2014; Khoản 1, 2, Điều 21 Thông tư số 56/2017/TT-BYT ngày 29/12/2017 của Bộ Y tế quy định chi tiết thi hành Luật BHXH, Luật An toàn, vệ sinh lao động thuộc lĩnh vực y tế và hướng dẫn của Bộ Y tế tại Công văn số 1492/KCB-PHCN&GĐ ngày 19/11/2021 gồm: Trường hợp điều trị nội trú: Giấy ra viện; Trường hợp điều trị ngoại trú: Giấy chứng nhận nghỉ việc hưởng BHXH hoặc giấy ra viện có chỉ định của y, bác sĩ điều trị cho nghỉ thêm sau thời gian điều trị nội trú. BHXH Việt Nam là cơ quan tổ chức thực hiện chính sách BHXH, không có thẩm quyền quy định về thủ tục hồ sơ giải quyết hưởng chế độ BHXH đối với người động. Hồ sơ hưởng chế độ ốm đau thực hiện theo các quy định của pháp luật nêu trên. BHXH Việt Nam xin tiếp thu phản ánh của bà để kiến nghị với các cơ quan có thẩm quyền sửa đổi bổ sung chính sách pháp luật về BHXH cho phù hợp với thực tiễn phát sinh. Để bảo đảm quyền lợi của bản thân, bà kiến nghị đến Sở Y tế tại địa phương để được giải đáp và hướng dẫn cụ thể.",https://chinhsachonline.chinhphu.vn/can-giay-to-gi-de-f0-nghi-viec-duoc-huong-bhxh-62695.htm,out_of_scope,,"AI hỗ trợ (Codex); chưa xác nhận bởi người. Giấy nghỉ việc, hồ sơ hoặc quyền hưởng chế độ ốm đau/chăm con theo BHXH, không phải hồ sơ hưởng TNLĐ tại Điều 57.",ai_assisted,proposed
120,"Người lao động nhận tiền hỗ trợ do ảnh hưởng dịch COVID-19 từ doanh nghiệp theo Nghị quyết số 68/NQ-CP (doanh nghiệp được giảm trừ 0,5% tiền đóng Quỹ bảo hiểm tai nạn lao động, bệnh nghề nghiệp... để hỗ trợ cho người lao động) thì có phải tính thuế thu nhập cá nhân (TNCN) không? Trường hợp doanh nghiệp tự có chính sách hỗ trợ do ảnh hưởng dịch COVID-19 cho người lao động thì thu nhập này có phải tính thuế TNCN không?","Tổng cục Thuế (Bộ Tài chính) trả lời vấn đề này như sau: Theo Điều 1 và Điều 2 Quyết định số 23/2021/QĐ-TTg ngày 7/7/2021 của Thủ tướng Chính phủ quy định về việc thực hiện một số chính sách hỗ trợ người lao động và người sử dụng lao động gặp khó khăn do đại dịch COVID-19 và theo quy định tại Khoản 2 Điều 3 Luật Thuế TNCN số 04/2007/QH12 ngày 21/11/2007 của Quốc hội (được sửa đổi, bổ sung bởi Luật sửa đổi, bổ sung một số điều của Luật Thuế TNCN số 26/2012/QH13 ngày 22/11/2012 của Quốc hội) thì khoản tiền mà người sử dụng lao động hỗ trợ cho người lao động để phòng chống dịch CCOVID-19 (lấy từ việc giảm đóng vào Quỹ bảo hiểm tai nạn lao động, bệnh nghề nghiệp) là khoản trợ cấp khác không mang tính chất tiền lương, tiền công theo quy định của Chính phủ. Theo đó, trường hợp người sử dụng lao động hỗ trợ toàn bộ số tiền có được từ việc giảm đóng vào Quỹ bảo hiểm tai nạn lao động, bệnh nghề nghiệp cho người lao động phòng, chống COVID-19 theo quy định tại Quyết định số 23/2021/QĐ-TTg thì khoản tiền hỗ trợ này không tính vào thu nhập chịu thuế TNCN của người lao động.",https://chinhsachonline.chinhphu.vn/nhan-ho-tro-do-anh-huong-dich-nguoi-lao-dong-co-phai-dong-thue-62004.htm,out_of_scope,,AI hỗ trợ (Codex); chưa xác nhận bởi người. Thuế TNCN đối với tiền hỗ trợ COVID-19; nguồn tiền từ giảm quỹ TNLĐ chỉ là bối cảnh.,ai_assisted,proposed
121,"Tôi mắc COVID-19 ngày 16/1, điều trị tại nhà và được xác nhận khỏi bệnh ngày 25/1/2022. Sau đó, tôi cách ly tại nhà thêm 7 ngày. Tôi đã hỏi trạm y tế về giấy chứng nhận nghỉ việc hưởng BHXH thì được trả lời không có loại giấy đó. Tôi xin hỏi, trường hợp của tôi phải làm thế nào để được hưởng chế độ ốm đau? Quyết định cách ly và xác nhận hoàn thành cách ly có thay thế được hay không?","Bảo hiểm xã hội Việt Nam trả lời vấn đề này như sau: Tại Khoản 1 Điều 25 Luật BHXH quy định điều kiện hưởng chế độ ốm đau đối với người lao động đang tham gia BHXH là bị ốm đau, tai nạn mà không phải là tai nạn lao động phải nghỉ việc và có xác nhận của cơ sở khám bệnh, chữa bệnh có thẩm quyền theo quy định của Bộ Y tế. Hồ sơ hưởng chế độ ốm đau đối với người lao động bị ốm đau theo quy định tại Khoản 1, 2 Điều 100 Luật BHXH năm 2014; Khoản 1, 2 Điều 21 Thông tư số 56/2017/TT-BYT ngày 29/12/2017 của Bộ Y tế quy định chi tiết thi hành Luật BHXH, Luật An toàn, vệ sinh lao động thuộc lĩnh vực y tế và hướng dẫn của Bộ Y tế tại các Công văn số 1492/KCB-PHCN&GĐ ngày 19/11/2021, số 238/BYT-KCB ngày 14/1/2022, gồm: - Trường hợp điều trị nội trú: Giấy ra viện; - Trường hợp điều trị ngoại trú: Giấy chứng nhận nghỉ việc hưởng BHXH hoặc giấy ra viện có chỉ định của y, bác sĩ điều trị cho nghỉ thêm sau thời gian điều trị nội trú. Căn cứ các quy định nêu trên, quyết định cách ly và giấy xác nhận hoàn thành cách ly không phải là hồ sơ làm căn cứ giải quyết hưởng chế độ ốm đau.",https://chinhsachonline.chinhphu.vn/co-the-nop-xac-nhan-hoan-thanh-cach-ly-de-huong-che-do-om-dau-61381.htm,out_of_scope,,"AI hỗ trợ (Codex); chưa xác nhận bởi người. Giấy nghỉ việc, hồ sơ hoặc quyền hưởng chế độ ốm đau/chăm con theo BHXH, không phải hồ sơ hưởng TNLĐ tại Điều 57.",ai_assisted,proposed
122,"Tôi là giám đốc công ty tài chính. Trong quá trình nghiên cứu Nghị quyết số 68/NQ-CP để áp dụng trong công ty tôi thấy có nội dung sau: ""Người sử dụng lao động hỗ trợ toàn bộ số tiền có được từ việc giảm đóng Quỹ bảo hiểm tai nạn lao động, bệnh nghề nghiệp cho người lao động phòng chống đại dịch COVID-19"". Tôi xin hỏi, số tiền này có được doanh nghiệp hỗ trợ toàn bộ cho người lao động để phòng chống dịch, không dùng để phòng chống dịch trong doanh nghiệp?","Sở Lao động – Thương binh và Xã hội TP. Hà Nội trả lời vấn đề này như sau: Nếu đơn vị đã phòng chống dịch bệnh tốt và đã có các chính sách hỗ trợ cho người lao động phòng chống dịch bệnh rồi, thì có thể không dùng số tiền này để phòng chống dịch.",https://chinhsachonline.chinhphu.vn/tien-tu-giam-dong-quy-bao-hiem-co-phai-dung-de-phong-chong-dich-60006.htm,out_of_scope,,"AI hỗ trợ (Codex); chưa xác nhận bởi người. Cách sử dụng hỗ trợ giảm đóng quỹ thời COVID-19 theo Nghị quyết 68, không phải sử dụng quỹ theo Điều 42.",ai_assisted,proposed
123,"Tôi là giáo viên mầm non, đã đóng BHXH được 17 năm. Vừa qua, tôi bị tai nạn lao động, gãy chân phải mổ bắt ốc, nghỉ theo chế độ ốm đau. Xin hỏi, trong thời gian nghỉ hưởng bảo hiểm tôi có được hưởng các loại phụ cấp như phụ cấp ưu đãi 35%, phụ cấp mầm non 25% không?","Bộ Giáo dục và Đào tạo trả lời vấn đề này như sau: Thông tư liên tịch số 01/2006/TTLT-BGDĐT-BNV-BTC ngày 23/1/2006 của Bộ Giáo dục và Đào tạo, Bộ Nội vụ và Bộ Tài chính hướng dẫn thực hiện Quyết định số 244/2005/QĐ-TTg ngày 6/10/2005 của Thủ tướng Chính phủ về chế độ phụ cấp ưu đãi đối với nhà giáo đang trực tiếp giảng dạy trong các cơ sở giáo dục công lập quy định thời gian không tính hưởng chế độ phụ cấp ưu đãi gồm cả thời gian nghỉ ốm đau, thai sản vượt quá thời hạn theo quy định của Điều lệ BHXH hiện hành. Nghị định số 76/2019/NĐ-CP ngày 8/10/2019 của Chính phủ về chính sách đối với cán bộ, công chức, viên chức, người lao động và người hưởng lương trong lực lượng vũ trang quy định thời gian không được tính hưởng các chế độ phụ cấp, trợ cấp theo quy định tại Nghị định số 76/2019/NĐ-CP gồm cả thời gian nghỉ việc hưởng trợ cấp BHXH theo quy định của pháp luật về BHXH. Căn cứ các quy định nêu trên, nhà giáo trong thời gian nghỉ ốm đau, thai sản (không vượt quá thời hạn theo quy định của Điều lệ BHXH hiện hành) không thuộc đối tượng hưởng phụ cấp ưu đãi theo nghề. Do đặc thù, một số địa phương có chính sách để hỗ trợ thêm cho giáo viên (cụ thể giáo viên đang trực tiếp giảng dạy trong các cơ sở giáo dục mầm non công lập ở TPHCM được hỗ trợ thêm 25%). Bà Nguyễn Thị Mỹ Phượng đang nghỉ theo chế độ ốm đau (không trực tiếp giảng dạy) nên không thuộc đối tượng hỗ trợ thêm 25% theo quy định.",https://chinhsachonline.chinhphu.vn/thoi-gian-nghi-om-dau-co-duoc-huong-phu-cap-nghe-23593.htm,out_of_scope,,"AI hỗ trợ (Codex); chưa xác nhận bởi người. Phụ cấp ưu đãi giáo viên trong thời gian nghỉ hưởng BHXH, thuộc chính sách ngành giáo dục.",ai_assisted,proposed
124,"Tôi xin hỏi, người lao động làm công việc cung cấp thức ăn cho khách trên tàu hỏa bị đột quỵ chết trong giờ làm việc thì có được tính là tai nạn lao động không? Công việc phục vụ hành khách trên các đoàn tàu hỏa có phải công việc nặng nhọc không?","Bộ Lao động – Thương binh và Xã hội trả lời vấn đề này như sau: Trường hợp xác minh người lao động bị chết trong giờ làm việc mà không nằm trong các trường hợp quy định tại Điều 40 Luật An toàn, vệ sinh lao động thì trường hợp đó là tai nạn lao động: “Điều 40. Trường hợp người lao động không được hưởng chế độ từ người sử dụng lao động khi bị tai nạn lao động 1. Người lao động không được hưởng chế độ từ người sử dụng lao động quy định tại Điều 38 và Điều 39 của Luật này nếu bị tai nạn thuộc một trong các nguyên nhân sau: a) Do mâu thuẫn của chính nạn nhân với người gây ra tai nạn mà không liên quan đến việc thực hiện công việc, nhiệm vụ lao động; b) Do người lao động cố ý tự hủy hoại sức khỏe của bản thân; c) Do sử dụng ma túy, chất gây nghiện khác trái với quy định của pháp luật”.",https://chinhsachonline.chinhphu.vn/truong-hop-nao-duoc-xac-dinh-la-tai-nan-lao-dong-23422.htm,multi_intent,,"AI hỗ trợ (Codex); chưa xác nhận bởi người. [CẦN RÀ SOÁT] Hai ý độc lập: xác định tai nạn/chế độ khi đột quỵ (nguồn dẫn Điều 40, C5) và phân loại nghề phục vụ tàu hỏa (Điều 22, C1).",ai_assisted,needs_review
125,"Em của tôi là giáo viên âm nhạc. Do không xin được dạy chính thức ở các trường nên em của tôi ký hợp đồng dạy theo giờ cho các trường tư thục trong tỉnh. Hợp đồng ký từ ngày 1/9 năm trước đến ngày 31/5 năm sau (1 năm học). Thu nhập hàng tháng được tính bằng đơn giá lương giờ nhân với số giờ thực dạy. Nếu thu nhập tại 1 trường lớn hơn 2 triệu đồng/tháng thì trường giữ lại 10% để nộp thuế TNCN và cuối năm phát biên lai thuế thu nhập cho em tôi. Vậy, nếu em tôi muốn đóng BHXH thì đóng như thế nào? Trường nào có trách nhiệm kê khai và đóng BHXH cho em tôi và mức lương nào dùng làm căn cứ để đóng BHXH?","BHXH Việt Nam trả lời vấn đề này như sau: Căn cứ quy định tại Điểm a, Điểm b Khoản 1 Điều 2; Khoản 1, Khoản 2 Điều 21 Luật BHXH năm 2014 ; Điểm a Khoản 1 Điều 12 Văn bản hợp nhất Luật BHYT số 01/VBHN-VPQH ngày 10/7/2014; Khoản 1 Điều 43 Luật Việc làm ; Khoản 2 Điều 17 Nghị định số 115/2015/NĐ-CP ngày 11/11/2015 của Chính phủ quy định chi tiết một số điều của Luật BHXH về BHXH bắt buộc; Khoản 2 Điều 3 Văn bản hợp nhất Luật BHYT số 01/VBHN-VPQH ngày 10/7/2014; Khoản 2 Điều 58 Luật Việc làm; Điều 21 Nghị định số 05/2015/NĐ-CP ngày 12/1/2015 của Chính phủ quy định chi tiết và hướng dẫn thi hành một số nội dung của Bộ luật Lao động thì người làm việc theo hợp đồng lao động không xác định thời hạn, hợp đồng lao động có thời hạn từ đủ 1 tháng trở lên thuộc đối tượng tham gia BHXH bắt buộc, bảo hiểm tai nạn lao động – bệnh nghề nghiệp; người làm việc theo hợp đồng lao động không xác định thời hạn, hợp đồng lao động có thời hạn từ đủ 3 tháng trở lên thuộc đối tượng tham gia BHYT, BHTN; tiền lương làm căn cứ đóng BHXH, BHYT, BHTN là mức lương, phụ cấp lương và các khoản bổ sung khác theo quy định của pháp luật về lao động ghi trong hợp đồng lao động, trong đó: Mức lương theo công việc hoặc chức danh là mức lương trong thang lương, bảng lương do người sử dụng lao động xây dựng theo quy định tại Điều 93 của Bộ luật Lao động. Mức lương đối với công việc đơn giản nhất trong điều kiện lao động và thời giờ làm việc bình thường không được thấp hơn mức lương tối thiểu vùng do Chính phủ quy địn",https://chinhsachonline.chinhphu.vn/lam-viec-tai-nhieu-noi-dong-bhxh-the-nao-23343.htm,out_of_scope,,"AI hỗ trợ (Codex); chưa xác nhận bởi người. Hỏi đóng/hoàn trả/giải quyết BHXH, BHYT, BHTN nói chung hoặc hợp đồng lao động; không chỉ chế độ BH TNLĐ-BNN trong Điều 1–62.",ai_assisted,proposed
126,"Bố tôi còn 1 tháng nữa là đủ 60 tuổi và có quá trình tham gia BHXH bắt buộc trên 20 năm. Hiện tại bố tôi còn khỏe, chưa muốn hưởng lương hưu và muốn tiếp tục đi làm. Công ty nhận thấy người lao động có kinh nghiệm và đủ sức khỏe để bố trí làm việc và ký kết HĐLĐ không thời hạn tiếp mặc dù bố tôi đã đủ tuổi hưu. Trường hợp này bố tôi có thể ký tiếp HĐLĐ và không nộp hồ sơ hương lương hưu thì có được không? Nếu bố tôi và công ty ký kết HĐLĐ, tạm thời chưa làm hồ sơ hưởng lương hưu thì có thể tiếp tục tham gia BHXH bắt buộc tại công ty không hoặc có thể đóng bảo hiểm tai nạn lao động - bệnh nghề nghiệp không?","BHXH TPHCM trả lời vấn đề này như sau: Trường hợp bố bà đủ điều kiện tuổi đời (60 tuổi) hiện tại, nhưng vẫn còn đủ sức khỏe để tiếp tục làm việc. Trường hợp này nếu đơn vị căn cứ quy định của Bộ Luật lao động để thực hiện tiếp tục HĐLD, tiếp tục tham gia BHXH bắt buộc theo quy định đầy đủ các loại chế độ BHXH. Nếu tiếp tục làm việc thì bố bà không được giải quyết chế độ hưu trí, nếu giải quyết là sai quy định.",https://chinhsachonline.chinhphu.vn/du-dieu-kien-ve-huu-co-can-dong-tiep-bhxh-bat-buoc-khong-23338.htm,out_of_scope,,"AI hỗ trợ (Codex); chưa xác nhận bởi người. Hỏi đóng/hoàn trả/giải quyết BHXH, BHYT, BHTN nói chung hoặc hợp đồng lao động; không chỉ chế độ BH TNLĐ-BNN trong Điều 1–62.",ai_assisted,proposed
127,"Nhân viên công ty của tôi đi khám hiếm muộn, bác sĩ yêu cầu phải mổ. Vậy, nhân viên này nghỉ làm nhập viện thì có được BHXH chi trả không?","BHXH Việt Nam trả lời vấn đề này như sau: Tại Điều 25 Luật BHXH quy định điều kiện hưởng chế độ ốm đau đối với người lao động đang tham gia BHXH là: Bị ốm đau, tai nạn mà không phải là tai nạn lao động phải nghỉ việc và có xác nhận của cơ sở khám bệnh, chữa bệnh có thẩm quyền theo quy định của Bộ Y tế. Trường hợp nhân viên của công ty bà bị ốm đau, phải nghỉ việc để điều trị bệnh tại cơ sở khám bệnh, chữa bệnh và được cơ sở khám bệnh, chữa bệnh cấp Giấy ra viện (đối với trường hợp điều trị nội trú) hoặc Giấy chứng nhận nghỉ việc hưởng BHXH (đối với trường hợp điều trị ngoại trú) theo đúng quy định tại Thông tư số 56/2017/TT-BYT ngày 29/12/2017 của Bộ Y tế quy định chi tiết một số điều của Luật BHXH, Luật An toàn, vệ sinh lao động thuộc lĩnh vực y tế thì được hưởng chế độ ốm đau theo quy định của Luật BHXH.",https://chinhsachonline.chinhphu.vn/cac-truong-hop-om-dau-duoc-bhxh-chi-tra-22747.htm,out_of_scope,,"AI hỗ trợ (Codex); chưa xác nhận bởi người. Giấy nghỉ việc, hồ sơ hoặc quyền hưởng chế độ ốm đau/chăm con theo BHXH, không phải hồ sơ hưởng TNLĐ tại Điều 57.",ai_assisted,proposed
128,"Do nhu cầu sản xuất, công ty của tôi có giai đoạn sẽ chuyển công nhân làm việc ở các bộ phận khác nhau. Khi công nhân được chuyển làm ở vị trí công việc có trong danh mục nghề nặng nhọc, độc hại, nguy hiểm thì sẽ được hưởng thêm 5% trợ cấp. Ngược lại, khi công nhân chuyển về bộ phận với điều kiện môi trường làm việc bình thường, không thuộc danh mục nghề nặng nhọc, độc hại thì không được hưởng phần trợ cấp này. Xin hỏi, việc chuyển công nhân qua công việc mới mà công việc này không thuộc danh mục công việc nặng nhọc, độc hại dẫn đến không chi trả khoản trợ cấp nặng nhọc, độc hại này thì có được xem là công ty vi phạm ""tiền lương công việc mới thấp hơn tiền lương công việc cũ"" khi điều chuyển công nhân như quy định tại Điều 31 Bộ luật Lao động hay không?","Bộ Lao động – Thương binh và Xã hội trả lời vấn đề này như sau: Theo quy định tại Khoản 1 và Khoản 3, Điều 31 của Bộ luật Lao động năm 2012 thì khi gặp khó khăn đột xuất do thiên tai, hoả hoạn, dịch bệnh, áp dụng biện pháp ngăn ngừa, khắc phục tai nạn lao động, bệnh nghề nghiệp, sự cố điện, nước hoặc do nhu cầu sản xuất, kinh doanh, người sử dụng lao động được quyền tạm thời chuyển người lao động làm công việc khác so với hợp đồng lao động, nhưng không được quá 60 ngày làm việc cộng dồn trong một năm, trừ trường hợp được sự đồng ý của người lao động. Người lao động làm công việc khác so với hợp đồng lao động được trả lương theo công việc mới; nếu tiền lương của công việc mới thấp hơn tiền lương công việc cũ thì được giữ nguyên mức tiền lương cũ trong thời hạn 30 ngày làm việc. Tiền lương theo công việc mới ít nhất phải bằng 85% mức tiền lương công việc cũ nhưng không thấp hơn mức lương tối thiểu vùng do Chính phủ quy định.",https://chinhsachonline.chinhphu.vn/chuyen-cong-viec-khac-co-duoc-giu-nguyen-luong-22667.htm,out_of_scope,,"AI hỗ trợ (Codex); chưa xác nhận bởi người. Hỏi tiền lương, phụ cấp, làm thêm giờ hoặc lương khi điều chuyển; thuộc Bộ luật Lao động/BHXH, không phải chế độ trong Điều 1–62.",ai_assisted,proposed
129,Cháu tôi đang hưởng chế độ tử tuất hàng tháng do bố bị tai nạn lao động mất. Vậy xin hỏi cháu tôi có thuộc đối tượng hưởng trợ cấp do dịch Covid-19 không?,"Bộ Lao động – Thương binh và Xã hội trả lời vấn đề này như sau: Theo quy định tại Nghị quyết số 42/NQ-CP ngày 9/4/2020 của Chính phủ về các biện pháp hỗ trợ người dân gặp khó khăn do đại dịch Covid-19 và Quyết định số 15/2020/QĐ-TTg ngày 24/4/2020 của Thủ tướng Chính phủ quy định về việc thực hiện các chính sách hỗ trợ người dân gặp khó khăn do đại dịch Covid-19 thì các đối tượng được hỗ trợ bao gồm: - Người lao động làm việc theo chế độ hợp đồng lao động phải thỏa thuận tạm hoãn thực hiện hợp đồng lao động; - Người sử dụng lao động có khó khăn về tài chính và đã trả trước tối thiểu 50% lương ngừng việc cho người lao động; - Hộ kinh doanh cá thể có doanh thu khai thuế dưới 100 triệu đồng/năm; - Người lao động bị chấm dứt hợp đồng lao động, hợp đồng làm việc nhưng không đủ điều kiện hưởng trợ cấp thất nghiệp; - Người lao động không có giao kết hợp đồng lao động bị mất việc làm; - Người có công với cách mạng đang hưởng trợ cấp ưu đãi hàng tháng; - Đối tượng bảo trợ xã hội đang hưởng trợ cấp xã hội hàng tháng; - Hộ nghèo, hộ cận nghèo theo chuẩn nghèo quốc gia. Do vậy, trường hợp người cháu của ông đang hưởng chế độ tuất hàng tháng nếu thuộc một trong các đối tượng nêu trên thì được hỗ trợ theo Nghị quyết số 42/NQ-CP và Quyết định số 15/2020/QĐ-TTg.",https://chinhsachonline.chinhphu.vn/dang-huong-tro-cap-tuat-co-duoc-nhan-ho-tro-do-anh-huong-cua-dich-covid-19-22597.htm,out_of_scope,,"AI hỗ trợ (Codex); chưa xác nhận bởi người. Đối tượng hỗ trợ COVID-19 theo Nghị quyết 42/Quyết định 15, không phải trợ cấp TNLĐ.",ai_assisted,proposed
130,"Tôi làm việc không may bị rắn cắn, chi phí điều trị ở trại rắn Quân đội là 2 triệu đồng. Khi tôi xuất viện thì được cơ quan BHXH tư vấn là không thuộc diện chi trả theo trường hợp tai nạn lao động. Tôi công tác và đóng BHXH, BHYT liên tục đến nay được 26 năm, vậy tôi phải làm thế nào để được thanh toán chi phí này?","BHXH Việt Nam trả lời vấn đề này như sau: Điều 25 Luật BHXH quy định điều kiện hưởng chế độ ốm đau là: Bị ốm đau, tai nạn mà không phải là tai nạn lao động phải nghỉ việc và có xác nhận của cơ sở khám bệnh, chữa bệnh có thẩm quyền theo quy định của Bộ Y tế. Hồ sơ hưởng chế độ ốm đau đối với người lao động bị ốm đau theo quy định tại khoản 1, 2 Điều 100 Luật BHXH; khoản 1, 2 Điều 21 Thông tư số 56/2017/TT-BYT, gồm: - Trường hợp điều trị nội trú: Giấy ra viện. - Trường hợp điều trị ngoại trú: Giấy chứng nhận nghỉ việc hưởng BHXH; hoặc giấy ra viện có chỉ định của y, bác sỹ điều trị cho nghỉ thêm sau thời gian điều trị nội trú. Trường hợp của bà nếu không được xác định là tai nạn lao động và bà phải nghỉ việc để điều trị và có đủ hồ sơ theo quy định nêu trên thì bà được hưởng chế độ ốm đau trong những ngày điều trị theo chỉ định của cơ sở khám bệnh, chữa bệnh có thẩm quyền (cơ sở khám bệnh, chữa bệnh có thẩm quyền theo quy định tại Điều 15, Điều 20 Thông tư số 56/2017 ngày 29/12/2017 của Bộ Y tế quy định chi tiết thi hành Luật BHXH, Luật An toàn vệ sinh lao động thuộc lĩnh vực y tế). Trường hợp của bà nếu được xác định là tai nạn lao động thì đơn vị sử dụng lao động có trách nhiệm thanh toán chi phí y tế từ khi sơ cứu, cấp cứu đến khi điều trị ổn định cho người bị tai nạn lao động như sau: Thanh toán phần chi phí đồng chi trả và những chi phí không nằm trong danh mục do BHYT chi trả đối với người lao động tham gia BHYT. Khi bà điều trị tại cơ sở khám bệnh, chữa bệnh có thẩm quyề",https://chinhsachonline.chinhphu.vn/duoc-giai-quyet-che-do-om-dau-hay-tai-nan-lao-dong-22089.htm,out_of_scope,,"AI hỗ trợ (Codex); chưa xác nhận bởi người. [CẦN RÀ SOÁT] Nguồn xử lý theo chế độ ốm đau và hồ sơ BHXH, không xác nhận TNLĐ; hỏi thanh toán chi phí dễ nhầm Điều 38. Hai câu gần trùng nội dung; cần rà lại tính phù hợp của nguồn.",ai_assisted,needs_review
131,"Công ty tôi có một nhân viên bị tai nạn lao động. Tỷ lệ thương tật là 34% vì vậy được nhận trợ cấp hàng tháng. Tôi muốn hỏi, trợ cấp hàng tháng này sẽ kéo dài đến thời gian nào?","BHXH TPHCM trả lời vấn đề này như sau: Người lao động được hưởng trợ cấp hàng tháng sẽ được quỹ tai nạn lao động, bệnh nghề nghiệp chi trả cho đến lúc chết.",https://chinhsachonline.chinhphu.vn/thoi-gian-huong-che-do-tai-nan-lao-dong-la-bao-lau-22034.htm,in_scope,49,"AI hỗ trợ (Codex); chưa xác nhận bởi người. [CẦN RÀ SOÁT] Hỏi thời gian hưởng trợ cấp TNLĐ hằng tháng; ánh xạ Điều 49. Câu trả lời nguồn không nêu Điều và có phát biểu khái quát, cần người kiểm tra trước dùng làm nhãn chuẩn.",ai_assisted,needs_review
132,"Công ty tôi có lao động đang hưởng lương hưu, theo quy định công ty đã trả lại phần đóng BHXH, BHTN, BHYT cho người lao động. Hiện người lao động đề nghị công ty phải đóng 0.5% tiền bảo hiểm tai nạn lao động, bệnh nghề nghiệp. Xin hỏi, yêu cầu này của người lao động là đúng hay sai?","BHXH TP Hồ Chí Minh trả lời vấn đề này như sau: Khoản 1 Điều 43 Luật An toàn, vệ sinh lao động số 84/2015/QH13 quy định: “Đối tượng áp dụng chế độ bảo hiểm tai nạn lao động, bệnh nghề nghiệp theo quy định tại Mục này là người lao động tham gia bảo hiểm xã hội bắt buộc theo quy định tại các điểm a, b, c, d, đ, e và h khoản 1 Điều 2 và người sử dụng lao động quy định tại khoản 3 Điều 2 của Luật BHXH”. Ngoài ra khoản 9 Điều 123 Luật BHXH số 58/2014/QH13 quy định: “Người hưởng lương hưu, trợ cấp bảo hiểm xã hội, trợ cấp hằng tháng mà đang giao kết hợp đồng lao động thì không thuộc đối tượng tham gia BHXH bắt buộc”. Căn cứ các quy định trên thì người lao động đang hưởng lương hưu thì không thuộc đối tượng đóng bảo hiểm tai nạn lao động, bệnh nghề nghiệp.",https://chinhsachonline.chinhphu.vn/nguoi-huong-luong-huu-giao-ket-hdld-co-phai-dong-bao-hiem-21933.htm,in_scope,43,AI hỗ trợ (Codex); chưa xác nhận bởi người. Hỏi người đang hưởng lương hưu đi làm có thuộc đối tượng BH TNLĐ; nguồn dẫn Điều 43 cùng Luật BHXH.,ai_assisted,proposed
133,"Tôi làm việc, bị rắn cắn, chi phí điều trị ở trại rắn Quân đội tỉnh Tiền Giang hết 2 triệu đồng. Khi xuất viện, tôi đã hỏi cơ quan BHXH và được cho biết, trường hợp của tôi không thuộc diện tai nạn lao động để chi trả. Tôi đóng BHXH, BHYT liên tục đến nay được 26 năm, vậy tôi phải làm thế nào để được thanh toán chi phí này?","BHXH Việt Nam trả lời vấn đề này như sau: Tại Điều 25 Luật BHXH quy định điều kiện hưởng chế độ ốm đau là: Bị ốm đau, tai nạn mà không phải là tai nạn lao động phải nghỉ việc và có xác nhận của cơ sở khám bệnh, chữa bệnh có thẩm quyền theo quy định của Bộ Y tế. Hồ sơ hưởng chế độ ốm đau đối với người lao động bị ốm đau theo quy định tại Khoản 1, 2 Điều 100 Luật BHXH; Khoản 1, 2 Điều 21 Thông tư số 56/2017/TT-BYT, gồm: - Trường hợp điều trị nội trú: Giấy ra viện. - Trường hợp điều trị ngoại trú: Giấy chứng nhận nghỉ việc hưởng BHXH, hoặc giấy ra viện có chỉ định của y, bác sỹ điều trị cho nghỉ thêm sau thời gian điều trị nội trú. Trường hợp của ông nếu không được xác định là tai nạn lao động và ông phải nghỉ việc để điều trị và có đủ hồ sơ theo quy định nêu trên thì ông được hưởng chế độ ốm đau trong những ngày điều trị theo chỉ định của cơ sở khám bệnh, chữa bệnh có thẩm quyền (cơ sở khám bệnh, chữa bệnh có thẩm quyền theo quy định tại Điều 15, Điều 20 Thông tư số 56/2017/TT-BYT ngày 29/12/2017 của Bộ Y tế quy định chi tiết thi hành Luật BHXH, Luật An toàn vệ sinh lao động thuộc lĩnh vực y tế). Trường hợp của ông nếu được xác định là tai nạn lao động thì đơn vị sử dụng lao động có trách nhiệm thanh toán chi phí y tế từ khi sơ cứu, cấp cứu đến khi điều trị ổn định cho người bị tai nạn lao động như sau: Thanh toán phần chi phí đồng chi trả và những chi phí không nằm trong danh mục do BHYT chi trả đối với người lao động tham gia BHYT. Khi ông điều trị tại cơ sở khám bệnh, chữa b",https://chinhsachonline.chinhphu.vn/dieu-kien-thanh-toan-chi-phi-theo-che-do-om-dau-21929.htm,out_of_scope,,"AI hỗ trợ (Codex); chưa xác nhận bởi người. [CẦN RÀ SOÁT] Nguồn xử lý theo chế độ ốm đau và hồ sơ BHXH, không xác nhận TNLĐ; hỏi thanh toán chi phí dễ nhầm Điều 38. Hai câu gần trùng nội dung; cần rà lại tính phù hợp của nguồn.",ai_assisted,needs_review
134,"Tôi sinh tháng 10 năm 1966, làm thủ quỹ tại Ngân hàng. Tôi định xin nghỉ hưu trước tuổi do bị tai nạn lao động, làm giảm khả năng lao động không thể phục hồi. Vậy, tôi có đủ điều kiện nghỉ hưu và có bị giảm trừ tỷ lệ lương hưu không? Tính đến tháng 8/2019, tôi có thời gian đóng BHXH vào quỹ hưu trí, tử tuất là 35 năm 8 tháng và thời gian đóng BHTN vào quỹ BHTN là 10 năm 8 tháng .","Bảo hiểm xã hội TPHCM trả lời vấn đề này như sau: Tại điểm b khoản 1 Điều 54 Luật BHXH năm 2014 quy định điều kiện hưởng lương hưu trước tuổi: Nam 55 tuổi đến đủ 60 tuổi, nữ từ 50 tuổi đến đủ 55 tuổi và có 15 năm làm nghề hoặc công việc nặng nhọc độc hại, nguy hiểm hoặc đặc biệt nặng nhọc độc hại, nguy hiểm thuộc danh mục do Bộ Lao động - Thương binh và Xã hội, Bộ Y tế ban hành. Căn cứ vào quy định nêu trên và công việc nặng nhọc độc hại (thủ quỹ Ngân hàng) trường hợp của bà thuộc đối tượng nghỉ hưu trước tuổi. Đủ điều kiện nghỉ hưu trước tuổi không phải trừ tỷ lệ lương hưu.",https://chinhsachonline.chinhphu.vn/du-dieu-kien-nghi-huu-truoc-tuoi-khong-phai-tru-ty-le-luong-huu-21874.htm,out_of_scope,,"AI hỗ trợ (Codex); chưa xác nhận bởi người. Trọng tâm là điều kiện, tuổi, mức hưởng hoặc thủ tục hưu trí/nghỉ việc theo BHXH và chính sách tinh giản; không phải chế độ TNLĐ-BNN.",ai_assisted,proposed
135,"Tôi ký hợp đồng lao động đồng thời tại 2 công ty. Tại công ty cũ, tôi xin nghỉ không lương tháng 1, 2/2019, kết thúc hợp đồng ngày 24/2/2019. Tôi làm việc tại công ty mới từ ngày 2/1/2019. Hiện tại công ty cũ không chốt được sổ BHXH cho tôi đến tháng 2/2019 vì bên công ty mới đã đóng trùng BHXH tháng 1, 2/2019. Trong 2 tháng đó, công ty cũ không đóng BHXH cho tôi vì tôi nghỉ không lương. Xin hỏi, trong trường hợp này thì tôi cần thoái thu BHXH ở công ty nào? Thủ tục như thế nào?","BHXH Việt Nam trả lời vấn đề này như sau: Căn cứ quy định tại Điểm a, Điểm b, Khoản 1, Điều 2; Khoản 3, Điều 85; Khoản 4 Điều 86 Luật BHXH năm 2014; Điều 43 Luật An toàn, Vệ sinh lao động ; Khoản 1 Điều 4 Nghị định số 44/2013/NĐ-CP , người lao động giao kết hợp đồng lao động với nhiều người sử dụng lao động mà người lao động và người sử dụng lao động thuộc đối tượng tham gia BHXH bắt buộc thì người lao động và người sử dụng lao động tham gia BHXH bắt buộc (vào quỹ ốm đau, thai sản, hưu trí và tử tuất) của hợp đồng lao động giao kết đầu tiên, tham gia bảo hiểm tai nạn lao động, bệnh nghề nghiệp theo từng hợp đồng lao động, người lao động không làm việc và không hưởng tiền lương từ 14 ngày làm việc trở lên trong tháng thì cả người lao động và người sử dụng lao động không đóng BHXH tháng đó. Đối chiếu quy định nêu trên, trường hợp của ông Hiếu ký hợp đồng lao động đồng thời tại 2 công ty, công ty cũ nghỉ không hưởng lương từ tháng 1/2019 và công ty mới giao kết hợp đồng lao động từ ngày 2/1/2019 thì công ty cũ báo giảm tham gia BHXH, BHYT, BHTN để công ty mới đăng ký tham gia BHXH, BHYT, BHTN từ tháng 1/2019 đối với ông Hiếu. Thủ tục báo tăng hoặc giảm lao động tham gia BHXH bắt buộc là danh sách lao động tham gia BHXH, BHYT, BHTN, bảo hiểm tai nạn lao động, bệnh nghề nghiệp (Mẫu D02-TS ban hành kèm theo Quyết định số 595/QĐ-BHXH ngày 14/4/2017 của Tổng Giám đốc BHXH Việt Nam).",https://chinhsachonline.chinhphu.vn/ky-hop-dong-lao-dong-tai-hai-cong-ty-dong-bhxh-the-nao-21865.htm,out_of_scope,,"AI hỗ trợ (Codex); chưa xác nhận bởi người. Hỏi đóng/hoàn trả/giải quyết BHXH, BHYT, BHTN nói chung hoặc hợp đồng lao động; không chỉ chế độ BH TNLĐ-BNN trong Điều 1–62.",ai_assisted,proposed
136,"Công ty tôi có người lao động tham gia BHXH bắt buộc được 2 năm. Vừa qua, lao động này bị tai nạn lao động và qua đời. Vậy, ngoài trợ cấp tuất thì nhân thân có được hưởng chế độ BHXH một lần không?","BHXH TP. Hồ Chí Minh trả lời vấn đề này như sau: Người lao động đang tham gia BHXH bắt buộc chết do tai nạn lao động thì thân nhân sẽ được hưởng trợ cấp như sau: - Trợ cấp mai táng bằng 10 tháng lương cơ sở tại tháng mà người lao động chết. - Trợ cấp tuất hằng tháng hoặc một lần: Trợ cấp tuất hằng tháng đối với con dưới 18 tuổi; vợ hoặc chồng; cha mẹ ruột hoặc cha mẹ vợ hoặc chồng hoặc người khác mà người lao động có trách nhiệm nuôi dưỡng khi còn sống hết tuổi lao động không có mức thu nhập hằng tháng hoặc có mức thu nhập hằng tháng dưới mức lương cơ sở. Trường hợp thân nhân chưa hết tuổi lao động thì phải có mức suy giảm khả năng lao động từ 81% trở lên. Mức hưởng trợ cấp tuất hằng tháng bằng 50% mức lương cơ sở. Hưởng tối đa 4 định suất. Trợ cấp tuất một lần, nếu thân nhân đủ điều kiện hưởng trợ cấp tuất hằng tháng mà có nguyện vọng nhận trợ cấp tuất một lần (trừ trường hợp người lao động có con dưới 6 tuổi hoặc vợ, chồng có mức suy giảm khả năng lao động 81% trở lên). Mức trợ cấp tuất một lần được tính theo số năm đóng BHXH, cứ mỗi năm tính bằng 1,5 tháng lương bình quân tiền lương tháng đóng BHXH cho những năm đóng BHXH trước năm 2014; bằng 2 tháng lương bình quân tiền lương tháng đóng BHXH cho các năm đóng BHXH từ năm 2014 trở đi; mức thấp nhất bằng 3 tháng lương bình quân. Trợ cấp một lần khi chết do tai nạn lao động, bằng 36 tháng lương cơ sở. Nếu thân nhân đã được giải quyết hưởng trợ cấp tuất thì không được giải quyết hưởng trợ cấp 1 lần.",https://chinhsachonline.chinhphu.vn/da-nhan-tro-cap-tuat-co-duoc-huong-bhxh-mot-lan-21747.htm,out_of_scope,,AI hỗ trợ (Codex); chưa xác nhận bởi người. [CẦN RÀ SOÁT] Mệnh đề hỏi là có nhận thêm BHXH một lần ngoài trợ cấp tuất hay không. Nguồn có nhắc trợ cấp chết do TNLĐ tương ứng Điều 53 nhưng đó không phải BHXH một lần; cần người chốt ranh giới.,ai_assisted,needs_review
137,"Tỷ lệ đóng BHXH hiện nay là bao nhiêu? Theo tôi được biết, mức đóng là 32%. Trong khi đó năm 2018, công ty đóng cho tôi ghi trong sổ là BHXH 22%, ốm đau thai sản 3%, TNLĐ-BNN 0,5%, BHTN 3%, tổng cộng 28,5%. Vậy, tỷ lệ này có đúng quy định không?","BHXH tỉnh Bình Dương trả lời vấn đề này như sau: Căn cứ vào Luật An toàn, vệ sinh lao động 2015, Luật BHXH năm 2014, Luật Việc làm năm 2013, Nghị định 146/2018/NĐ-CP , Nghị định 44/2017/NĐ-CP , Nghị định 143/2018/NĐ-CP , Quyết định 595/QĐ-BHXH ngày 14/4/2017 thì mức đóng BHXH bắt buộc đóng vào quỹ hưu trí, tử tuất (HT); quỹ ốm đau, thai sản (ÔĐ); quỹ bảo hiểm tai nạn lao động, bệnh nghề nghiệp (LĐ); quỹ bảo hiểm thất nghiệp (BHTN); quỹ bảo hiểm y tế (BHYT) được thực hiện theo bảng dưới đây: Người sử dụng lao động Người lao động BHXH LĐ BHTN BHYT BHXH LĐ BHTN BHYT HT ÔĐ HT ÔĐ 14% 3% 0,5% 1% 3% 8% - - 1% 1,5% 21,5% 10,5% Tổng cộng 32%",https://chinhsachonline.chinhphu.vn/ty-le-dong-bhxh-cua-doanh-nghiep-va-nguoi-lao-dong-21656.htm,out_of_scope,,"AI hỗ trợ (Codex); chưa xác nhận bởi người. Hỏi đóng/hoàn trả/giải quyết BHXH, BHYT, BHTN nói chung hoặc hợp đồng lao động; không chỉ chế độ BH TNLĐ-BNN trong Điều 1–62.",ai_assisted,proposed
138,"Điều 38 Luật An toàn, vệ sinh lao động quy định, người sử dụng lao động có trách nhiệm: “2. Thanh toán chi phí y tế từ khi sơ cứu, cấp cứu đến khi điều trị ổn định cho người bị tai nạn lao động hoặc bệnh nghề nghiệp như sau: a) Thanh toán phần chi phí đồng chi trả và những chi phí không nằm trong danh mục do BHYT chi trả đối với người lao động tham gia BHYT”. Tôi xin hỏi, cụm từ “đến khi điều trị ổn định” được xác định đến thời điểm nào? Người lao động đi khám trái tuyến, hoặc điều trị ở những bệnh viện không ký hợp đồng khám chữa bệnh BHYT nên chi phí điều trị rất cao thì công ty vẫn phải thanh toán toàn bộ phần chi phí đồng chi trả và những chi phí không được bảo hiểm thanh toán có đúng không?","Bộ Lao động – Thương binh và Xã hội trả lời vấn đề này như sau: Theo quy định tại Khoản 4, Điều 85 Luật An toàn, vệ sinh lao động thì Bộ Y tế có trách nhiệm hướng dẫn việc giám định mức suy giảm khả năng lao động, điều trị phục hồi chức năng lao động đối với người lao động bị tai nạn lao động. Vì vậy, đề nghị bà liên hệ với Bộ Y tế để được hướng dẫn xác định thời điểm điều trị ổn định. Người lao động tham gia BHYT đi khám trái tuyến hoặc điều trị ở những bệnh viện không ký hợp đồng khám chữa bệnh BHYT theo Luật BHYT đề nghị bà liên hệ với Bộ Y tế để được hướng dẫn trường hợp này có được chi trả từ BHYT không. Điểm a, Khoản 2, Điều 38 Luật An toàn, vệ sinh lao động quy định, người sử dụng lao động có trách nhiệm thanh toán chi phí đồng chi trả và những chi phí không nằm trong danh mục do BHYT chi trả đối với người tham gia BHYT. Do đó, việc xác định chi trả từ phía người sử dụng lao động căn cứ vào mức chi trả từ BHYT cho người lao động có tham gia BHYT.",https://chinhsachonline.chinhphu.vn/trach-nhiem-chi-tra-chi-phi-kcb-khi-bi-tai-nan-lao-dong-21654.htm,in_scope,38,"AI hỗ trợ (Codex); chưa xác nhận bởi người. [CẦN RÀ SOÁT] Hỏi phạm vi chi phí y tế NSDLĐ phải thanh toán; khoản 2 Điều 38. Xác định điều trị ổn định/BHYT cần quy định bổ sung, nguồn chưa giải đáp đầy đủ.",ai_assisted,needs_review
139,"Anh ruột của tôi sinh ngày 23/7/1966, đóng BHXH được 30 năm, BHTN được 3 năm 1 tháng, bảo hiểm tai nạn lao động-bệnh nghề nghiệp được 30 năm 1 tháng. Anh của tôi có 15 năm làm công việc độc hại, nặng nhọc, bị suy giảm khả năng lao động 61%. Vậy, trong năm 2018, anh của tôi có đủ điều kiện hưởng lương hưu đối với trường hợp suy giảm khả năng lao động hay không? Nếu được thì mức lương hưu là bao nhiêu %?","BHXH Việt Nam trả lời vấn đề này như sau: Điều kiện về tuổi đời để hưởng lương hưu khi suy giảm khả năng lao động theo quy định tại Điểm a, Khoản 1, Điều 55 Luật BHXH năm 2014 và Khoản 1, Điều 16 Thông tư số 59/2015/TT-BLĐTBXH ngày 29/12/2015 của Bộ Lao động – Thương binh và Xã hội, nếu hưởng lương hưu năm 2018 thì lao động nam phải đủ 53 tuổi, nữ phải đủ 48 tuổi. Trường hợp anh của ông Hồng đã đủ điều kiện về thời gian đóng BHXH (30 năm đóng BHXH), bị suy giảm khả năng lao động 61%. Tuy nhiên năm 2018, anh của ông 52 tuổi do đó chưa đủ điều kiện về tuổi đời để hưởng lương hưu khi suy giảm khả năng lao động.",https://chinhsachonline.chinhphu.vn/dieu-kien-ve-tuoi-doi-khi-nghi-huu-do-suy-giam-kha-nang-lao-dong-21076.htm,out_of_scope,,"AI hỗ trợ (Codex); chưa xác nhận bởi người. Trọng tâm là điều kiện, tuổi, mức hưởng hoặc thủ tục hưu trí/nghỉ việc theo BHXH và chính sách tinh giản; không phải chế độ TNLĐ-BNN.",ai_assisted,proposed
140,"Khoản 2 Điều 2 Thông tư liên tịch số 02/2012/TTLT-BYT-BNV-BTC ngày 19/1/2012 của liên Bộ Y tế, Bộ Nội vụ và Bộ Tài chính hướng dẫn thực hiện Nghị định số 56/2011/NĐ-CP quy định đối tượng áp dụng phụ cấp ưu đãi theo nghề: ""2. Công chức, viên chức trực tiếp làm chuyên môn y tế (xếp lương không có 2 chữ số đầu của mã ngạch 16 hoặc 13), đang đảm nhận các công việc sau: a) Vận hành, bảo dưỡng trang thiết bị y tế; b) Nuôi, trồng động vật, thực vật, côn trùng thí nghiệm phục vụ nghiên cứu y dược học; c) Làm chuyên môn y tế để thực hiện các công việc truyền thông giáo dục sức khoẻ"". Tuy nhiên không thấy Thông tư quy định đối với công chức, viên chức trực tiếp làm chuyên môn y tế (xếp lương không có 2 chữ số đầu của mã ngạch 16 hoặc 13) đang đảm nhận các công việc quy định tại Khoản 1 Điều 2 của Thông tư. Tôi xin hỏi, công chức, viên chức không có 2 chữ số đầu của mã ngạch 16 hoặc 13, trực tiếp làm chuyên môn y tế thì được hưởng chế độ phụ cấp ưu đãi nghề như thế nào? Cụ thể, mã ngạch 06.031, kế toán viên làm việc tại Khoa Kiểm dịch y tế biên giới. Công việc: Thu, nộp giá dịch vụ kiểm dịch y tế; khử trùng phương tiện đường bộ qua lại biên giới; thực hiện các biện pháp xử lý y tế đối với các đối tượng miểm dịch y tế theo quy định hiện hành và các công việc khác do trưởng khoa phân công. Mã ngạch 01.003, chuyên viên (chuyên ngành khoa học môi trường) làm việc tại Khoa Sức khỏe môi trường – Y tế trường học – Bệnh nghề nghiệp. Công việc: Thực hiện các hoạt động phòng, chống các yếu tố môi trường, biến đổi khí hậu tác động tới sức khỏe cộng đồng; việc bảo vệ môi trường đối với các cơ sở y tế, môi trường điều kiện vệ sinh lao động, chất lượng nước ăn uống và nước sinh hoạt, vệ sinh nhà tiêu hộ gia đình; môi trường điều kiện vệ sinh trường học; phòng chống thiên tai thảm họa, tai nạn thương tích và các công việc khác do trưởng khoa phân công.","Bộ Y tế trả lời vấn đề này như sau: Hiện nay, chế độ phụ cấp ưu đãi theo nghề đối với công chức, viên chức công tác tại các cơ sở y tế công lập thực hiện theo quy định tại Nghị định số 56/2011/NĐ-CP ngày 4/7/2011 của Chính phủ, Thông tư liên tịch số 02/2012/TTLT-BYT-BNV-BTC ngày 19/1/2012 của Bộ Y tế, Bộ Nội vụ, Bộ Tài chính hướng dẫn thực hiện Nghị định số 56/2011/NĐ-CP, Nghị định số 05/2023/NĐ-CP ngày 15/2/2023 của Chính phủ sửa đổi, bổ sung một số điều của Nghị định số 56/2011/NĐ-CP. Điểm b Khoản 5, Khoản 6 Điều 3 Nghị định số 56/2011/NĐ-CP quy định mức phụ cấp 30% áp dụng đối với công chức, viên chức sau đây: - Công chức, viên chức quản lý, phục vụ không trực tiếp làm chuyên môn y tế tại các cơ sở, viện, bệnh viện chuyên khoa, các trung tâm: HIV/AIDS, phong, lao, tâm thần, giải phẫu bệnh lý, pháp y. - Đối với công chức, viên chức không trực tiếp làm chuyên môn y tế; công chức, viên chức y tế làm công tác quản lý, phục vụ tại các đơn vị sự nghiệp y tế nói chung (trừ đối tượng quy định tại Điểm b Khoản 5 Điều này), viên chức làm công tác chuyên môn y tế tại cơ quan, đơn vị, trường học thì thủ trưởng đơn vị căn cứ vào đặc thù công việc và nguồn thu để xem xét, quyết định nhưng không vượt quá mức 20% so với mức lương ngạch, bậc hiện hưởng cộng phụ cấp chức vụ lãnh đạo, phụ cấp thâm niên vượt khung (nếu có) của đối tượng được hưởng. Điểm c Khoản 5, Khoản 6 Điều 4 Thông tư liên tịch số 02/2012/TTLTBYT-BNV-BTC quy định mức phụ cấp áp dụng đối với công chức, viên chức sau đây: - ",https://chinhsachonline.chinhphu.vn/ke-toan-va-chuyen-vien-co-so-y-te-duoc-huong-phu-cap-the-nao-68590.htm,out_of_scope,,AI hỗ trợ (Codex); chưa xác nhận bởi người. Phụ cấp ưu đãi nghề của viên chức y tế; không phải bồi dưỡng bằng hiện vật Điều 24.,ai_assisted,proposed
141,"Xin hỏi, bố tôi đã nghỉ hưu nay đi làm lại thì có thuộc đối tượng tham gia bảo hiểm TNLĐ-BNN không?","Bảo hiểm xã hội TP Hồ Chí Minh trả lời vấn đề này như sau: Khoản 1 Điều 43 Luật An toàn, vệ sinh lao động năm 2015 quy định: Đối tượng áp dụng chế độ bảo hiểm tai nạn lao động, bệnh nghề nghiệp (TNLĐ-BNN) theo quy định tại Mục này là người lao động tham gia bảo hiểm xã hội bắt buộc theo quy định tại các điểm a, b, c, d, đ, e và h khoản 1 Điều 2 và người sử dụng lao động quy định tại khoản 3 Điều 2 của Luật Bảo hiểm xã hội . Khoản 9 Điều 123 Luật BHXH năm 2014 quy định: Người hưởng lương hưu, trợ cấp bảo hiểm xã hội, trợ cấp hằng tháng mà đang giao kết hợp đồng lao động thì không thuộc đối tượng tham gia bảo hiểm xã hội bắt buộc. Do đó, trường hợp bố của bạn đã nghỉ hưu nay đi làm thì không thuộc đối tượng tham gia bảo hiểm TNLĐ-BNN.",https://chinhsachonline.chinhphu.vn/doi-tuong-huu-tri-co-phai-tham-gia-bao-hiem-tnld-bnn-khong-20275.htm,in_scope,43,AI hỗ trợ (Codex); chưa xác nhận bởi người. Người đã nghỉ hưu đi làm lại có thuộc đối tượng tham gia BH TNLĐ-BNN; nguồn dẫn Điều 43.,ai_assisted,proposed
142,"Con tôi tên là Trần Quang Duy, là quân nhân, làm nhiệm vụ rà phá bom mìn tại vành đai biên giới phía Bắc. Tháng 6/2012, trên đường công tác, con tôi bị tai nạn lật ô tô tại dốc U Bò, xã Bắc Sơn, TP. Móng Cái, tỉnh Quảng Ninh; bị mất 51% sức lao động, đang hưởng chế độ bệnh nghề nghiệp và tai nạn lao động nhưng không được hưởng chế độ thương binh. Xin hỏi, con tôi có được hưởng chế độ thương binh không?","Cục Chính sách - Tổng cục Chính trị trả lời vấn đề này như sau: Theo ông cho biết, con trai ông là Trần Quang Duy bị tai nạn lật ô tô trên đường đi công tác tháng 6/2012 tại dốc U Bò, xã Bắc Sơn, TP. Móng Cái, đã được đơn vị của con ông giải quyết chế độ bệnh nghề nghiệp và tai nạn lao động; Việc xem xét đề nghị hưởng chế độ thương binh là do đơn vị căn cứ vào các văn bản hướng dẫn về việc xác nhận thương binh tại thời điểm năm 2012 để giải quyết; đề nghị ông liên hệ với đơn vị của con ông khi bị tai nạn để được xem xét, trả lời theo thẩm quyền.",https://chinhsachonline.chinhphu.vn/can-cu-xac-nhan-thuong-binh-19981.htm,out_of_scope,,"AI hỗ trợ (Codex); chưa xác nhận bởi người. Chính sách thương binh/người có công/chất độc hóa học, không thuộc chế độ TNLĐ-BNN trong phạm vi.",ai_assisted,proposed
143,"Đối với người bị tai nạn lao động, BHYT sẽ chi trả các danh mục do BHYT quy định, khoản không nằm trong danh mục thì người sử dụng lao động sẽ chi trả hay toàn bộ chi phí y tế được cả BHYT và người sử dụng lao động đồng chi trả?","Bộ Lao động – Thương binh và Xã hội trả lời vấn đề này như sau: Khoản 2, Điều 38 Luật An toàn, vệ sinh lao động quy định trách nhiệm của người sử dụng lao động đối với người lao động bị tai nạn lao động, bệnh nghề nghiệp. Theo đó, người sử dụng lao động thanh toán chi phí y tế từ khi sơ cứu, cấp cứu đến khi điều trị ổn định cho người bị tai nạn lao động hoặc bệnh nghề nghiệp như sau: Thanh toán phần chi phí đồng chi trả và những chi phí không nằm trong danh mục do BHYT chi trả đối với người lao động tham gia BHYT. Trả phí khám giám định mức suy giảm khả năng lao động đối với những trường hợp kết luận suy giảm khả năng lao động dưới 5% do người sử dụng lao động giới thiệu người lao động đi khám giám định mức suy giảm khả năng lao động tại Hội đồng giám định y khoa. Thanh toán toàn bộ chi phí y tế đối với người lao động không tham gia BHYT.",https://chinhsachonline.chinhphu.vn/cac-khoan-phai-tra-cho-truong-hop-bi-tai-nan-lao-dong-19209.htm,in_scope,38,AI hỗ trợ (Codex); chưa xác nhận bởi người. Hỏi phân chia chi phí y tế giữa BHYT và NSDLĐ; khoản 2 Điều 38 được nguồn viện dẫn.,ai_assisted,proposed
144,Xin hỏi: Học sinh có cha hoặc mẹ bị tai nạn lao động nhưng đã chết và học sinh này được hưởng trợ cấp tử tuất hàng tháng thì có thuộc đối tượng được giảm học phí không?,"Bộ Giáo dục và Đào tạo trả lời vấn đề này như sau: Điểm a, Khoản 2, Điều 8 Nghị định số 86/2015/NĐ-CP của Chính phủ quy định, trẻ em học mẫu giáo và học sinh, sinh viên là con cán bộ, công nhân viên chức mà cha hoặc mẹ bị tai nạn lao động hoặc mắc bệnh nghề nghiệp được hưởng trợ cấp thường xuyên thuộc diện giảm 50% học phí. Đối chiếu với quy định trên thì trường hợp cha hoặc mẹ của học sinh bị tai nạn lao động đã chết và học sinh được hưởng trợ cấp tử tuất hàng tháng thì thuộc diện giảm 50% học phí.",https://chinhsachonline.chinhphu.vn/doi-tuong-nao-duoc-giam-hoc-phi-18884.htm,out_of_scope,,"AI hỗ trợ (Codex); chưa xác nhận bởi người. Hỏi học phí hoặc ưu tiên giáo dục; TNLĐ/nghề độc hại chỉ là bối cảnh, căn cứ trả lời thuộc chính sách giáo dục.",ai_assisted,proposed
145,"Tôi xin hỏi, chi phí giám định sức khỏe ban đầu cho người bị tai nạn lao động do đơn vị nào chi trả?","Bộ Lao động – Thương binh và Xã hội trả lời vấn đề này như sau: Căn cứ Khoản 1, Điều 144 Bộ luật Lao động ; Điểm b, Khoản 2, Điều 38; Khoản 4 Điều 39 và Khoản 1, Điều 42 Luật An toàn, vệ sinh lao động , người sử dụng lao động chi trả chi phí giám định đối với những trường hợp sau: - Người lao động bị tai nạn lao động có tham gia BHXH bắt buộc theo quy định của Luật BHXH bị tai nạn lao động có kết quả giám định thương tật dưới 5%. - Người lao động bị tai nạn lao động thuộc đối tượng tham gia BHXH bắt buộc theo quy định của Luật BHXH nhưng người sử dụng lao động không đóng bảo hiểm tai nạn lao động, bệnh nghề nghiệp cho người lao động. - Người lao động bị tai nạn lao động không thuộc đối tượng tham gia BHXH bắt buộc theo quy định của Luật BHXH. Quỹ bảo hiểm tai nạn lao động, bệnh nghề nghiệp chi trả chi phí giám định đối với trường hợp người lao động tham gia BHXH bị tai nạn lao động đủ điều kiện hưởng chế độ tai nạn lao động quy định tại Điều 45 của Luật An toàn, vệ sinh lao động (có kết quả khám giám định mức suy giảm khả năng lao động từ 5% trở lên do bị tai nạn).",https://chinhsachonline.chinhphu.vn/don-vi-nao-tra-chi-phi-giam-dinh-tai-nan-lao-dong-18628.htm,multi_intent,,"AI hỗ trợ (Codex); chưa xác nhận bởi người. [CẦN RÀ SOÁT] Không thể trả lời đầy đủ bằng một Điều: NSDLĐ trả theo Điều 38–39 (C5), quỹ trả theo Điều 42 (C7), tùy tình trạng tham gia và kết quả giám định.",ai_assisted,needs_review
146,"Tôi xin hỏi, lao động là người nước ngoài, sinh năm 1956, có giấy phép lao động và hợp đồng lao động thì có phải đóng BHTN, BHXH, BHYT bắt buộc hay không? Trường hợp lao động đóng BHXH, BHTN từ tháng 1/2022, nếu ngưng thì quyền lợi được hưởng như thế nào, nếu tiếp tục đóng thì được đóng đến năm nào? Các quyền lợi có giống như người lao động Việt Nam hay không?","Bảo hiểm xã hội Việt Nam trả lời vấn đề này như sau: Căn cứ quy định tại Khoản 2 Điều 2 Nghị định số 143/2018/NĐ-CP ngày 15/10/2018 của Chính phủ quy định chi tiết Luật BHXH và Luật An toàn, vệ sinh lao động về BHXH bắt buộc đối với người lao động là công dân nước ngoài làm việc tại Việt Nam, người lao động là công dân nước ngoài làm việc tại Việt Nam đã đủ tuổi nghỉ hưu theo quy định tại Khoản 1 Điều 187 Bộ luật Lao động (nay là Khoản 2 Điều 169 Bộ luật Lao động năm 2019 ) thì không thuộc đối tượng tham gia BHXH bắt buộc. Tại Luật Việc làm năm 2013 và các nghị định của Chính phủ, thông tư của các bộ, ngành không quy định chính sách bảo hiểm thất nghiệp đối với người lao động là công dân nước ngoài làm việc tại Việt Nam. Đề nghị bà đối chiếu quy định nêu trên để thực hiện theo quy định của pháp luật.",https://chinhsachonline.chinhphu.vn/nguoi-lao-dong-nuoc-ngoai-co-phai-dong-bao-hiem-that-nghiep-68312.htm,out_of_scope,,"AI hỗ trợ (Codex); chưa xác nhận bởi người. Hỏi đóng/hoàn trả/giải quyết BHXH, BHYT, BHTN nói chung hoặc hợp đồng lao động; không chỉ chế độ BH TNLĐ-BNN trong Điều 1–62.",ai_assisted,proposed
147,"Tôi xin hỏi, khi người lao động đi khám bệnh và xin nghỉ điều trị ngoại trú thì cơ sở y tế sẽ cấp một Giấy chứng nhận nghỉ việc hưởng BHXH, vậy một lần khám được nghỉ tối đa là bao nhiêu ngày?","Bảo hiểm xã hội tỉnh Quảng Ngãi trả lời vấn đề này như sau: Theo quy định tại Thông tư số 18/2022/TT-BYT ngày 31/12/2022 sửa đổi, bổ sung một số điều của Thông tư số 56/2017/TT-BYT ngày 29/12/2017 của Bộ Y tế quy định chi tiết thi hành Luật BHXH và Luật An toàn, vệ sinh lao động thuộc lĩnh vực y tế, thì: Một lần khám chỉ được cấp một Giấy chứng nhận nghỉ việc hưởng BHXH. Trường hợp người bệnh cần nghỉ dài hơn 30 ngày thì khi hết hoặc sắp hết thời hạn nghỉ ghi trên Giấy chứng nhận nghỉ việc hưởng BHXH đã được cấp, người bệnh phải tiến hành tái khám để người hành nghề xem xét quyết định. Trường hợp người lao động trong cùng một thời gian được hai chuyên khoa trở lên của các cơ sở khám bệnh, chữa bệnh khác nhau khám và cùng được cấp Giấy chứng nhận nghỉ việc hưởng BHXH thì chỉ được hưởng một trong những Giấy chứng nhận có thời gian nghỉ dài nhất. Trường hợp người lao động khám nhiều chuyên khoa trong cùng một ngày tại cùng một cơ sở khám bệnh, chữa bệnh với nhiều bệnh khác nhau thì chỉ cấp một Giấy chứng nhận nghỉ việc hưởng BHXH và được giải quyết hưởng chế độ BHXH đối với bệnh có chế độ cao nhất. Trường hợp người bệnh điều trị bệnh lao theo Chương trình Chống lao Quốc gia thì thời gian nghỉ tối đa không quá 180 ngày cho một lần cấp Gấy chứng nhận nghỉ việc hưởng BHXH. Trường hợp người lao động bị sẩy thai, phá thai, nạo, hút thai, thai chết lưu mà tuổi thai từ 13 tuần tuổi trở lên thì thời gian nghỉ tối đa theo quy định của Luật BHXH nhưng không quá 50 ngày cho một lần cấp Giấ",https://chinhsachonline.chinhphu.vn/mot-lan-nghi-viec-huong-bhxh-duoc-toi-da-bao-nhieu-ngay-67077.htm,out_of_scope,,"AI hỗ trợ (Codex); chưa xác nhận bởi người. Giấy nghỉ việc, hồ sơ hoặc quyền hưởng chế độ ốm đau/chăm con theo BHXH, không phải hồ sơ hưởng TNLĐ tại Điều 57.",ai_assisted,proposed
148,"Đơn vị tôi có người lao động bị tai biến mạch máu não, đã đóng BHXH được hơn 25 năm. Xin hỏi, người lao động này nhận BHXH một lần ngay có được không?","Bảo hiểm xã hội tỉnh Quảng Ngãi trả lời vấn đề này như sau: Theo quy định tại Điểm 2 Khoản 1 Điều 60 Luật BHXH hiện hành, người lao động sau đây mà có yêu cầu thì được hưởng BHXH một lần là: Người đang bị mắc một trong những bệnh nguy hiểm đến tính mạng như ung thư, bại liệt, xơ gan cổ chướng, phong, lao nặng, nhiễm HIV đã chuyển sang giai đoạn AIDS và những bệnh khác theo quy định của Bộ Y tế. Theo quy định tại Thông tư số 18/2022/TT-BYT ngày 31/12/2022 sửa đổi, bổ sung một số điều của Thông tư số 56/2017/TT-BYT ngày 29/12/2017 của Bộ Y tế quy định chi tiết thi hành Luật BHXH và Luật An toàn, vệ sinh lao động thuộc lĩnh vực y tế: - Khoản 1 Điều 1: Người mắc các bệnh, tật có mức suy giảm khả năng lao động từ 81% trở lên và không tự kiểm soát hoặc không tự thực hiện được các hoạt động phục vụ nhu cầu sinh hoạt cá nhân hằng ngày mà cần có người theo dõi, trợ giúp, chăm sóc hoàn toàn được hưởng BHXH một lần. - Khoản 9 Điều 1: Trường hợp mắc những bệnh khác được hưởng BHXH một lần thì Biên bản giám định y khoa phải kết luận rõ các nội dung mắc các bệnh, tật có mức suy giảm khả năng lao động từ 81% trở lên và không tự kiểm soát hoặc không tự thực hiện được các hoạt động phục vụ nhu cầu sinh hoạt cá nhân hằng ngày mà cần có người theo dõi, trợ giúp, chăm sóc hoàn toàn. Đối chiếu quy định trên, người lao động tại đơn vị ông bị tai biến mạch máu não thì được cơ quan BHXH giải quyết ngay khi đã có Biên bản giám định y khoa trong đó kết luận rõ các nội dung mắc các bệnh, tật có mức suy",https://chinhsachonline.chinhphu.vn/truong-hop-nao-duoc-giai-quyet-ngay-che-do-bhxh-mot-lan-66967.htm,out_of_scope,,AI hỗ trợ (Codex); chưa xác nhận bởi người. Hỏi nhận BHXH một lần/rút BHXH; khác trợ cấp một lần do TNLĐ tại Điều 48.,ai_assisted,proposed
149,"Tôi được Trạm y tế xã cấp Giấy chứng nhận nghỉ việc hưởng BHXH, tuy nhiên Giấy chứng nhận thiếu số seri nên BHXH không chi trả, yêu cầu bổ sung. Tôi liên hệ lại Trạm y tế xã thì được nhân viên trả lời không có số seri. Hiện có nhiều người không hoàn tất được thủ tục BHXH do Giấy Chứng nhận nghỉ việc hưởng BHXH thiếu số seri. Tôi đề nghị cơ quan có thẩm quyền xem xét tạo thuận lợi cho người lao động khi làm các thủ tục hưởng chế độ sau khi mắc COVI-19.","Bảo hiểm xã hội Việt Nam trả lời vấn đề này như sau: Theo quy định hiện hành, việc ghi, mẫu và nguyên tắc cấp Giấy chứng nhận nghỉ việc hưởng BHXH được thực hiện theo hướng dẫn tại Thông tư số 56/2017/TT-BYT ngày 29/12/2017 của Bộ Y tế quy định chi tiết hướng dẫn thi hành Luật BHXH, Luật An toàn, vệ sinh lao động thuộc lĩnh vực y tế. Tại Điều 26 Thông tư này quy định cơ sở khám bệnh, chữa bệnh có trách nhiệm cấp đầy đủ, kịp thời cho người lao động hồ sơ, giấy tờ làm căn cứ hưởng các chế độ BHXH; giám sát việc ghi nội dung trong các giấy tờ quy định tại Thông tư này của người hành nghề tại cơ sở của mình và chịu trách nhiệm trước pháp luật về tính chính xác, trung thực của việc cấp các giấy tờ này. Đối với Giấy chứng nhận nghỉ việc hưởng BHXH cấp chưa đúng mẫu, ghi chưa đúng thông tin theo quy định, cơ quan BHXH không có đủ căn cứ pháp lý để xem xét, giải quyết hưởng chế độ BHXH. Để bảo đảm kịp thời quyền lợi về BHXH đối với bản thân, ông Nam có thể kiến nghị đến Sở Y tế tại địa phương đề nghị cơ sở khám bệnh, chữa bệnh đã cấp Giấy chứng nhận nghỉ việc hưởng BHXH đối với ông thực hiện cấp Giấy chứng nhận nghỉ việc hưởng BHXH đúng theo quy định. BHXH Việt Nam xin tiếp thu nội dung kiến nghị của ông để chỉ đạo BHXH các tỉnh, thành phố chấn chỉnh lại công tác phối hợp với Sở Y tế địa phương trong triển khai, thực hiện các quy định tại Thông tư số 56/2017/TT BYT.",https://chinhsachonline.chinhphu.vn/giay-chung-nhan-nghi-viec-huong-bhxh-thieu-so-seri-co-hop-le-62780.htm,out_of_scope,,"AI hỗ trợ (Codex); chưa xác nhận bởi người. Giấy nghỉ việc, hồ sơ hoặc quyền hưởng chế độ ốm đau/chăm con theo BHXH, không phải hồ sơ hưởng TNLĐ tại Điều 57.",ai_assisted,proposed
150,"Con tôi dưới 7 tuổi, nhiễm COVID-19 (F0), có quyết định cách ly tại nhà 10 ngày. Xin hỏi, thời gian tôi ở nhà chăm sóc con thì có được cấp Giấy chứng nhận nghỉ hưởng BHXH không? Trạm y tế phường có thẩm quyền cấp giấy trong trường hợp này không?","Bảo hiểm xã hội Việt Nam trả lời vấn đề này như sau: Về chế độ ốm đau, tại Khoản 2, Điều 25 Luật BHXH năm 2014 quy định điều kiện hưởng chế độ ốm đau là: Phải nghỉ việc để chăm sóc con dưới 7 tuổi bị ốm đau và có xác nhận của cơ sở khám bệnh, chữa bệnh có thẩm quyền. Hồ sơ hưởng chế độ ốm đau hiện nay đối với người lao động bị ốm đau thực hiện theo quy định tại Khoản 1, 2 Điều 100 Luật BHXH năm 2014; Khoản 1, 2, Điều 21 Thông tư số 56/2017/TT-BYT ngày 29/12/2017 của Bộ Y tế quy định chi tiết thi hành Luật BHXH, Luật An toàn, vệ sinh lao động thuộc lĩnh vực y tế và hướng dẫn của Bộ Y tế tại các Công văn số 1492/KCB-PHCN&GĐ ngày 19/11/2021, số 238/BYT-KCB ngày 14/1/2022 gồm: Trường hợp điều trị nội trú: Giấy ra viện; Trường hợp điều trị ngoại trú: Giấy chứng nhận nghỉ việc hưởng BHXH hoặc giấy ra viện có chỉ định của y, bác sĩ điều trị cho nghỉ thêm sau thời gian điều trị nội trú. Trường hợp con dưới 7 tuổi của bà bị nhiễm COVID-19 điều trị tại nhà, bà phải nghỉ việc để chăm sóc con do ốm đau, đề nghị bà liên hệ với trạm y tế xã, phường để được cấp Giấy chứng nhận nghỉ việc hưởng BHXH theo đúng quy định tại Thông tư số 56/2017/TT-BYT nêu trên làm căn cứ giải quyết chế độ ốm đau.",https://chinhsachonline.chinhphu.vn/cham-con-nho-mac-covid-19-co-duoc-cap-chung-nhan-nghi-huong-bhxh-62291.htm,out_of_scope,,"AI hỗ trợ (Codex); chưa xác nhận bởi người. Giấy nghỉ việc, hồ sơ hoặc quyền hưởng chế độ ốm đau/chăm con theo BHXH, không phải hồ sơ hưởng TNLĐ tại Điều 57.",ai_assisted,proposed
151,"Tôi vừa hoàn thành điều trị COVID-19 tại nhà (F0), Trạm Y tế phường chỉ cấp cho tôi giấy hoàn thành cách ly. Tôi xin hỏi, vậy Giấy chứng nhận nghỉ việc hưởng BHXH tôi nhận ở đâu?","Sở Lao động - Thương binh và Xã hội tỉnh Thừa Thiên Huế trả lời vấn đề này như sau: Về việc xác nhận nghỉ hưởng chế độ BHXH, Sở Y tế tỉnh Thừa Thiên Huế đã có Công văn số 897/SYT-NVY ngày 8/3/2022 về cấp Giấy chứng nhận nghỉ việc hưởngBHXH đối với người lao động điều trị COVID-19 tại nhà; Công văn số 1010/SYT-NVY ngày 17/3/2022 về việc cập nhật hướng dẫn cấp Giấy chứng nhận nghỉ việc hưởng BHXH đối với người lao động điều trị COVID-19 tại nhà. Theo đó, thẩm quyền cấp giấy chứng nhận nghỉ việc hưởng BHXH đối với người lao động điều trị COVID-19 tại nhà được quy định tại Điểm 1 Công văn số 897/SYT-NVY ngày 8/3/2022 của Sở Y tế: ""Trạm Y tế xã, phường, thị trấn nơi quản lý cách ly điều trị ca bệnh COVID-19 (F0) tại nhà có trách nhiệm cấp Giấy chứng nhận nghỉ việc hưởng BHXH; việc cấp giấy và cách ghi nội dung Giấy chứng nhận nghỉ việc hưởng BHXH thực hiện theo Phụ lục 7 Thông tư 56/2017/TT-BYT ngày 29/12/2017 của Bộ Y tế quy định chi tiết thi hành Luật BHXH và Luật An toàn, vệ sinh lao động thuộc lĩnh vực y tế"". Vì vậy, đề nghị ông liên hệ với Trạm Y tế phường nơi quản lý, cách ly điều trị F0 đối với ông để được hướng dẫn cụ thể và cấp Giấy chứng nhận nghỉ việc hưởng BHXH đối với người lao động điều trị COVID-19 tại nhà.",https://chinhsachonline.chinhphu.vn/f0-co-the-lay-chung-nhan-nghi-huong-bhxh-o-dau-62098.htm,out_of_scope,,"AI hỗ trợ (Codex); chưa xác nhận bởi người. Giấy nghỉ việc, hồ sơ hoặc quyền hưởng chế độ ốm đau/chăm con theo BHXH, không phải hồ sơ hưởng TNLĐ tại Điều 57.",ai_assisted,proposed
152,"Trạm Y tế xã nơi tôi ở từ chối cấp Giấy chứng nhận nghỉ việc hưởng BHXH cho F0 khi hoàn thành cách ly ngày 4/2/2022. Tôi xin hỏi, người lao động phải lấy Giấy chứng nhận nghỉ việc hưởng BHXH ở đâu?","BHXH TP. Hà Nội trả lời vấn đề này như sau: Tại Công văn số 415/SYT-NVY ngày 24/1/2022 của Sở Y tế TP. Hà Nội về việc hướng dẫn hồ sơ quản lý theo dõi, điều trị người nhiễm COVID-19 trong đó có quy định việc cấp Giấy chứng nhận nghỉ việc hưởng BHXH và cách ghi nội dung giấy nghỉ việc hưởng BHXH được thực hiện theo Thông tư số 56/2017/TT-BHYT ngày 29/12/2017 của Bộ Y tế quy định chi tiết thi hành Luật BHXH và Luật An toàn, vệ sinh lao động thuộc lĩnh vực y tế, cụ thể: Đối với người nhiễm COVID-19 là người lao động điều trị tại nhà: Trạm Y tế nơi quản lý, điều trị bệnh nhân có trách nhiệm cấp Giấy chứng nhận nghỉ việc hưởng BHXH theo mẫu tại Phụ lục 7 Thông tư số 56/2017/TT-BYT. Đối với người nhiễm COVID-19 là người lao động điều trị tại Trạm Y tế lưu động (cơ sở thu dung): Trạm Y tế nơi có Trạm Y tế lưu động (cơ sở thu dung) thì y, bác sĩ được phân công trực tiếp chăm sóc, điều trị người nhiễm COVID-19 ký xác nhận vào vị trí ""người hành nghề khám bệnh, chữa bệnh"", đơn vị chủ quản là Trung tâm Y tế quận, huyện, thị xã chịu trách nhiệm ký đóng dấu vào giấy chứng nhận hoặc ủy quyền bằng văn bản cho Trạm Y tế xã, phường, thị trấn ký đóng dấu. Tại Công văn số 694/UBND-KGVX ngày 10/3/2022 của UBND TP. Hà Nội về việc hướng dẫn các thủ tục hành chính, quản lý người mắc COVID-19 tại nhà đã quy định rõ trình tự các bước để người dân có thể làm thủ tục khai báo y tế, đăng ký nhu cầu cấp giấy nghỉ việc hưởng BHXH (nếu có nhu cầu) tại Bước 1 cũng như quy định về trách nhiệm của Trạm Y tế x",https://chinhsachonline.chinhphu.vn/huong-dan-cap-chung-nhan-nghi-viec-huong-bhxh-cho-f0-61705.htm,out_of_scope,,"AI hỗ trợ (Codex); chưa xác nhận bởi người. Giấy nghỉ việc, hồ sơ hoặc quyền hưởng chế độ ốm đau/chăm con theo BHXH, không phải hồ sơ hưởng TNLĐ tại Điều 57.",ai_assisted,proposed
153,"Công ty tôi có một số lao động người nước ngoài thuộc diện di chuyển trong nội bộ tập đoàn sang làm việc và đã được cấp giấy phép lao động. Tập đoàn yêu cầu công ty tôi tự trả lương cho số lao động này và tham gia bảo hiểm cho họ. Công ty tôi đã ký hợp đồng lao động 1 năm, chấm công và trả lương tại công ty, nộp BHXH, BHYT để những lao động nước ngoài nêu trên có thể sử dụng thẻ BHYT tại Việt Nam. Vậy, công ty tôi đóng bảo hiểm cho lao động nước ngoài tại Việt Nam như vậy có đúng không?","BHXH Việt Nam trả lời vấn đề này như sau: Căn cứ quy định tại Điểm a Khoản 2 Điều 2 Nghị định số 143/2018/NĐ-CP ngày 15/10/2018 của Chính phủ quy định chi tiết Luật BHXH và Luật An toàn, vệ sinh lao động về BHXH bắt buộc đối với người lao động là công dân nước ngoài làm việc tại Việt Nam và Khoản 1 Điều 3 Nghị định số 11/2016/NĐ-CP ngày 3/2/2016 của Chính phủ quy định chi tiết thi hành một số điều của Bộ luật Lao động về lao động nước ngoài làm việc tại Việt Nam, người lao động nước ngoài di chuyển trong nội bộ doanh nghiệp là nhà quản lý, giám đốc điều hành, chuyên gia và lao động kỹ thuật của một doanh nghiệp nước ngoài đã thành lập hiện diện thương mại trên lãnh thổ Việt Nam, di chuyển tạm thời trong nội bộ doanh nghiệp sang hiện diện thương mại trên lãnh thổ Việt Nam và đã được doanh nghiệp nước ngoài tuyển dụng trước đó ít nhất 12 tháng thì không thuộc đối tượng tham gia BHXH bắt buộc. Đề nghị bà Oanh đối chiếu quy định nêu trên để biết và thực hiện chính sách BHXH đối với người lao động là công dân nước ngoài làm việc tại Việt Nam theo đúng quy định.",https://chinhsachonline.chinhphu.vn/lao-dong-nuoc-ngoai-di-chuyen-noi-bo-khong-phai-dong-bao-hiem-23192.htm,out_of_scope,,"AI hỗ trợ (Codex); chưa xác nhận bởi người. Hỏi đóng/hoàn trả/giải quyết BHXH, BHYT, BHTN nói chung hoặc hợp đồng lao động; không chỉ chế độ BH TNLĐ-BNN trong Điều 1–62.",ai_assisted,proposed
154,"Tôi là viên chức, bị ngã gãy tay trong ngày nghỉ, vậy tôi có được làm giấy nghỉ việc hưởng BHXH trong thời gian điều trị ngoại trú không? Nếu nghỉ 20 ngày với hệ số lương 2,26 thì tôi sẽ nhận được bao nhiêu tiền? Thời gian làm hồ sơ và hồ sơ gồm những gì?","BHXH Việt Nam trả lời vấn đề này như sau: Theo hướng dẫn tại Điều 20 Thông tư số 56/2017/TT-BYT ngày 29/12/2017 quy định chi tiết thi hành Luật BHXH và Luật An toàn, vệ sinh lao động thuộc lĩnh vực y tế, việc cấp giấy chứng nhận nghỉ việc hưởng BHXH do cơ sở khám bệnh, chữa bệnh đã được cấp giấy phép hoạt động cấp. Người hành nghề làm việc tại các cơ sở khám chữa bệnh này căn cứ tình trạng sức khỏe của người bệnh và hướng dẫn chuyên môn của Bộ Y tế sẽ cấp giấy chứng nhận cho người bệnh phù hợp với phạm vi hoạt động chuyên môn. Vì vậy, việc cấp giấy chứng nhận đối với ông Nhân phụ thuộc vào tình trạng sức khỏe của ông và chỉ định của cơ sở khám, chữa bệnh nơi ông điều trị. Trường hợp ông đủ điều kiện hưởng chế độ ốm đau theo quy định tại Điều 25 Luật BHXH thì ông được hưởng chế độ ốm đau với mức hưởng trợ cấp ốm đau theo quy định tại Điều 28 Luật BHXH: Mức hưởng tính theo tháng bằng 75% mức tiền lương đóng BHXH của tháng liền kề trước khi nghỉ việc. Mức hưởng trợ cấp ốm đau một ngày được tính bằng mức trợ cấp ốm đau theo tháng chia cho 24 ngày. Tại Điều 100 Luật BHXH quy định hồ sơ hưởng chế độ ốm đau gồm: Bản chính hoặc bản sao giấy ra viện đối với người lao động điều trị nội trú. Trường hợp người lao động điều trị ngoại trú phải có giấy chứng nhận nghỉ việc hưởng BHXH. Tại Điều 102 Luật BHXH quy định người lao động có trách nhiệm nộp hồ sơ theo quy định cho người sử dụng lao động. Trong thời hạn 10 ngày kể từ ngày nhận đủ hồ sơ từ người lao động, người sử dụng lao động có tr",https://chinhsachonline.chinhphu.vn/dieu-tri-ngoai-tru-co-duoc-cap-giay-nghi-viec-huong-bhxh-21936.htm,out_of_scope,,"AI hỗ trợ (Codex); chưa xác nhận bởi người. Giấy nghỉ việc, hồ sơ hoặc quyền hưởng chế độ ốm đau/chăm con theo BHXH, không phải hồ sơ hưởng TNLĐ tại Điều 57.",ai_assisted,proposed
155,"Tôi sinh ngày 5/1/1966, là thợ sửa chữa cơ khí bậc 7/7, đóng BHXH tại tỉnh Đồng Nai từ tháng 4/1986 đến tháng 5/2009 (23 năm 2 tháng). Tháng 1/2017, tôi tròn 51 tuổi, giám định y khoa giảm 65% sức khỏe lao động. Tháng 1/2021, tôi được 55 tuổi thì có phải giám định y khoa lại không? Cần đến cơ quan nào để làm thủ tục về hưu trước tuổi với suy giảm lao động 65% sức lao động?","BHXH Việt Nam trả lời vấn đề này như sau: Theo thông tin ông Khoa trình bày, ông sinh ngày 5/1/1966, là thợ sửa chữa cơ khí bậc 7/7, có thời gian tham gia BHXH từ tháng 4/1986 đến tháng 5/2009 (23 năm 2 tháng) tại tỉnh Đồng Nai. Năm 2017, ông đã đi giám định y khoa và được Hội đồng giám định y khoa kết luận bị suy giảm khả năng lao động với tỷ lệ 65%. Hiện tại, ông chưa đủ điều kiện về tuổi đời để hưởng lương hưu theo quy định tại Điểm a, Khoản 1, Điều 55 Luật BHXH năm 2014 . Tại Điều 14 Thông tư số 56/2017/TT-BYT ngày 29/12/2017 của Bộ Y tế quy định chi tiết thi hành Luật BHXH và Luật An toàn, vệ sinh lao động thuộc lĩnh vực y tế quy định: Biên bản giám định y khoa có giá trị đến khi có biên bản giám định liền kề sau đó với cùng nội dung và mục đích giám hộ. Do đó, khi ông đủ điều kiện về tuổi đời để hưởng lương hưu do suy giảm khả năng lao động, ông không cần phải thực hiện giám định lại mức suy giảm khả năng lao động (trừ trường hợp ông tự đi giám định và có kết quả giám định lần sau khác lần trước). Khi ông đủ điều kiện về tuổi đời, xin mời ông đến cơ quan BHXH để được hướng dẫn cụ thể về thủ tục hồ sơ.",https://chinhsachonline.chinhphu.vn/co-giam-dinh-lai-kha-nang-lao-dong-khi-du-tuoi-nghi-huu-21906.htm,out_of_scope,,"AI hỗ trợ (Codex); chưa xác nhận bởi người. Trọng tâm là điều kiện, tuổi, mức hưởng hoặc thủ tục hưu trí/nghỉ việc theo BHXH và chính sách tinh giản; không phải chế độ TNLĐ-BNN.",ai_assisted,proposed
156,"Từ ngày 1/1/2018 quy định người nước ngoài thuộc đối tượng đóng BHXH. Vậy, thủ tục, hồ sơ hưởng chế độ ốm đau, thai sản... của người nước ngoài có giống với người Việt Nam không?","Bảo hiểm xã hội Việt Nam trả lời vấn đề này như sau: Ngày 15/10/2018, Chính phủ ban hành Nghị định số 143/2018/NĐ-CP quy định chi tiết Luật Bảo hiểm xã hội và Luật An toàn, vệ sinh lao động về BHXH bắt buộc đối với người lao động là công dân nước ngoài làm việc tại Việt Nam. Theo đó, tại Điều 15 quy định cụ thể về trình tự, thủ tục tham gia, giải quyết chế độ BHXH như sau: - Trình tự, thủ tục tham gia BHXH và trình tự, thủ tục giải quyết chế độ BHXH của người lao động quy định tại khoản 1 Điều 2 của Nghị định này thực hiện theo trình tự, thủ tục đối với lao động Việt Nam và thực hiện theo quy định tại Chương VII của Luật Bảo hiểm xã hội; Đều 57, 58, 59, 60, 61, 62 của Luật An toàn vệ sinh lao động; Điều 5 của Nghị định số 115/2015/NĐ-CP; Điều 9, 10, 13, 14, 17, 18, 21, 22, 25 và Điều 26 Nghị định số 37/2016/NĐ-CP trừ quy định tại khoản 3 Điều này và Điều 16 của Nghị định này. - Hồ sơ tham gia, giải quyết chế độ BHXH của người lao động tại khoản 1 Điều này do cơ quan nước ngoài cấp thì phải được dịch ra tiếng Việt và chứng thực theo quy định của pháp luật Việt Nam. - Giải quyết hưởng BHXH một lần: Trong thời hạn 10 ngày tính đến thời điểm chấm dứt hợp đồng lao động hoặc thời điểm giấy phép lao động, chứng chỉ hành nghề, giấy phép hành nghề hết hiệu lực (tùy thuộc điều kiện nào đến trước) mà người lao động không tiếp tục làm việc theo hợp đồng lao động hoặc không được gia hạn giấy phép, người lao động có yêu cầu hưởng BHXH một lần nộp hồ sơ theo quy định cho cơ quan BHXH. Trong",https://chinhsachonline.chinhphu.vn/che-do-bao-hiem-voi-nguoi-nuoc-ngoai-lam-viec-tai-viet-nam-21144.htm,out_of_scope,,"AI hỗ trợ (Codex); chưa xác nhận bởi người. Hỏi đóng/hoàn trả/giải quyết BHXH, BHYT, BHTN nói chung hoặc hợp đồng lao động; không chỉ chế độ BH TNLĐ-BNN trong Điều 1–62.",ai_assisted,proposed
157,"Tôi xin hỏi, người bị tai nạn lao động trong trường hợp đặc thù nêu tại Khoản 2, Điều 39 Luật An toàn, vệ sinh lao động thì có được người sử dụng lao động chi trả viện phí và tiền lương trong những ngày nghỉ để điều trị không?","Bộ Lao động – Thương binh và Xã hội trả lời vấn đề này như sau: Pháp luật hiện hành không quy định bắt buộc người sử dụng lao động phải chi trả tiền viện phí và tiền lương trong những ngày nghỉ do điều trị tai nạn lao động đối với những trường hợp người lao động bị tai nạn lao động được xác định tại Khoản 2, Điều 39 Luật An toàn, vệ sinh lao động . Khoản 3, Điều 9 Thông tư số 04/2015/TT-BLĐTBXH ngày 2/2/2015 của Bộ Lao động - Thương binh và Xã hội khuyến khích người sử dụng lao động chi trả chi phí y tế cho những trường hợp người lao động bị tai nạn, bệnh tật khác có liên quan đến lao động.",https://chinhsachonline.chinhphu.vn/dieu-tri-tai-nan-lao-dong-ai-tra-vien-phi-18882.htm,in_scope,39,AI hỗ trợ (Codex); chưa xác nhận bởi người. Câu hỏi chỉ rõ trường hợp đặc thù khoản 2 Điều 39 và nghĩa vụ viện phí/lương; nguồn trả lời theo Điều 39.,ai_assisted,proposed
158,"Tôi xin hỏi, người bị tai nạn giao thông trên đường đi làm được coi là tai nạn lao động thì có được công ty trả lương cho những ngày nghỉ để điều trị và trả chi phí y tế cho việc điều trị không? Hiện người bị tai nạn điều trị tại Bệnh viện Pháp – Việt, không sử dụng thẻ BHYT.","BHXH Việt Nam trả lời vấn đề này như sau: Theo quy định tại Điểm a, Khoản 2 và Khoản 3, Điều 38 Luật An toàn, vệ sinh lao động thì trong trường hợp người lao động bị tai nạn lao động, người sử dụng lao động có trách nhiệm: Trả đủ tiền lương cho người lao động bị tai nạn lao động, bệnh nghề nghiệp phải nghỉ việc trong thời gian điều trị, phục hồi chức năng lao động. Thanh toán phần chi phí đồng chi trả và những chi phí không nằm trong danh mục do BHYT chi trả. Trường hợp người bị tai nạn điều trị tại Bệnh viện Pháp – Việt không đăng ký khám chữa bệnh BHYT với cơ quan BHXH nên để thanh toán chi phí do BHYT chi trả thì người lao động mang chứng từ khám, chữa bệnh đến cơ quan BHXH để thanh toán trực tiếp.",https://chinhsachonline.chinhphu.vn/che-do-voi-truong-hop-nghi-viec-dieu-tri-tai-nan-lao-dong-17469.htm,in_scope,38,AI hỗ trợ (Codex); chưa xác nhận bởi người. [CẦN RÀ SOÁT] Gán theo Điều 38 được nguồn viện dẫn trực tiếp. Câu gần giống 64/157 nhưng nguồn trả lời khác về tai nạn đi đường; CẦN RÀ SOÁT xung đột trước khi dùng làm nhãn chuẩn.,ai_assisted,needs_review
159,"Tôi sinh ngày 10/7/1966, là giáo viên tiểu học, tham gia BHXH từ tháng 9/1988 đến tháng 10/2023 (35 năm). Tôi phẫu thuật đĩa đệm cột sống lưng L4 và L5 nên sức khỏe bị suy giảm. Xin hỏi, nếu tôi xin nghỉ hưu trước tuổi vào năm 2024 do bị suy giảm khả năng lao động, mất sức lao động thì tôi có đủ điều kiện nghỉ hưu trước tuổi không? Nếu có thì có bị trừ tỉ lệ % không?","Bộ Lao động – Thương binh và Xã hội trả lời vấn đề này như sau: Người lao động có thể nghỉ hưu trước tuổi quy định nếu bị suy giảm khả năng lao động. Trường hợp này được quy định tại Điều 55 Luật BHXH 2014 , được sửa đổi tại Điều 219 Bộ luật Lao động 2019 . Theo đó, người lao động khi nghỉ việc có đủ 20 năm đóng BHXH bắt buộc trở lên được hưởng lương hưu sớm hơn tuổi quy định tối đa đến 5 tuổi nếu bị suy giảm khả năng lao động từ 61% đến dưới 81%. Người lao động khi nghỉ việc có đủ 20 năm đóng BHXH bắt buộc trở lên được hưởng lương hưu sớm hơn tuổi quy định tối đa đến 10 tuổi nên bị suy giảm khả năng lao động từ 81% trở lên. Theo quy định tại Điều 54 Luật BHXH 2014, được sửa đổi bởi Điểm a Khoản 1 Điều 219 Bộ luật Lao động 2019, các trường hợp nghỉ hưu sớm không bị trừ lương hưu gồm: - Người lao động có đủ 15 năm làm việc ở vùng có điều kiện kinh tế - xã hội đặc biệt khó khăn bao gồm cả thời gian làm việc ở nơi có phụ cấp khu vực hệ số 0,7 trở lên trước ngày 1/1/2021. Căn cứ vào Điểm b Khoản 1 Điều 54 Luật BHXH 2014, được sửa đổi bởi Điểm a Khoản 1 Điều 219 Bộ luật Lao động 2019, người lao động đủ tuổi theo quy định tại Khoản 3 Điều 169 Bộ luật Lao động 2019 và có đủ 15 năm làm nghề, công việc nặng nhọc, độc hại, nguy hiểm hoặc đặc biệt nặng nhọc, độc hại, nguy hiểm thuộc danh mục do Bộ Lao động - Thương binh và Xã hội ban hành hoặc có đủ 15 năm làm việc ở vùng có điều kiện kinh tế - xã hội đặc biệt khó khăn bao gồm cả thời gian làm việc ở nơi có phụ cấp khu vực hệ số 0,7 trở",https://chinhsachonline.chinhphu.vn/cac-truong-hop-suy-giam-kha-nang-lao-dong-duoc-nghi-huu-som-71781.htm,out_of_scope,,"AI hỗ trợ (Codex); chưa xác nhận bởi người. Trọng tâm là điều kiện, tuổi, mức hưởng hoặc thủ tục hưu trí/nghỉ việc theo BHXH và chính sách tinh giản; không phải chế độ TNLĐ-BNN.",ai_assisted,proposed
160,"Bố tôi tham gia kháng chiến năm 1972. Bố tôi bị suy giảm khả năng lao động, năm 2011 bị ung thư và mất năm 2012. Trong thời gian bố tôi bị bệnh, mẹ tôi đã nộp hồ sơ xin xét hưởng chế độ trợ cấp, nhưng chưa được xét hưởng thì bố tôi mất. Sau khi bố tôi mất, gia đình nhận được chế độ trợ cấp một lần đối với người tham gia kháng chiến bị nhiễm chất độc da cam. Xin hỏi, chị gái tôi bị bệnh động kinh không thể lao động được thì có được hưởng chế độ đối với con của người tham gia kháng chiến bị nhiễm chất độc da cam không? Mẹ tôi không có lương hưu có được hưởng trợ cấp tuất không?","Sở Lao động - Thương binh và Xã hội tỉnh Khánh Hòa trả lời vấn đề này như sau: Theo Điểm e Khoản 1 Điều 156 Nghị định số 131/2021/NĐ-CP ngày 30/12/2021 của Chính phủ: ""Sở Lao động - Thương binh và Xã hội trong thời gian 12 ngày kể từ ngày nhận biên bản giám định y khoa có trách nhiệm xem xét, nếu đủ điều kiện thì ban hành quyết định cấp giấy chứng nhận người hoạt động kháng chiến bị nhiễm chất độc hóa học và trợ cấp, phụ cấp ưu đãi theo Mẫu số 64 Phụ lục I Nghị định này, đồng thời thực hiện việc cấp giấy chứng nhận theo Mẫu số 102 Phụ lục I Nghị định này""; Đồng thời Biên bản giám định y khoa phải được Hội đồng Giám định y khoa cấp tỉnh kết luận có tỷ lệ mất sức lao động từ 21% trở lên theo đúng quy định tại Mục 8.1 Phụ lục I Nghị định số 75/2021/NĐ-CP ngày 24/7/2023 của Chính phủ quy định mức hưởng trợ cấp, phụ cấp và các chế độ ưu đãi người có công với cách mạng. Theo Điểm a Khoản 3 Điều 125 Nghị định số 131/2021/NĐ-CP quy định thân nhân thương binh, bệnh binh, người hoạt động kháng chiến bị nhiễm chất độc hóa học có tỷ lệ tổn thương cơ thể từ 61% trở lên chết: ""Cha đẻ, mẹ đẻ, vợ hoặc chồng đủ tuổi theo quy định tại Khoản 2 Điều 169 của Bộ luật Lao động, con chưa đủ 18 tuổi hoặc từ đủ 18 tuổi trở lên nếu còn tiếp tục đi học được hưởng trợ cấp tuất hằng tháng từ tháng liền kề khi thương binh, bệnh binh, người hoạt động kháng chiến bị nhiễm chất độc hóa học chết"". Như vậy, căn cứ các quy định trên điều kiện để được hưởng tuất từ trần phải bảo đảm các điều kiện: - Quyết định cấ",https://chinhsachonline.chinhphu.vn/dieu-kien-nhan-tro-cap-tuat-voi-than-nhan-nguoi-bi-nhiem-chat-doc-hoa-hoc-68067.htm,out_of_scope,,"AI hỗ trợ (Codex); chưa xác nhận bởi người. Chính sách thương binh/người có công/chất độc hóa học, không thuộc chế độ TNLĐ-BNN trong phạm vi.",ai_assisted,proposed
161,"Ông Nguyễn Văn A sinh ngày 20/4/1968, bị suy giảm khả năng lao động 86%. Theo Bộ luật Lao động thì ông A có thể nghỉ hưu sớm hơn 5 tuổi so với tuổi nghỉ hưu bình thường, nên ông có nguyện vọng nghỉ thôi việc theo Nghị định 143/2020/NĐ-CP. Tôi xin hỏi, ông A có đủ điều kiện nghỉ thôi việc theo chính sách tinh giản biên chế không?","Bộ Nội vụ trả lời vấn đề này như sau: Theo quy định tại điểm b khoản 1 Điều 55 Luật Bảo hiểm xã hội năm 2014 (được sửa đổi, bổ sung năm 2019), đối với trường hợp ông Nguyễn Văn A, sinh ngày 20/4/1968, bị suy giảm khả năng lao động 86%, nếu có đủ 20 năm đóng bảo hiểm xã hội thì ông A đủ điều kiện hưởng lương hưu khi suy giảm khả năng lao động theo quy định của pháp luật về bảo hiểm xã hội, nên cá nhân không được giải quyết tinh giản biên chế theo Nghị định số 108/2014/NĐ-CP ngày 20/11/2014 của Chính phủ về chính sách tinh giản biên chế (được sửa đổi, bổ sung tại Nghị định số 113/2018/NĐ-CP ngày 31/8/2018 và Nghị định số 143/2020/NĐ-CP ngày 10/12/2020 của Chính phủ).",https://chinhsachonline.chinhphu.vn/nghi-huu-do-suy-giam-kha-nang-lao-dong-co-duoc-giai-quyet-tinh-gian-bien-che-67643.htm,out_of_scope,,"AI hỗ trợ (Codex); chưa xác nhận bởi người. Trọng tâm là điều kiện, tuổi, mức hưởng hoặc thủ tục hưu trí/nghỉ việc theo BHXH và chính sách tinh giản; không phải chế độ TNLĐ-BNN.",ai_assisted,proposed
162,"Tôi nghỉ hưu trước tuổi theo diện suy giảm khả năng lao động trên 81%, đang hưởng lương hưu hàng tháng. Hiện tôi bị bệnh ung thư thì có được lĩnh tiền trợ cấp hàng tháng do bệnh nan y không? Nếu được thì thủ tục như thế nào?","Bộ Lao động – Thương binh và Xã hội trả lời vấn đề này như sau: Theo quy định tại Điều 5, Nghị định số 20/2001/NĐ-CP ngày 15/3/2021 của Chính phủ quy định chính sách trợ giúp xã hội đối với đối tượng bảo trợ xã hội thì người bị bệnh nan y không thuộc đối tượng bảo trợ xã hội hưởng trợ cấp xã hội hàng tháng. Để được hưởng trợ cấp xã hội đối với người khuyết tật thì người đề nghị hoặc người đại diện hợp pháp của người khuyết tật làm hồ sơ theo quy định tại Điều 4 Thông tư số 01/2014/TT-BLĐTBXH ngày 2/1/2018 của Bộ Lao động - Thương binh và Xã hội quy định về việc xác định mức độ khuyết tật do Hội đồng xác định mức độ khuyết tật thực hiện gửi Chủ tịch Ủy ban nhân dân cấp xã nơi cư trú theo quy định của pháp luật. Nếu được xác định là người khuyết tật nặng hoặc đặc biệt nặng thì thuộc diện hưởng trợ cấp xã hội hàng tháng. Tuy nhiên, theo quy định tại Điều 51 Luật người khuyết tật thì người khuyết tật đang hưởng chính sách ưu đãi người có công với cách mạng, đang hưởng lương hưu, trợ cấp BHXH hàng tháng thì không được hưởng trợ cấp xã hội hàng tháng.",https://chinhsachonline.chinhphu.vn/dang-huong-luong-huu-co-duoc-tro-cap-xa-hoi-hang-thang-63020.htm,out_of_scope,,"AI hỗ trợ (Codex); chưa xác nhận bởi người. Trợ cấp người khuyết tật/bảo trợ xã hội hoặc bệnh nan y, không phải chế độ TNLĐ-BNN.",ai_assisted,proposed
163,"Bố tôi là thương binh 3/4, bệnh binh 3/3, tỷ lệ suy giảm khả năng lao động là 43%. Bố tôi được Nhà nước giao 1.100m2 đất vườn, trong đó có 200m2 đất ở nhưng chưa được hưởng chính sách giảm 80% tiền sử dụng đất. Xin hỏi, bố tôi có được cấp đất để hưởng chính sách giảm 80% tiền sử đụng đất nữa không? Nếu được thì hồ sơ để xin cấp đất như thế nào? Bố mẹ tôi có 1 mảnh đất trồng cây lâu năm, nay muốn chuyển đổi thành đất ở thì có được hưởng chính sách giảm 80% tiền sử dụng đất không?","Chi cục Thuế Khu vực Thạch Hà - Lộc Hà, tỉnh Hà Tĩnh trả lời vấn đề này như sau: Việc có được cấp đất (có được Nhà nước giao đất ở có thu tiền sử dụng đất không thông qua hình thức đấu giá quyền sử dụng đất), hồ sơ xin cấp đất như thế nào và việc có được chuyển mục đích đất cây lâu năm thành đất ở không thì đây là trách nhiệm và chuyên môn của UBND xã và Phòng Tài nguyên và Môi trường. Vì vậy, đề nghị ông Đặng Anh Tuấn liên hệ UBND xã Việt Tiến, Phòng Tài nguyên và Môi trường huyện Thạch Hà để được hướng dẫn. Trường hợp bố ông Đặng Anh Tuấn là thương binh 3/4, bệnh binh 3/3, tỷ lệ suy giảm lao động là 43%. Nếu bố ông được Nhà nước giao đất để làm nhà ở hoặc được phép chuyển mục đích sử dụng đất từ đất khác sang làm đất ở thì căn cứ các quy định sau: Khoản 2 Điều 1 Quyết định số 117/2007/QĐ-TTg ngày 25/7/2007 của Thủ tướng Chính phủ: ""- Bà mẹ Việt Nam Anh hùng; Anh hùng Lực lượng vũ trang nhân dân, Anh hùng Lao động; thương binh, người hưởng chính sách như thương binh, thương binh loại B, bệnh binh, có tỷ lệ suy giảm khả năng lao động do thương tật, bệnh tật từ 81% trở lên; thân nhân của liệt sĩ đang hưởng tiền tuất nuôi dưỡng hàng tháng được hỗ trợ toàn bộ tiền sử dụng đất. - Người hoạt động kháng chiến bị nhiễm chất độc hoá học; thương binh, người hưởng chính sách như thương binh, thương binh loại B, bệnh binh, có tỷ lệ suy giảm khả năng lao động do thương tật, bệnh tật từ 61% đến 80% được hỗ trợ 90% tiền sử dụng đất. - Thương binh, người hưởng chính sách như thương binh, th",https://chinhsachonline.chinhphu.vn/dieu-kien-ho-so-huong-chinh-sach-mien-giam-tien-su-dung-dat-60924.htm,out_of_scope,,AI hỗ trợ (Codex); chưa xác nhận bởi người. Miễn giảm tiền sử dụng đất/chuyển mục đích đất theo chính sách đất đai và người có công.,ai_assisted,proposed
164,"Bố tôi có đủ 20 năm công tác, gần 15 năm làm công việc nặng nhọc, độc hại, được tặng thưởng Huân chương kháng chiến hạng Nhất. Xin hỏi, bố tôi có được hưởng lương hưu không?","Bộ Lao động – Thương binh và Xã hội trả lời vấn đề này như sau: Theo quy định tại Điều 54 Luật BHXH thì điều kiện hưởng lương hưu là: “Người lao động quy định tại các điểm a, b, c, d, g, h và i Khoản 1 Điều 2 của Luật này, trừ trường hợp quy định tại Khoản 3 Điều này, khi nghỉ việc có đủ 20 năm đóng BHXH trở lên thì được hưởng lương hưu nếu thuộc một trong các trường hợp sau đây: a) Nam đủ 60 tuổi, nữ đủ 55 tuổi; b) Nam từ đủ 55 tuổi đến đủ 60 tuổi, nữ từ đủ 50 tuổi đến đủ 55 tuổi và có đủ 15 năm làm nghề hoặc công việc nặng nhọc, độc hại, nguy hiểm hoặc đặc biệt nặng nhọc, độc hại, nguy hiểm thuộc danh mục do Bộ Lao động - Thương binh và Xã hội, Bộ Y tế ban hành hoặc có đủ 15 năm làm việc ở nơi có phụ cấp khu vực hệ số 0,7 trở lên; c) Người lao động từ đủ 50 tuổi đến đủ 55 tuổi và có đủ 20 năm đóng BHXH trở lên mà trong đó có đủ 15 năm làm công việc khai thác than trong hầm lò; d) Người bị nhiễm HIV/AIDS do tai nạn rủi ro nghề nghiệp”. Đồng thời, theo quy định tại Điều 55 Luật BHXH thì điều kiện hưởng lương hưu khi bị suy giảm khả năng lao động là: “Người lao động quy định tại các điểm a, b, c, d, g, h và i Khoản 1 Điều 2 của Luật này khi nghỉ việc có đủ 20 năm đóng BHXH trở lên được hưởng lương hưu với mức thấp hơn so với người đủ điều kiện hưởng lương hưu quy định tại Điểm a và Điểm b Khoản 1 Điều 54 của Luật này nếu thuộc một trong các trường hợp sau đây: a) Từ ngày 1/1/2016, nam đủ 51 tuổi, nữ đủ 46 tuổi và bị suy giảm khả năng lao động từ 61% trở lên thì đủ điều kiện hư",https://chinhsachonline.chinhphu.vn/gan-15-nam-lam-nghe-nang-nhoc-doc-hai-da-du-dieu-kien-ve-huu-23331.htm,out_of_scope,,"AI hỗ trợ (Codex); chưa xác nhận bởi người. Trọng tâm là điều kiện, tuổi, mức hưởng hoặc thủ tục hưu trí/nghỉ việc theo BHXH và chính sách tinh giản; không phải chế độ TNLĐ-BNN.",ai_assisted,proposed
165,"Tôi sinh ngày 12/12/1963, đóng BHXH được 39 năm 6 tháng, đã chốt sổ BHXH. Theo biên bản giám định y khoa ngày 13/7/2020, tôi bị suy giảm khả năng lao động 66%, đủ điều kiện nghỉ hưu trước tuổi. Tuy nhiên đến ngày 12/12/2020, tôi mới tròn 57 tuổi để làm thủ tục hưởng lương hưu. Tôi xin hỏi, biên bản giám định y khoa tới ngày 12/12/2020 có còn hiệu lực không, và tỷ lệ hưởng lương hưu trước tuổi của tôi là bao nhiêu %?","BHXH TP. Đà Nẵng trả lời vấn đề này như sau: Do thông tin ông cung cấp không đầy đủ nên cơ quan BHXH đề nghị ông tham khảo quy định về mức lương hưu hàng tháng được quy định tại Điều 56; mức bình quân tiền lương tháng đóng BHXH để tính lương hưu, trợ cấp một lần được quy định tại Điều 62 Luật BHXH số 58/2014/QH13. Cụ thể như sau: “Điều 56. Mức lương hưu hằng tháng 1. Từ ngày Luật này có hiệu lực thi hành cho đến trước ngày 1/1/2018, mức lương hưu hằng tháng của người lao động đủ điều kiện quy định tại Điều 54 của Luật này được tính bằng 45% mức bình quân tiền lương tháng đóng BHXH quy định tại Điều 62 của Luật này tương ứng với 15 năm đóng BHXH, sau đó cứ thêm mỗi năm thì tính thêm 2% đối với nam và 3% đối với nữ; mức tối đa bằng 75%. 2. Từ ngày 1/1/2018, mức lương hưu hằng tháng của người lao động đủ điều kiện quy định tại Điều 54 của Luật này được tính bằng 45% mức bình quân tiền lương tháng đóng BHXH quy định tại Điều 62 của Luật này và tương ứng với số năm đóng BHXH như sau: a) Lao động nam nghỉ hưu vào năm 2018 là 16 năm, năm 2019 là 17 năm, năm 2020 là 18 năm, năm 2021 là 19 năm, từ năm 2022 trở đi là 20 năm; b) Lao động nữ nghỉ hưu từ năm 2018 trở đi là 15 năm. Sau đó cứ thêm mỗi năm, người lao động quy định tại Điểm a và Điểm b Khoản này được tính thêm 2%; mức tối đa bằng 75%. 3. Mức lương hưu hằng tháng của người lao động đủ điều kiện quy định tại Điều 55 của Luật này được tính như quy định tại Khoản 1 và Khoản 2 Điều này, sau đó cứ mỗi năm nghỉ hưu trước tuổi quy đị",https://chinhsachonline.chinhphu.vn/muc-luong-khi-nghi-huu-truoc-tuoi-nam-2020-la-bao-nhieu-23056.htm,out_of_scope,,"AI hỗ trợ (Codex); chưa xác nhận bởi người. Trọng tâm là điều kiện, tuổi, mức hưởng hoặc thủ tục hưu trí/nghỉ việc theo BHXH và chính sách tinh giản; không phải chế độ TNLĐ-BNN.",ai_assisted,proposed
166,"Tôi có quyết định nghỉ việc từ ngày 1/6/2020 do suy giảm khả năng lao động trên 61%. Ngày 4/6/2020 tôi nộp hồ sơ cho BHXH huyện để làm chế độ thì được yêu cầu phải có giấy xác nhận của nhà trường lý do nộp hồ sơ muộn. Ngày 20/6/2020, tôi đi khám bệnh tiểu đường theo định kỳ và phải chi trả tiền khám bệnh do thẻ BHYT đã bị khóa. Theo trả lời của BHXH huyện, tôi sẽ được cấp lại thẻ BHYT khi có sổ hưu. Vậy, thời gian tôi nộp hồ sơ như nêu trên có bị muộn không? Trong thời gian chưa được cấp lại BHYT tôi có được chi trả tiền khám, chữa bệnh không? Nếu có thì cơ quan nào chi trả?","BHXH Việt Nam trả lời vấn đề này như sau: Luật BHXH và Thông tư số 59/2015/TT-BLĐTBXH ngày 29/12/2015 của Bộ Lao động-Thương binh và Xã hội quy định về thời điểm hưởng lương hưu như sau: Khoản 1 Điều 59 Luật BHXH: Người lao động đang đóng BHXH bắt buộc thì thời điểm hưởng lương hưu là thời điểm ghi trong quyết định nghỉ việc do người sử dụng lao động lập khi người lao động đủ điều kiện hưởng lương hưu theo quy định của pháp luật. Khoản 3 Điều 59 Luật BHXH: Người đang bảo lưu thời gian đóng BHXH thì thời điểm hưởng lương hưu là thời điểm ghi trong văn bản đề nghị của người lao động đã đủ điều kiện hưởng lương hưu theo quy định. Khoản 3 Điều 18 Thông tư số 59/2015/TT-BLĐTBXH: Thời điểm đủ điều kiện hưởng lương hưu khi suy giảm khả năng lao động đối với người có đủ điều kiện về tuổi đời và thời gian đóng BHXH được tính từ ngày 1 tháng liền kề sau tháng có kết luận bị suy giảm khả năng lao động. Trường hợp người lao động hoặc người sử dụng lao động nộp hồ sơ chậm so với quy định (trong thời hạn 30 ngày tính đến thời điểm người lao động được hưởng lương hưu) thì phải có văn bản giải trình nêu rõ lý do. Do bà Thanh không cung cấp thông tin về thời điểm Hội đồng Giám định y khoa kết luận tỷ lệ suy giảm khả năng lao động trên 61% nên BHXH Việt Nam chưa đủ căn cứ để trả lời về thời điểm hưởng lương hưu đối với bà (trong đó có nội dung về thời hạn nộp hồ sơ đề nghị giải quyết hưởng lương hưu). BHXH Việt Nam cung cấp nội dung quy định về thời hạn nộp hồ sơ, thời điểm hưởng lương hưu để ",https://chinhsachonline.chinhphu.vn/thoi-diem-huong-bhyt-doi-voi-nguoi-ve-huu-22993.htm,out_of_scope,,"AI hỗ trợ (Codex); chưa xác nhận bởi người. Trọng tâm là điều kiện, tuổi, mức hưởng hoặc thủ tục hưu trí/nghỉ việc theo BHXH và chính sách tinh giản; không phải chế độ TNLĐ-BNN.",ai_assisted,proposed
167,"Lao động có đủ 15 năm làm nghề hoặc công việc nặng nhọc, độc hại, nguy hiểm; đóng đủ 20 năm BHXH trở lên thì có bắt buộc nghỉ hưu khi nam từ đủ 55 tuổi nữ từ đủ 50 tuổi không? Thời gian đi học dài hạn ở ngoài công ty có được tính là thời gian làm việc hưởng lương đặc biệt độc hại liên tục không?","Bộ Lao động – Thương binh và Xã hội trả lời vấn đề này như sau: Tại Điểm b, Khoản 2, Điều 54 Luật BHXH quy định: Người lao động quy định tại Điểm đ và Điểm e, Khoản 1, Điều 2 của Luật BHXH 2014 nghỉ việc được hưởng lương hưu khi có đủ 20 năm đóng BHXH trở lên, nam từ đủ 50 tuổi đến đủ 55 tuổi, nữ từ đủ 45 tuổi đến đủ 50 tuổi và có đủ 15 năm làm nghề hoặc công việc nặng nhọc, độc hại, nguy hiểm hoặc đặc biệt nặng nhọc, độc hại, nguy hiểm thuộc danh mục do Bộ Lao động - Thương binh và Xã hội, Bộ Y tế ban hành hoặc có đủ 15 năm làm việc ở nơi có phụ cấp khu vực hệ số 0,7 trở lên. Tại Khoản 1, Điều 55 Luật BHXH quy định: Người lao động quy định tại các Điểm a, b, c, d, g, h và I, Khoản 1, Điều 2 của Luật BHXH 2014 khi nghỉ việc có đủ 20 năm đóng BHXH trở lên được hưởng lương hưu với mức thấp hơn nếu thuộc trường hợp bị suy giảm khả năng lao động từ 61% trở lên và có đủ 15 năm trở lên làm nghề hoặc công việc đặc biệt nặng nhọc, độc hại, nguy hiểm thuộc danh mục do Bộ Lao động - Thương binh và Xã hội, Bộ Y tế ban hành. Khoản 2, Điều 55 Luật BHXH quy định: Người lao động quy định tại Điểm đ và Điểm e, Khoản 1, Điều 2 của Luật BHXH khi nghỉ việc có đủ 20 năm đóng BHXH trở lên, bị suy giảm khả năng lao động từ 61% trở lên được hưởng lương hưu với mức thấp hơn nếu thuộc trường hợp có đủ 15 năm trở lên làm nghề hoặc công việc đặc biệt nặng nhọc, độc hại, nguy hiểm thuộc danh mục do Bộ Lao động - Thương binh và Xã hội, Bộ Y tế ban hành. Theo các quy định nêu trên, người lao động có đủ 15",https://chinhsachonline.chinhphu.vn/tuy-muc-suy-giam-kha-nang-lao-dong-co-the-nghi-huu-som-hon-22638.htm,out_of_scope,,"AI hỗ trợ (Codex); chưa xác nhận bởi người. Trọng tâm là điều kiện, tuổi, mức hưởng hoặc thủ tục hưu trí/nghỉ việc theo BHXH và chính sách tinh giản; không phải chế độ TNLĐ-BNN.",ai_assisted,proposed
168,"Tôi sinh năm 1994, tốt nghiệp đại học 2 năm, đang trong độ tuổi đi nghĩa vụ quân sự. Bố tôi là bệnh binh suy giảm khả năng lao động 61%. Căn cứ Điểm c, Khoản 1, Điều 41 Luật Nghĩa vụ quân sự năm 2015 thì gia đình tôi được hoãn tham gia nghĩa vụ quân sự đối với một người con trai. Gia đình tôi có 2 anh em trai, anh trai sinh năm 1982, trước đó có đi học đại học nên được hoãn, sau đó không có giấy gọi đi khám nghĩa vụ quân sự. Đến nay, anh của tôi đã qua độ tuổi tham gia nghĩa vụ quân sự. Tôi đã làm đơn xin hoãn nghĩa vụ quân sự gửi Ban chỉ huy quân sự xã thì không được duyệt và tôi được yêu cầu tham gia các đợt xét tuyển. Theo trả lời của Ban chỉ huy quân sự xã, con bệnh binh suy giảm khả năng lao động 61% chỉ được hoãn nghĩa vụ quân sự khi chỉ có con trai duy nhất. Xin hỏi, Ban chỉ huy quân sự xã trả lời như vậy có đúng không? Căn cứ Điểm c, Khoản 1, Điều 41 Luật Nghĩa vụ quân sự năm 2015 tôi có được hoãn đi nghĩa vụ quân sự trong thời bình hay không?","Cục Quân lực, Bộ Tổng tham mưu trả lời vấn đề này như sau: Anh trai của ông Hùng sinh năm 1982, đủ tuổi nhập ngũ năm 2000, hết tuổi nhập ngũ năm 2007. Trong thời gian đó, anh trai ông Hùng theo học đại học được tạm hoãn gọi nhập ngũ theo quy định tại Điểm e, Khoản 1, Điều 29 Luật Nghĩa vụ quân sự năm 1981, sửa đổi, bổ sung năm 1990, năm 1994 và năm 2005. Sau khi tốt nghiệp, anh trai ông Hùng không được gọi nhập ngũ đến hết 25 tuổi (hết độ tuổi gọi nhập ngũ). Ông Hùng sinh năm 1994, đủ tuổi gọi nhập ngũ năm 2012, trong thời gian đó ông theo học đại học, được tạm hoãn gọi nhập ngũ theo quy định tại Điểm e Khoản 1 Điều 29 Luật Nghĩa vụ quân sự năm 1981, sửa đổi, bổ sung năm 1990, năm 1994 và năm 2005 cho đến thời điểm ngày 1/1/2016. Luật Nghĩa vụ quân sự năm 2015 có hiệu lực thi hành, ông Hùng tiếp tục được tạm hoãn gọi nhập ngũ cho đến nay theo quy định tại Điểm c Khoản 1 Điều 41 Luật Nghĩa vụ quân sự năm 2015 : “Một con của bệnh binh, người nhiễm chất độc da cam suy giảm khả năng lao động từ 61% đến 80%”.",https://chinhsachonline.chinhphu.vn/con-benh-binh-duoc-tam-hoan-nghia-vu-quan-su-22085.htm,out_of_scope,,"AI hỗ trợ (Codex); chưa xác nhận bởi người. Tạm hoãn nghĩa vụ quân sự theo Luật Nghĩa vụ quân sự, không thuộc luật ATVSLĐ.",ai_assisted,proposed
169,"Bố của tôi sinh tháng 2/1966, đóng BHXH được 27 năm 5 tháng, trong đó có 16 năm đóng BHXH ở vị trí công việc nặng nhọc, độc hại, nguy hiểm. Do sức khoẻ yếu, bị suy giảm khả năng lao động 61% nên bố của tôi muốn nghỉ hưu trước tuổi, dự kiến vào tháng 12/2019. Vậy, theo quy định cũ và mới thì cách tính làm tròn tuổi khi nghỉ hưu và làm tròn tháng lẻ tham gia BHXH như thế nào?","Sở Lao động - Thương binh và Xã hội tỉnh Quảng Ninh trả lời vấn đề này như sau: Theo quy định cũ, tại Điểm b, Khoản 3, Mục IV, Thông tư 03/2007/TT-BLĐTBXH ngày 30/1/2007 của Bộ Lao động – Thương binh và Xã hội hướng dẫn thực hiện một số điều của Nghị định số 152/2006/NĐ-CP ngày 22/12/2016 của Chính phủ quy định, mỗi năm nghỉ hưu trước tuổi thì tỷ lệ hưởng lương hưu giảm đi 1%, trường hợp tuổi nghỉ hưu có tháng lẻ thì được tính tròn thêm một tuổi. Theo quy định mới, tại Khoản 3, Điều 56, Luật BHXH năm 2014 quy định, mỗi năm nghỉ hưu trước tuổi quy định thì giảm 2%, trường hợp tuổi nghỉ hưu có thời gian lẻ đến đủ 6 tháng thì mức giảm là 1%, từ trên 6 tháng thì không giảm tỷ lệ phần trăm do nghỉ hưu trước tuổi. Cách làm tròn tháng lẻ tham gia BHXH Theo quy định cũ, tại Khoản 5, Điều 28 Nghị định 152/2006/NĐ-CP ngày 22/12/2006 hướng dẫn một số điều của Luật BHXH về BHXH bắt buộc quy định, khi tính mức lương hưu hàng tháng và trợ cấp một lần khi nghỉ hưu quy định tại các Khoản 1, 2 và Khoản 4 Điều này nếu thời gian đóng BHXH có tháng lẻ dưới 3 tháng thì không tính, từ đủ 3 tháng đến đủ 6 tháng tính là nửa năm, từ trên 6 tháng đến 12 tháng tính tròn là một năm. Theo quy định mới, tại Khoản 2, Điều 17 Thông tư 59/2015/TT-BLĐTBXH ngày 29/12/2015 của Bộ Lao động – Thương binh và Xã hội hướng dẫn một số điều của Luật BHXH về BHXH bắt buộc quy định, khi tính tỷ lệ hưởng lương hưu trường hợp thời gian đóng BHXH có tháng lẻ thì từ 1 tháng đến 6 tháng được tính là nửa năm, từ 7 tháng đến 1",https://chinhsachonline.chinhphu.vn/cach-lam-tron-tuoi-khi-nghi-huu-som-22027.htm,out_of_scope,,"AI hỗ trợ (Codex); chưa xác nhận bởi người. Trọng tâm là điều kiện, tuổi, mức hưởng hoặc thủ tục hưu trí/nghỉ việc theo BHXH và chính sách tinh giản; không phải chế độ TNLĐ-BNN.",ai_assisted,proposed
170,"Công ty tôi có lao động nam sinh năm 1973, tham gia BHXH từ 12/1996 đến 7/2019, đã đóng BHXH được 22 năm 6 tháng. Vừa qua lao động này bị đột quỵ, đã đưa đi giám định tại Hội đồng giám định y khoa TPHCM, kết quả bị suy giảm khả năng lao động do bệnh tật. Tỷ lệ tổn thương cơ thể vĩnh viễn là 83%. Vậy, lao động này có đủ điều kiện hưởng lương hưu khi bị suy giảm khả năng lao động không? Hoặc có đủ điều kiện để hưởng chế độ BHXH 1 lần không?","BHXH TPHCM trả lời vấn đề này như sau: Theo quy định, lao động nam bị suy giảm khả năng lao động từ 81% trở lên thì phải đủ 50 tuổi mới đủ điều kiện giải quyết chế độ hưu trí. Người lao động của công ty ông Bình sinh năm 1973 (chưa đủ 50 tuổi) nên chưa đủ điều kiện giải quyết chế độ hưu trí theo diện suy giảm khả năng lao động từ 81% trở lên. Theo quy định bệnh được hưởng trợ cấp BHXH một lần là các bệnh có mức suy giảm khả năng lao động từ 81% trở lên và không tự kiểm soát hoặc không tự thực hiện được các hoạt động đi lại,mặc quần áo,vệ sinh cá nhân và những việc khác phục vụ nhu cầu sinh hoạt cá nhân hàng ngày mà cần có người theo dõi, trợ giúp,chăm sóc hoàn toàn. Như vậy, để được giải quyết trợ cấp BHXH một lần thì Biên bản giám định y khoa phải thể hiện tình trạng suy giảm khả năng lao động từ 81% trở lên và không tự phục vụ.",https://chinhsachonline.chinhphu.vn/bi-dot-quy-co-duoc-huong-bhxh-mot-lan-khong-22000.htm,out_of_scope,,"AI hỗ trợ (Codex); chưa xác nhận bởi người. Trọng tâm là điều kiện, tuổi, mức hưởng hoặc thủ tục hưu trí/nghỉ việc theo BHXH và chính sách tinh giản; không phải chế độ TNLĐ-BNN.",ai_assisted,proposed
171,"Điểm c, Khoản 1, Điều 9 Thông tư số 101/2018/TT-BTC ngày 14/11/2018 của Bộ Tài chính quy định quản lý và sử dụng kinh phí thực hiện chính sách ưu đãi người có công với cách mạng và người trực tiếp tham gia kháng chiến do ngành Lao động – Thương binh và Xã hội quản lý nêu: ""Hỗ trợ ăn thêm ngày lễ, tết đối với thương binh, bệnh binh, người hưởng chính sách như thương binh, thương binh loại B bị suy giảm khả năng lao động do thương tích, thương tật (tổn thương cơ thể), bệnh tật từ 81% trở lên: Mức chi 200.000 đồng/người/ngày; số ngày được hỗ trợ theo số ngày lễ, tết được cấp có thẩm quyền quyết định"". Tôi xin hỏi, vậy, người hoạt động kháng chiến bị nhiễm chất độc hóa học suy giảm khả năng lao động trên 81% có được hỗ trợ ăn thêm ngày lễ như các đối tượng nêu tại Điểm c, Khoản 1, Điều 9 trong Thông tư số 101/2018/TT-BTC không? Thông tư nêu như vậy có bỏ sót đối tượng không?","Bộ Tài chính trả lời vấn đề này như sau: Từ ngày 1/1/2009 đến 31/12/2018: Theo Công văn số 113/LĐTBXH-NCC ngày 14/1/2009 của Bộ Lao động - Thương binh và Xã hộivề việc điều chỉnh mức tiền ăn thêm ngày lễ, tết đối với thương binh, bệnh binh nặng từ 81% trở lên, trong đó hướng dẫn chế độ ăn thêm ngày lễ, tết đối với thương binh, bệnh binh, người hưởng chính sách như thương binh bị suy giảm khả năng lao động do thương tật, bệnh tật từ 81% trở lên, thương binh loại B (bao gồm cả những thương binh loại B được công nhận từ ngày 31/12/1993). Mức tiền ăn thêm các ngày lễ, tết là 80.000 đồng/ngày/người. Thời gian thực hiện từ ngày 1/1/2009. Từ ngày 1/1/2019 đến nay: Theo quy định tại Điểm c, Khoản 1, Điều 9 Thông tư số 101/2018/TT-BTC ngày 14/11/2018 của Bộ Tài chính quy định quản lý và sử dụng kinh phí thực hiện chính sách ưu đãi người có công với cách mạng và người trực tiếp tham gia kháng chiến do ngành Lao động - Thương binh và Xã hội quản lý: “Hỗ trợ ăn thêm ngày lễ, tết đối với thương binh, bệnh binh, người hưởng chính sách như thương binh, thương binh loại B bị suy giảm khả năng lao động do thương tích, thương tật (tổn thương cơ thể), bệnh tật từ 81% trở lên: Mức chi 200.000 đồng/người/ngày; số ngày được hỗ trợ theo số ngày lễ, tết được cấp có thẩm quyền quyết định”. Thời gian thực hiện từ ngày 1/1/2019 (kể từ ngày Thông tư số 101/2018/TT-BTC có hiệu lực thi hành). Như vậy, chế độ ăn thêm ngày lễ, tết được thực hiện theo quy định tại các văn bản nêu trên tùy theo từng giai đoạn",https://chinhsachonline.chinhphu.vn/thuong-binh-benh-binh-duoc-ho-tro-them-200000-dong-ngay-le-tet-21988.htm,out_of_scope,,"AI hỗ trợ (Codex); chưa xác nhận bởi người. Chính sách thương binh/người có công/chất độc hóa học, không thuộc chế độ TNLĐ-BNN trong phạm vi.",ai_assisted,proposed
172,"Tôi sinh ngày 7/12/1963, tính đến hết tháng 12/2017 tôi đã tham gia BHXH được 30 năm 2 tháng. Nếu tôi nghỉ hưu từ ngày 1/1/2018 và tỷ lệ suy giảm khả năng lao động của tôi là 62% thì tỷ lệ hưởng lương hưu của tôi là bao nhiêu? Nếu tôi có thời gian làm công việc nặng nhọc, độc hại thì tỷ lệ hưởng lương hưu của tôi là bao nhiêu?",BHXH TP Hồ Chí Minh trả lời vấn đề này như sau: Ông có 30 năm 2 tháng tỷ lệ lương hưu tương ứng 74%. Mỗi năm nghỉ hưu trước tuổi trừ 2% tỷ lệ (còn 62% lương hưu). Nếu ông có 15 làm nghề công việc nặng nhọc độc hại thì còn 72% lương hưu.,https://chinhsachonline.chinhphu.vn/che-do-huu-tri-cho-nguoi-lam-nghe-nang-nhoc-doc-hai-20572.htm,out_of_scope,,"AI hỗ trợ (Codex); chưa xác nhận bởi người. Trọng tâm là điều kiện, tuổi, mức hưởng hoặc thủ tục hưu trí/nghỉ việc theo BHXH và chính sách tinh giản; không phải chế độ TNLĐ-BNN.",ai_assisted,proposed
173,"Tôi xin hỏi, sinh viên ngành y học dự phòng thuộc trường đại học công lập, có thực hiện một số công việc trong danh mục nghề, công việc nặng nhọc, độc hại, nguy hiểm và đặc biệt nặng nhọc, độc hại, nguy hiểm theo Thông tư số 11/2020/TT-BLĐTBXH thì có thuộc đối tượng được giảm học phí không? Cụ thể, các sinh viên phải thực hiện một số công việc sau: Điều kiện lao động loại V: (8) Diệt chuột, côn trùng và vi khuẩn gây bệnh. Điều kiện lao động loại IV: (2) Trực tiếp khám, điều trị, phục vụ bệnh nhân da liễu, hoa liễu, viêm tắc mạch chi, trĩ, ngoại, tiết niệu, hậu môn nhân tạo, nội soi; (8) Điều tra côn trùng y học (bọ chét, ve, mò, mạt, muỗi truyền sốt rét, giun chỉ, sốt xuất huyết, viêm não); điều tra, giám sát và chống dịch; (13) Giữ giống, chủng vi sinh vật, ký sinh trùng; (15) Trực tiếp khám, điều trị, phục vụ bệnh nhân ở các khoa (phòng) khám bệnh, cấp cứu của bệnh viện; (22) Lấy mẫu, phân tích, đánh giá các yếu tố có hại về vệ sinh lao động, vệ sinh môi trường thuộc hệ dự phòng, vệ sinh phòng dịch.","Bộ Giáo dục và Đào tạo trả lời vấn đề này như sau: Điểm b Khoản 1 Điều 16 Nghị định số 81/2021/NĐ-CP ngày 27/8/2021 của Chính phủ quy định về cơ chế thu, quản lý học phí đối với cơ sở giáo dục thuộc hệ thống giáo dục quốc dân và chính sách miễn, giảm học phí, hỗ trợ chi phí học tập; giá dịch vụ trong lĩnh vực giáo dục, đào tạo quy định đối tượng được giảm 70% học phí gồm: ""Một số nghề học nặng nhọc, độc hại, nguy hiểm đối với giáo dục nghề nghiệp theo danh mục các nghề học nặng nhọc, độc hại, nguy hiểm do Bộ Lao động – Thương binh và Xã hội quy định"". Hiện nay, danh mục ngành, nghề học nặng nhọc, độc hại, nguy hiểm trình độ trung cấp, cao đẳng được quy định tại Thông tư số 36/2017/TT-BLĐTBXH ngày 29/12/2017 của Bộ Lao động – Thương binh và Xã hội. Sau khi rà soát, đối tượng sinh viên ngành y học dự phòng thuộc trường đại học công lập, có thực hiện một số công việc trong danh mục nghề, công việc nặng nhọc, độc hại, nguy hiểm và nghề, công việc đặc biệt nặng nhọc, độc hại, nguy hiểm, không thuộc đối tượng quy định tại Thông tư số 36/2017/TT-BLĐTBXH nêu trên, vì vậy không thuộc đối tượng được giảm học phí theo quy định tại Điểm b Khoản 1 Điều 16 Nghị định số 81/2021/NĐ-CP. Trường hợp cần thiết đề nghị sinh viên Mai Nguyễn Đạt trao đổi với Bộ Lao động – Thương binh và Xã hội để được trả lời.",https://chinhsachonline.chinhphu.vn/sinh-vien-y-hoc-du-phong-co-duoc-giam-hoc-phi-68937.htm,out_of_scope,,"AI hỗ trợ (Codex); chưa xác nhận bởi người. Hỏi học phí hoặc ưu tiên giáo dục; TNLĐ/nghề độc hại chỉ là bối cảnh, căn cứ trả lời thuộc chính sách giáo dục.",ai_assisted,proposed
174,"Tôi làm kỹ thuật viên chụp Xquang, CT Scan tại một cơ sở y tế công lập, thường xuyên tiếp xúc với bệnh nhân lây nhiễm từ nhiều bệnh khác nhau, tiếp xúc hàng ngày với bức xạ Ion (tia X). Vậy, tôi được hưởng chế độ bồi dưỡng bằng hiện vật đối với người lao động làm việc trong điều kiện có yếu tố nguy hiểm, độc hại như thế nào?","Bộ Y tế trả lời vấn đề này như sau: Căn cứ Quyết định số 915/BLĐTBXH-QĐ ngày 30/7/1996 của Bộ trưởng Bộ Lao động – Thương binh và Xã hội ban hành tạm thời danh mục nghề, công việc đặc biệt nặng nhọc, độc hại nguy hiểm và nặng nhọc, độc hại nguy hiểm, thì ngành y tế có 12 nghề, công việc đặc biệt nặng nhọc, độc hại nguy hiểm và 26 nghề, công việc nặng nhọc, độc hại nguy hiểm. Như vậy, công việc của ông Túy đang làm thuộc nhóm V (nghề, công việc đặc biệt nặng nhọc, độc hại, nguy hiểm). Theo quy định của pháp luật thì những người làm việc trong các nghề, công việc đặc biệt nặng nhọc, độc hại, nguy hiểm và nặng nhọc, độc hại, nguy hiểm được hưởng chế độ phụ cấp độc hại nguy hiểm theo hướng dẫn tại Thông tư số 07/2005/TT-BNV ngày 5/1/2005 của Bộ Nội vụ. Người lao động làm việc trong điều kiện có yếu tố nguy hiểm, độc hại, ngoài chế độ phụ cấp độc hại nguy hiểm theo hướng dẫn tại Thông tư số 07/2005/TT-BNV còn được hưởng chế độ bồi dưỡng bằng hiện vật. Điều kiện để được hưởng chế độ này, được quy định cụ thể tại khoản 1, Điều 2 Thông tư số 25/2013/TT-BLĐTBXH ngày 18/10/2013 của Bộ Lao động – Thương binh và Xã hội hướng dẫn chế độ bồi dưỡng bằng hiện vật đối với người lao động làm việc trong điều kiện có yếu tố nguy hiểm, độc hại. Đối với các cơ sở y tế, ngoài việc đo, kiểm tra môi trường lao động theo hướng dẫn tại Thông tư số 19/2011/TT-BYT ngày 6/6/2011 của Bộ Y tế hướng dẫn quản lý vệ sinh lao động, sức khỏe người lao động và bệnh nghề nghiệp, thì đơn vị của ông Túy còn phải thự",https://chinhsachonline.chinhphu.vn/muc-boi-duong-nguoi-lam-viec-trong-moi-truong-doc-hai-16918.htm,in_scope,24,"AI hỗ trợ (Codex); chưa xác nhận bởi người. Hỏi bồi dưỡng hiện vật cho kỹ thuật viên X-quang/CT; chọn Điều 24, phân loại nghề chỉ là căn cứ điều kiện.",ai_assisted,proposed
175,"Theo Luật Vệ sinh an toàn lao động có hiệu lực từ ngày 1/7/2016 thì hồ sơ giải quyết chế độ tai nạn lao động (TNLĐ) không cần nộp biên bản điều tra TNLĐ nhưng theo Quyết định 636/QĐ-BHXH của BHXH Việt Nam thì lại có biên bản. Xin hỏi, hồ sơ giải quyết TNLĐ được quy định như nào?","BHXH Việt Nam trả lời vấn đề này như sau: Theo hướng dẫn của Bộ Lao động - Thương binh và Xã hội tại Công văn số 3647/LĐTBXH-ATLĐ ngày 7/7/2016 và văn bản triển khai thực hiện của BHXH Việt Nam ngày 21/9/2016 thì đối với trường hợp bị TNLĐ điều trị xong ra viện hồ sơ đề nghị giải quyết hưởng chế độ TNLĐ không cần biên bản điều tra TNLĐ. Tuy nhiên, tại văn bản đề nghị giải quyết chế độ TNLĐ do đơn vị lập cần bổ sung tiêu thức ”Biên bản điều tra TNLĐ số … ngày … tháng … năm … của Đoàn điều tra TNLĐ cấp cơ sở (nếu do Đoàn điều tra TNLĐ cấp cơ sở thực hiện) hoặc cấp tỉnh (nếu do Đoàn điều tra TNLĐ cấp tỉnh thực hiện) hoặc cấp Trung ương (nếu do Đoàn điều tra TNLĐ cấp Trung ương thực hiện); trường hợp tai nạn giao thông được xác định là TNLĐ thì ghi thêm nội dung: (biên bản khám nghiệm hiện trường và sơ đồ hiện trường vụ tai nạn lập ngày … tháng … năm … của …)”. Như vậy, nếu bà Linh điều trị xong ra viện trước ngày 1/7/2016 thì hồ sơ vẫn phải có biên bản điều tra TNLĐ và các giấy tờ khác theo quy định tại Quyết định số 636/QĐ-BHXH ngày 22/4/2016 của BHXH Việt Nam; trường hợp bà điều trị xong ra viện từ ngày 1/7/2016 thì hồ sơ không cần biên bản điều tra TNLĐ.",https://chinhsachonline.chinhphu.vn/vi-sao-ho-so-che-do-bhxh-lai-quy-dinh-khac-nhau-18860.htm,in_scope,57,AI hỗ trợ (Codex); chưa xác nhận bởi người. Hỏi hồ sơ hưởng TNLĐ có cần biên bản điều tra; Điều 57 là Điều chuyên biệt về hồ sơ.,ai_assisted,proposed
